Year,Month,Shop,Product_Category,Qty,Amount,No.
2022.0,1.0,901 - Gikomba,Bags & Accessories,12.0,133017.24,4
2022.0,1.0,901 - Gikomba,Bath & Linens,10.0,133448.27000000002,7
2022.0,1.0,901 - Gikomba,Bulk Items,2.0,15948.279999999999,2
2022.0,1.0,901 - Gikomba,Dresses & Skirts,31.0,232241.37,19
2022.0,1.0,901 - Gikomba,Footwear,2.0,9482.76,2
2022.0,1.0,901 - Gikomba,Home Textiles,23.0,188448.29,19
2022.0,1.0,901 - Gikomba,Kids Wear,102.0,911724.1,47
2022.0,1.0,901 - Gikomba,Leather Goods,8.0,52586.2,4
2022.0,1.0,901 - Gikomba,Miscellaneous,20.0,123965.51999999999,11
2022.0,1.0,901 - Gikomba,Mixed Clothing,23.0,209913.78,6
2022.0,1.0,901 - Gikomba,Outerwear,211.0,1305431.02,39
2022.0,1.0,901 - Gikomba,Pants & Bottoms,142.0,1165948.3,76
2022.0,1.0,901 - Gikomba,Shirts & Tops,395.0,3016896.57,54
2022.0,1.0,901 - Gikomba,Sports Wear,3.0,22500.0,2
2022.0,1.0,901 - Gikomba,Underwear & Basics,1.0,7327.59,1
2022.0,1.0,901 - Gikomba,Work Wear,2.0,23706.9,2
2022.0,1.0,904 - Kericho,Bags & Accessories,13.0,115775.86,9
2022.0,1.0,904 - Kericho,Bath & Linens,5.0,64913.79,4
2022.0,1.0,904 - Kericho,Bulk Items,23.0,29396.57,6
2022.0,1.0,904 - Kericho,Dresses & Skirts,17.0,121982.75,15
2022.0,1.0,904 - Kericho,Footwear,18.0,79741.35,12
2022.0,1.0,904 - Kericho,Home Textiles,22.0,227974.16,17
2022.0,1.0,904 - Kericho,Kids Wear,193.0,1592931.03,69
2022.0,1.0,904 - Kericho,Miscellaneous,65.0,406206.91,38
2022.0,1.0,904 - Kericho,Mixed Clothing,13.0,71120.67,8
2022.0,1.0,904 - Kericho,Outerwear,164.0,1136724.1600000001,67
2022.0,1.0,904 - Kericho,Pants & Bottoms,126.0,978232.75,82
2022.0,1.0,904 - Kericho,Shirts & Tops,131.0,1022155.19,65
2022.0,1.0,904 - Kericho,Sports Wear,4.0,30000.0,4
2022.0,1.0,904 - Kericho,Underwear & Basics,6.0,43965.53,5
2022.0,1.0,904 - Kericho,Work Wear,1.0,11637.93,1
2022.0,1.0,904.5 Meru WS,Bags & Accessories,16.0,148620.69,12
2022.0,1.0,904.5 Meru WS,Bath & Linens,16.0,194999.99,11
2022.0,1.0,904.5 Meru WS,Bulk Items,15.0,21982.77,5
2022.0,1.0,904.5 Meru WS,Dresses & Skirts,22.0,150344.81,17
2022.0,1.0,904.5 Meru WS,Footwear,6.0,25862.050000000003,4
2022.0,1.0,904.5 Meru WS,Home Textiles,27.0,196594.86,21
2022.0,1.0,904.5 Meru WS,Kids Wear,146.0,1241939.7,60
2022.0,1.0,904.5 Meru WS,Miscellaneous,40.0,243448.3,24
2022.0,1.0,904.5 Meru WS,Mixed Clothing,29.0,196034.44,19
2022.0,1.0,904.5 Meru WS,Outerwear,176.0,1223362.1199999999,70
2022.0,1.0,904.5 Meru WS,Pants & Bottoms,233.0,1797629.31,110
2022.0,1.0,904.5 Meru WS,Shirts & Tops,220.0,1738879.25,116
2022.0,1.0,904.5 Meru WS,Sports Wear,5.0,36982.76,4
2022.0,1.0,904.5 Meru WS,Work Wear,5.0,59482.76,2
2022.0,1.0,905 - Eldoret,Bags & Accessories,27.0,238275.86,16
2022.0,1.0,905 - Eldoret,Bath & Linens,6.0,78620.69,5
2022.0,1.0,905 - Eldoret,Bulk Items,41.0,40948.29,3
2022.0,1.0,905 - Eldoret,Dresses & Skirts,30.0,237672.4,23
2022.0,1.0,905 - Eldoret,Footwear,40.0,172413.76,9
2022.0,1.0,905 - Eldoret,Home Textiles,35.0,412801.76,27
2022.0,1.0,905 - Eldoret,Kids Wear,173.0,1429224.14,64
2022.0,1.0,905 - Eldoret,Miscellaneous,101.0,634655.21,41
2022.0,1.0,905 - Eldoret,Mixed Clothing,23.0,142672.38,16
2022.0,1.0,905 - Eldoret,Outerwear,166.0,1168051.74,76
2022.0,1.0,905 - Eldoret,Pants & Bottoms,149.0,1107586.2,76
2022.0,1.0,905 - Eldoret,Shirts & Tops,192.0,1525689.65,90
2022.0,1.0,905 - Eldoret,Sports Wear,6.0,45258.62,5
2022.0,1.0,905 - Eldoret,Underwear & Basics,5.0,36637.94,4
2022.0,1.0,905 - Eldoret,Work Wear,2.0,23275.86,2
2022.0,1.0,907-Kisumu WS,Bags & Accessories,12.0,105689.66,8
2022.0,1.0,907-Kisumu WS,Bath & Linens,13.0,167327.59,12
2022.0,1.0,907-Kisumu WS,Bulk Items,54.0,52155.16,8
2022.0,1.0,907-Kisumu WS,Dresses & Skirts,43.0,338965.52,37
2022.0,1.0,907-Kisumu WS,Footwear,23.0,107327.58,14
2022.0,1.0,907-Kisumu WS,Home Textiles,37.0,436551.75,27
2022.0,1.0,907-Kisumu WS,Kids Wear,225.0,1839396.54,67
2022.0,1.0,907-Kisumu WS,Miscellaneous,117.0,719568.98,40
2022.0,1.0,907-Kisumu WS,Mixed Clothing,31.0,171982.7,24
2022.0,1.0,907-Kisumu WS,Outerwear,147.0,1034913.79,60
2022.0,1.0,907-Kisumu WS,Pants & Bottoms,141.0,1069568.86,89
2022.0,1.0,907-Kisumu WS,Shirts & Tops,135.0,1075172.43,76
2022.0,1.0,907-Kisumu WS,Sports Wear,5.0,37500.0,5
2022.0,1.0,907-Kisumu WS,Underwear & Basics,4.0,29310.36,4
2022.0,1.0,907-Kisumu WS,Work Wear,2.0,23275.86,1
2022.0,1.0,913 -Kakamega WS,Bags & Accessories,20.0,163103.45,10
2022.0,1.0,913 -Kakamega WS,Bath & Linens,9.0,118706.9,7
2022.0,1.0,913 -Kakamega WS,Bulk Items,31.0,32758.62,3
2022.0,1.0,913 -Kakamega WS,Dresses & Skirts,23.0,201120.67,17
2022.0,1.0,913 -Kakamega WS,Footwear,12.0,53448.26,9
2022.0,1.0,913 -Kakamega WS,Home Textiles,14.0,166163.82,13
2022.0,1.0,913 -Kakamega WS,Kids Wear,165.0,1405948.27,62
2022.0,1.0,913 -Kakamega WS,Miscellaneous,66.0,417586.18,38
2022.0,1.0,913 -Kakamega WS,Mixed Clothing,18.0,109051.67,17
2022.0,1.0,913 -Kakamega WS,Outerwear,125.0,875387.92,61
2022.0,1.0,913 -Kakamega WS,Pants & Bottoms,127.0,990646.57,81
2022.0,1.0,913 -Kakamega WS,Shirts & Tops,144.0,1044396.55,69
2022.0,1.0,913 -Kakamega WS,Sports Wear,4.0,30000.0,3
2022.0,1.0,913 -Kakamega WS,Work Wear,2.0,23275.86,1
2022.0,1.0,99 Warehouse,Bags & Accessories,80.0,831311.21,54
2022.0,1.0,99 Warehouse,Bath & Linens,77.0,931117.21,56
2022.0,1.0,99 Warehouse,Bulk Items,187.0,258793.08000000002,23
2022.0,1.0,99 Warehouse,Dresses & Skirts,92.0,637991.34,64
2022.0,1.0,99 Warehouse,Footwear,283.0,1394827.58,11
2022.0,1.0,99 Warehouse,Home Textiles,86.0,683183.62,44
2022.0,1.0,99 Warehouse,Kids Wear,477.0,4139868.27,165
2022.0,1.0,99 Warehouse,Leather Goods,45.0,259939.65000000002,3
2022.0,1.0,99 Warehouse,Miscellaneous,135.0,882887.9400000001,27
2022.0,1.0,99 Warehouse,Mixed Clothing,93.0,769806.04,34
2022.0,1.0,99 Warehouse,Outerwear,441.0,2763862.11,108
2022.0,1.0,99 Warehouse,Pants & Bottoms,649.0,4982265.67,360
2022.0,1.0,99 Warehouse,Shirts & Tops,949.0,7654832.83,336
2022.0,1.0,99 Warehouse,Sports Wear,38.0,275500.0,26
2022.0,1.0,99 Warehouse,Underwear & Basics,5.0,32974.15,4
2022.0,1.0,99 Warehouse,Work Wear,16.0,175107.79,14
2022.0,2.0,901 - Gikomba,Bags & Accessories,5.0,46293.1,4
2022.0,2.0,901 - Gikomba,Bath & Linens,13.0,180603.46,9
2022.0,2.0,901 - Gikomba,Bulk Items,3.0,33620.69,2
2022.0,2.0,901 - Gikomba,Dresses & Skirts,31.0,242672.39,18
2022.0,2.0,901 - Gikomba,Footwear,5.0,21982.760000000002,2
2022.0,2.0,901 - Gikomba,Home Textiles,35.0,341120.7,21
2022.0,2.0,901 - Gikomba,Kids Wear,97.0,901724.12,48
2022.0,2.0,901 - Gikomba,Miscellaneous,12.0,73534.5,8
2022.0,2.0,901 - Gikomba,Mixed Clothing,23.0,201293.09999999998,3
2022.0,2.0,901 - Gikomba,Outerwear,145.0,958017.23,33
2022.0,2.0,901 - Gikomba,Pants & Bottoms,106.0,837586.23,48
2022.0,2.0,901 - Gikomba,Shirts & Tops,286.0,2142758.63,64
2022.0,2.0,901 - Gikomba,Sports Wear,3.0,22155.18,3
2022.0,2.0,901 - Gikomba,Underwear & Basics,1.0,7327.59,1
2022.0,2.0,901 - Gikomba,Work Wear,1.0,12500.0,1
2022.0,2.0,904 - Kericho,Bags & Accessories,5.0,44827.59,5
2022.0,2.0,904 - Kericho,Bath & Linens,9.0,106551.70999999999,7
2022.0,2.0,904 - Kericho,Bulk Items,15.0,34482.76,8
2022.0,2.0,904 - Kericho,Dresses & Skirts,9.0,66293.1,9
2022.0,2.0,904 - Kericho,Footwear,32.0,153362.05000000002,16
2022.0,2.0,904 - Kericho,Home Textiles,15.0,178577.6,14
2022.0,2.0,904 - Kericho,Kids Wear,115.0,947586.18,69
2022.0,2.0,904 - Kericho,Miscellaneous,52.0,317844.83,35
2022.0,2.0,904 - Kericho,Mixed Clothing,9.0,63362.049999999996,7
2022.0,2.0,904 - Kericho,Outerwear,62.0,432327.59,37
2022.0,2.0,904 - Kericho,Pants & Bottoms,80.0,619698.28,60
2022.0,2.0,904 - Kericho,Shirts & Tops,77.0,572844.8200000001,56
2022.0,2.0,904 - Kericho,Sports Wear,1.0,7500.0,1
2022.0,2.0,904 - Kericho,Underwear & Basics,1.0,7327.59,1
2022.0,2.0,904 - Kericho,Work Wear,1.0,11637.93,1
2022.0,2.0,904.5 Meru WS,Bags & Accessories,10.0,94482.74,9
2022.0,2.0,904.5 Meru WS,Bath & Linens,19.0,242155.16,16
2022.0,2.0,904.5 Meru WS,Bulk Items,1.0,862.07,1
2022.0,2.0,904.5 Meru WS,Dresses & Skirts,10.0,66724.13,8
2022.0,2.0,904.5 Meru WS,Footwear,6.0,25862.050000000003,5
2022.0,2.0,904.5 Meru WS,Home Textiles,36.0,304612.09,30
2022.0,2.0,904.5 Meru WS,Kids Wear,94.0,801336.21,64
2022.0,2.0,904.5 Meru WS,Miscellaneous,31.0,186637.91999999998,24
2022.0,2.0,904.5 Meru WS,Mixed Clothing,20.0,118534.44,17
2022.0,2.0,904.5 Meru WS,Outerwear,85.0,581379.35,57
2022.0,2.0,904.5 Meru WS,Pants & Bottoms,91.0,712370.67,73
2022.0,2.0,904.5 Meru WS,Shirts & Tops,111.0,813189.66,77
2022.0,2.0,904.5 Meru WS,Sports Wear,2.0,15258.619999999999,2
2022.0,2.0,904.5 Meru WS,Underwear & Basics,2.0,15086.21,2
2022.0,2.0,904.5 Meru WS,Work Wear,1.0,11637.93,1
2022.0,2.0,905 - Eldoret,Bags & Accessories,5.0,46293.1,4
2022.0,2.0,905 - Eldoret,Bath & Linens,6.0,71034.47,6
2022.0,2.0,905 - Eldoret,Bulk Items,19.0,55603.44,3
2022.0,2.0,905 - Eldoret,Dresses & Skirts,5.0,48793.1,5
2022.0,2.0,905 - Eldoret,Footwear,25.0,108189.6,15
2022.0,2.0,905 - Eldoret,Home Textiles,28.0,348793.11,17
2022.0,2.0,905 - Eldoret,Kids Wear,115.0,973534.52,54
2022.0,2.0,905 - Eldoret,Miscellaneous,91.0,563793.09,42
2022.0,2.0,905 - Eldoret,Mixed Clothing,15.0,84051.7,9
2022.0,2.0,905 - Eldoret,Outerwear,69.0,479137.92,46
2022.0,2.0,905 - Eldoret,Pants & Bottoms,101.0,742112.0800000001,56
2022.0,2.0,905 - Eldoret,Shirts & Tops,90.0,660431.06,50
2022.0,2.0,905 - Eldoret,Sports Wear,1.0,7500.0,1
2022.0,2.0,905 - Eldoret,Underwear & Basics,6.0,44827.6,5
2022.0,2.0,905 - Eldoret,Work Wear,1.0,11637.93,1
2022.0,2.0,907-Kisumu WS,Bags & Accessories,4.0,36551.72,3
2022.0,2.0,907-Kisumu WS,Bath & Linens,9.0,110689.65,8
2022.0,2.0,907-Kisumu WS,Bulk Items,15.0,23965.53,9
2022.0,2.0,907-Kisumu WS,Dresses & Skirts,20.0,160344.86000000002,20
2022.0,2.0,907-Kisumu WS,Footwear,12.0,53103.43,9
2022.0,2.0,907-Kisumu WS,Home Textiles,27.0,281767.25,20
2022.0,2.0,907-Kisumu WS,Kids Wear,131.0,1049568.92,72
2022.0,2.0,907-Kisumu WS,Miscellaneous,89.0,557155.1900000001,47
2022.0,2.0,907-Kisumu WS,Mixed Clothing,27.0,162499.93,24
2022.0,2.0,907-Kisumu WS,Outerwear,91.0,626120.68,49
2022.0,2.0,907-Kisumu WS,Pants & Bottoms,78.0,613922.41,60
2022.0,2.0,907-Kisumu WS,Shirts & Tops,85.0,626422.41,64
2022.0,2.0,907-Kisumu WS,Sports Wear,1.0,7500.0,1
2022.0,2.0,907-Kisumu WS,Underwear & Basics,5.0,36637.95,5
2022.0,2.0,907-Kisumu WS,Work Wear,3.0,35775.86,3
2022.0,2.0,913 -Kakamega WS,Bags & Accessories,5.0,44827.59,4
2022.0,2.0,913 -Kakamega WS,Bath & Linens,3.0,40775.869999999995,3
2022.0,2.0,913 -Kakamega WS,Bulk Items,13.0,38362.06,3
2022.0,2.0,913 -Kakamega WS,Dresses & Skirts,9.0,79051.72,9
2022.0,2.0,913 -Kakamega WS,Footwear,27.0,116293.08,11
2022.0,2.0,913 -Kakamega WS,Home Textiles,21.0,251637.95,16
2022.0,2.0,913 -Kakamega WS,Kids Wear,127.0,1037241.3,73
2022.0,2.0,913 -Kakamega WS,Miscellaneous,60.0,387672.41,45
2022.0,2.0,913 -Kakamega WS,Mixed Clothing,12.0,66379.29000000001,10
2022.0,2.0,913 -Kakamega WS,Outerwear,73.0,516034.52,50
2022.0,2.0,913 -Kakamega WS,Pants & Bottoms,41.0,330689.64,31
2022.0,2.0,913 -Kakamega WS,Shirts & Tops,71.0,592629.3,56
2022.0,2.0,913 -Kakamega WS,Sports Wear,1.0,7500.0,1
2022.0,2.0,913 -Kakamega WS,Work Wear,1.0,11637.93,1
2022.0,2.0,99 Warehouse,Bags & Accessories,29.0,231297.38,23
2022.0,2.0,99 Warehouse,Bath & Linens,36.0,432469.8,33
2022.0,2.0,99 Warehouse,Bulk Items,171.0,192306.06,19
2022.0,2.0,99 Warehouse,Dresses & Skirts,78.0,555086.18,58
2022.0,2.0,99 Warehouse,Footwear,337.0,1788362.0600000003,5
2022.0,2.0,99 Warehouse,Home Textiles,85.0,889844.86,47
2022.0,2.0,99 Warehouse,Kids Wear,456.0,4133375.05,160
2022.0,2.0,99 Warehouse,Miscellaneous,37.0,213362.06,4
2022.0,2.0,99 Warehouse,Mixed Clothing,22.0,209482.75,13
2022.0,2.0,99 Warehouse,Outerwear,147.0,948306.05,54
2022.0,2.0,99 Warehouse,Pants & Bottoms,453.0,3516494.17,266
2022.0,2.0,99 Warehouse,Shirts & Tops,472.0,3903249.8,226
2022.0,2.0,99 Warehouse,Sports Wear,27.0,195323.28,24
2022.0,2.0,99 Warehouse,Work Wear,12.0,138965.52000000002,7
2022.0,3.0,901 - Gikomba,Bags & Accessories,30.0,350086.21,11
2022.0,3.0,901 - Gikomba,Bath & Linens,11.0,139999.99,10
2022.0,3.0,901 - Gikomba,Bulk Items,1.0,10775.86,1
2022.0,3.0,901 - Gikomba,Dresses & Skirts,24.0,173448.25,20
2022.0,3.0,901 - Gikomba,Home Textiles,18.0,168318.98,14
2022.0,3.0,901 - Gikomba,Kids Wear,98.0,908793.1,41
2022.0,3.0,901 - Gikomba,Leather Goods,3.0,20172.420000000002,2
2022.0,3.0,901 - Gikomba,Miscellaneous,9.0,56465.53,8
2022.0,3.0,901 - Gikomba,Mixed Clothing,34.0,299137.92000000004,8
2022.0,3.0,901 - Gikomba,Outerwear,98.0,638620.6699999999,32
2022.0,3.0,901 - Gikomba,Pants & Bottoms,122.0,947931.01,62
2022.0,3.0,901 - Gikomba,Shirts & Tops,311.0,2332068.97,89
2022.0,3.0,901 - Gikomba,Sports Wear,2.0,15000.0,2
2022.0,3.0,901 - Gikomba,Work Wear,1.0,12068.97,1
2022.0,3.0,904 - Kericho,Bags & Accessories,6.0,57327.59,6
2022.0,3.0,904 - Kericho,Bath & Linens,3.0,39310.34,2
2022.0,3.0,904 - Kericho,Bulk Items,1.0,862.07,1
2022.0,3.0,904 - Kericho,Dresses & Skirts,17.0,128017.24,14
2022.0,3.0,904 - Kericho,Footwear,10.0,44827.58,7
2022.0,3.0,904 - Kericho,Home Textiles,16.0,141810.37,16
2022.0,3.0,904 - Kericho,Kids Wear,144.0,1247500.06,85
2022.0,3.0,904 - Kericho,Miscellaneous,46.0,281982.75,29
2022.0,3.0,904 - Kericho,Mixed Clothing,13.0,85344.81,10
2022.0,3.0,904 - Kericho,Outerwear,118.0,824137.92,49
2022.0,3.0,904 - Kericho,Pants & Bottoms,115.0,881810.37,79
2022.0,3.0,904 - Kericho,Shirts & Tops,123.0,933793.09,81
2022.0,3.0,904 - Kericho,Sports Wear,5.0,37500.0,5
2022.0,3.0,904 - Kericho,Underwear & Basics,1.0,7327.59,1
2022.0,3.0,904 - Kericho,Work Wear,1.0,12068.97,1
2022.0,3.0,904.5 Meru WS,Bags & Accessories,11.0,88706.91,10
2022.0,3.0,904.5 Meru WS,Bath & Linens,14.0,168362.05,12
2022.0,3.0,904.5 Meru WS,Dresses & Skirts,14.0,121637.92,12
2022.0,3.0,904.5 Meru WS,Footwear,3.0,13793.1,3
2022.0,3.0,904.5 Meru WS,Home Textiles,58.0,447844.88,48
2022.0,3.0,904.5 Meru WS,Kids Wear,128.0,1135689.68,95
2022.0,3.0,904.5 Meru WS,Miscellaneous,33.0,201896.59,28
2022.0,3.0,904.5 Meru WS,Mixed Clothing,34.0,247844.78999999998,22
2022.0,3.0,904.5 Meru WS,Outerwear,139.0,970603.45,74
2022.0,3.0,904.5 Meru WS,Pants & Bottoms,141.0,1109137.91,102
2022.0,3.0,904.5 Meru WS,Shirts & Tops,165.0,1300129.31,107
2022.0,3.0,904.5 Meru WS,Sports Wear,4.0,30000.0,3
2022.0,3.0,904.5 Meru WS,Work Wear,1.0,12068.97,1
2022.0,3.0,905 - Eldoret,Bags & Accessories,8.0,71206.9,7
2022.0,3.0,905 - Eldoret,Bath & Linens,2.0,27413.8,2
2022.0,3.0,905 - Eldoret,Bulk Items,11.0,6637.93,1
2022.0,3.0,905 - Eldoret,Dresses & Skirts,13.0,108620.68,13
2022.0,3.0,905 - Eldoret,Footwear,4.0,18534.48,4
2022.0,3.0,905 - Eldoret,Home Textiles,27.0,393620.7,21
2022.0,3.0,905 - Eldoret,Kids Wear,151.0,1292413.87,99
2022.0,3.0,905 - Eldoret,Miscellaneous,111.0,641379.31,46
2022.0,3.0,905 - Eldoret,Mixed Clothing,30.0,182758.56,22
2022.0,3.0,905 - Eldoret,Outerwear,137.0,939965.52,60
2022.0,3.0,905 - Eldoret,Pants & Bottoms,139.0,1051724.18,98
2022.0,3.0,905 - Eldoret,Shirts & Tops,162.0,1167370.7,98
2022.0,3.0,905 - Eldoret,Sports Wear,3.0,22500.0,2
2022.0,3.0,905 - Eldoret,Underwear & Basics,1.0,7327.59,1
2022.0,3.0,905 - Eldoret,Work Wear,2.0,22413.79,2
2022.0,3.0,907-Kisumu WS,Bags & Accessories,12.0,105603.45,12
2022.0,3.0,907-Kisumu WS,Bath & Linens,11.0,139137.93,10
2022.0,3.0,907-Kisumu WS,Bulk Items,10.0,7672.41,4
2022.0,3.0,907-Kisumu WS,Dresses & Skirts,34.0,285517.19,30
2022.0,3.0,907-Kisumu WS,Footwear,11.0,49568.95,8
2022.0,3.0,907-Kisumu WS,Home Textiles,39.0,452844.88,29
2022.0,3.0,907-Kisumu WS,Kids Wear,165.0,1445344.8,81
2022.0,3.0,907-Kisumu WS,Miscellaneous,111.0,687069.03,60
2022.0,3.0,907-Kisumu WS,Mixed Clothing,21.0,152068.91999999998,18
2022.0,3.0,907-Kisumu WS,Outerwear,97.0,685086.2,55
2022.0,3.0,907-Kisumu WS,Pants & Bottoms,149.0,1146250.02,106
2022.0,3.0,907-Kisumu WS,Shirts & Tops,131.0,964051.73,98
2022.0,3.0,907-Kisumu WS,Sports Wear,4.0,30689.66,4
2022.0,3.0,907-Kisumu WS,Underwear & Basics,2.0,14655.18,2
2022.0,3.0,907-Kisumu WS,Work Wear,1.0,12068.97,1
2022.0,3.0,913 -Kakamega WS,Bags & Accessories,8.0,63620.7,8
2022.0,3.0,913 -Kakamega WS,Bath & Linens,5.0,64568.97,5
2022.0,3.0,913 -Kakamega WS,Bulk Items,6.0,3620.69,1
2022.0,3.0,913 -Kakamega WS,Dresses & Skirts,17.0,186810.33,15
2022.0,3.0,913 -Kakamega WS,Footwear,5.0,22844.82,4
2022.0,3.0,913 -Kakamega WS,Home Textiles,20.0,164569.0,18
2022.0,3.0,913 -Kakamega WS,Kids Wear,169.0,1468793.11,102
2022.0,3.0,913 -Kakamega WS,Miscellaneous,69.0,440086.23,40
2022.0,3.0,913 -Kakamega WS,Mixed Clothing,19.0,145258.59,17
2022.0,3.0,913 -Kakamega WS,Outerwear,102.0,716034.5,48
2022.0,3.0,913 -Kakamega WS,Pants & Bottoms,85.0,672887.99,64
2022.0,3.0,913 -Kakamega WS,Shirts & Tops,125.0,972844.76,90
2022.0,3.0,913 -Kakamega WS,Sports Wear,4.0,30000.0,4
2022.0,3.0,913 -Kakamega WS,Work Wear,3.0,32758.629999999997,2
2022.0,3.0,99 Warehouse,Bags & Accessories,12.0,116077.59,9
2022.0,3.0,99 Warehouse,Bath & Linens,33.0,397400.8,31
2022.0,3.0,99 Warehouse,Bulk Items,428.0,288965.52,29
2022.0,3.0,99 Warehouse,Dresses & Skirts,65.0,468637.96,41
2022.0,3.0,99 Warehouse,Footwear,451.0,3147413.79,5
2022.0,3.0,99 Warehouse,Home Textiles,78.0,632416.35,37
2022.0,3.0,99 Warehouse,Kids Wear,276.0,2524107.79,124
2022.0,3.0,99 Warehouse,Leather Goods,36.0,205137.93,2
2022.0,3.0,99 Warehouse,Miscellaneous,24.0,136400.85,12
2022.0,3.0,99 Warehouse,Mixed Clothing,80.0,671077.59,26
2022.0,3.0,99 Warehouse,Outerwear,157.0,985241.4,37
2022.0,3.0,99 Warehouse,Pants & Bottoms,303.0,2353672.5,185
2022.0,3.0,99 Warehouse,Shirts & Tops,519.0,4042258.66,243
2022.0,3.0,99 Warehouse,Sports Wear,11.0,78375.0,9
2022.0,3.0,99 Warehouse,Underwear & Basics,1.0,6961.21,1
2022.0,3.0,99 Warehouse,Work Wear,2.0,22931.03,1
2022.0,4.0,901 - Gikomba,Bags & Accessories,62.0,573965.52,23
2022.0,4.0,901 - Gikomba,Bath & Linens,22.0,297586.21,15
2022.0,4.0,901 - Gikomba,Bulk Items,8.0,62500.0,3
2022.0,4.0,901 - Gikomba,Dresses & Skirts,24.0,187758.63,13
2022.0,4.0,901 - Gikomba,Footwear,4.0,17672.41,2
2022.0,4.0,901 - Gikomba,Home Textiles,24.0,225000.04,20
2022.0,4.0,901 - Gikomba,Kids Wear,106.0,955948.34,42
2022.0,4.0,901 - Gikomba,Leather Goods,12.0,73275.86,4
2022.0,4.0,901 - Gikomba,Miscellaneous,13.0,104310.33,9
2022.0,4.0,901 - Gikomba,Mixed Clothing,18.0,145258.62,10
2022.0,4.0,901 - Gikomba,Outerwear,230.0,1521120.71,64
2022.0,4.0,901 - Gikomba,Pants & Bottoms,247.0,1853405.1300000001,90
2022.0,4.0,901 - Gikomba,Shirts & Tops,636.0,4656206.87,102
2022.0,4.0,901 - Gikomba,Sports Wear,5.0,39396.56,4
2022.0,4.0,901 - Gikomba,Work Wear,4.0,47844.84,4
2022.0,4.0,904 - Kericho,Bags & Accessories,14.0,102758.63,11
2022.0,4.0,904 - Kericho,Bath & Linens,6.0,75000.0,6
2022.0,4.0,904 - Kericho,Bulk Items,6.0,27155.18,4
2022.0,4.0,904 - Kericho,Dresses & Skirts,16.0,118879.29000000001,15
2022.0,4.0,904 - Kericho,Footwear,31.0,137068.94,17
2022.0,4.0,904 - Kericho,Home Textiles,24.0,246637.94,21
2022.0,4.0,904 - Kericho,Kids Wear,154.0,1302155.24,92
2022.0,4.0,904 - Kericho,Miscellaneous,72.0,439396.62,52
2022.0,4.0,904 - Kericho,Mixed Clothing,8.0,73275.86,7
2022.0,4.0,904 - Kericho,Outerwear,135.0,940344.85,66
2022.0,4.0,904 - Kericho,Pants & Bottoms,123.0,947629.29,89
2022.0,4.0,904 - Kericho,Shirts & Tops,142.0,1114568.95,85
2022.0,4.0,904 - Kericho,Sports Wear,5.0,37500.0,3
2022.0,4.0,904 - Kericho,Underwear & Basics,4.0,29310.35,3
2022.0,4.0,904 - Kericho,Work Wear,4.0,47413.8,4
2022.0,4.0,904.5 Meru WS,Bags & Accessories,22.0,194482.77000000002,18
2022.0,4.0,904.5 Meru WS,Bath & Linens,26.0,314741.36,19
2022.0,4.0,904.5 Meru WS,Bulk Items,27.0,64051.729999999996,6
2022.0,4.0,904.5 Meru WS,Dresses & Skirts,24.0,187068.96,20
2022.0,4.0,904.5 Meru WS,Footwear,18.0,79051.7,12
2022.0,4.0,904.5 Meru WS,Home Textiles,54.0,402672.41000000003,31
2022.0,4.0,904.5 Meru WS,Kids Wear,200.0,1684655.26,108
2022.0,4.0,904.5 Meru WS,Miscellaneous,62.0,355043.11,42
2022.0,4.0,904.5 Meru WS,Mixed Clothing,17.0,117241.35,15
2022.0,4.0,904.5 Meru WS,Outerwear,230.0,1584741.4000000001,106
2022.0,4.0,904.5 Meru WS,Pants & Bottoms,194.0,1539698.3,126
2022.0,4.0,904.5 Meru WS,Shirts & Tops,264.0,2043793.11,141
2022.0,4.0,904.5 Meru WS,Sports Wear,4.0,30517.239999999998,4
2022.0,4.0,904.5 Meru WS,Underwear & Basics,3.0,22844.83,2
2022.0,4.0,904.5 Meru WS,Work Wear,6.0,70689.66,5
2022.0,4.0,905 - Eldoret,Bags & Accessories,21.0,173965.52,13
2022.0,4.0,905 - Eldoret,Bath & Linens,7.0,87508.62,7
2022.0,4.0,905 - Eldoret,Bulk Items,39.0,72500.0,7
2022.0,4.0,905 - Eldoret,Dresses & Skirts,19.0,179482.75,16
2022.0,4.0,905 - Eldoret,Footwear,55.0,246982.71000000002,22
2022.0,4.0,905 - Eldoret,Home Textiles,43.0,566422.42,29
2022.0,4.0,905 - Eldoret,Kids Wear,188.0,1592069.02,70
2022.0,4.0,905 - Eldoret,Miscellaneous,175.0,1093620.77,72
2022.0,4.0,905 - Eldoret,Mixed Clothing,28.0,136206.88,13
2022.0,4.0,905 - Eldoret,Outerwear,233.0,1541896.54,90
2022.0,4.0,905 - Eldoret,Pants & Bottoms,150.0,1122629.32,81
2022.0,4.0,905 - Eldoret,Shirts & Tops,255.0,1988620.67,97
2022.0,4.0,905 - Eldoret,Sports Wear,5.0,37758.62,4
2022.0,4.0,905 - Eldoret,Uncategorized,0.0,0.0,1
2022.0,4.0,905 - Eldoret,Underwear & Basics,7.0,53017.25,6
2022.0,4.0,905 - Eldoret,Work Wear,2.0,23706.9,2
2022.0,4.0,907-Kisumu WS,Bags & Accessories,30.0,187413.78999999998,12
2022.0,4.0,907-Kisumu WS,Bath & Linens,14.0,180086.22999999998,14
2022.0,4.0,907-Kisumu WS,Bulk Items,33.0,54741.41,17
2022.0,4.0,907-Kisumu WS,Dresses & Skirts,42.0,328017.27,39
2022.0,4.0,907-Kisumu WS,Footwear,34.0,157327.57,24
2022.0,4.0,907-Kisumu WS,Home Textiles,55.0,580086.26,43
2022.0,4.0,907-Kisumu WS,Kids Wear,231.0,1897586.28,114
2022.0,4.0,907-Kisumu WS,Miscellaneous,199.0,1250258.65,105
2022.0,4.0,907-Kisumu WS,Mixed Clothing,45.0,263793.03,29
2022.0,4.0,907-Kisumu WS,Outerwear,140.0,969741.39,79
2022.0,4.0,907-Kisumu WS,Pants & Bottoms,144.0,1126034.48,114
2022.0,4.0,907-Kisumu WS,Shirts & Tops,151.0,1148431.02,105
2022.0,4.0,907-Kisumu WS,Sports Wear,7.0,52413.8,6
2022.0,4.0,907-Kisumu WS,Underwear & Basics,2.0,14655.18,2
2022.0,4.0,907-Kisumu WS,Work Wear,6.0,71120.7,5
2022.0,4.0,913 -Kakamega WS,Bags & Accessories,24.0,190603.45,13
2022.0,4.0,913 -Kakamega WS,Bath & Linens,3.0,40086.21,2
2022.0,4.0,913 -Kakamega WS,Bulk Items,28.0,46120.69,4
2022.0,4.0,913 -Kakamega WS,Dresses & Skirts,25.0,266120.67,19
2022.0,4.0,913 -Kakamega WS,Footwear,18.0,79741.37000000001,10
2022.0,4.0,913 -Kakamega WS,Home Textiles,16.0,135474.16,15
2022.0,4.0,913 -Kakamega WS,Kids Wear,202.0,1673534.46,84
2022.0,4.0,913 -Kakamega WS,Miscellaneous,115.0,705000.03,62
2022.0,4.0,913 -Kakamega WS,Mixed Clothing,24.0,128017.19,17
2022.0,4.0,913 -Kakamega WS,Outerwear,119.0,818189.63,65
2022.0,4.0,913 -Kakamega WS,Pants & Bottoms,111.0,868189.67,71
2022.0,4.0,913 -Kakamega WS,Shirts & Tops,153.0,1164482.78,78
2022.0,4.0,913 -Kakamega WS,Sports Wear,6.0,45258.62,3
2022.0,4.0,913 -Kakamega WS,Underwear & Basics,1.0,7327.59,1
2022.0,4.0,913 -Kakamega WS,Work Wear,6.0,65775.87,5
2022.0,4.0,99 Warehouse,Bags & Accessories,140.0,1331357.66,84
2022.0,4.0,99 Warehouse,Bath & Linens,106.0,1316792.99,69
2022.0,4.0,99 Warehouse,Bulk Items,368.0,551788.75,37
2022.0,4.0,99 Warehouse,Dresses & Skirts,83.0,600461.2,55
2022.0,4.0,99 Warehouse,Footwear,763.0,5006551.7,15
2022.0,4.0,99 Warehouse,Home Textiles,219.0,2236187.96,108
2022.0,4.0,99 Warehouse,Kids Wear,657.0,5962691.43,219
2022.0,4.0,99 Warehouse,Leather Goods,75.0,480732.75,7
2022.0,4.0,99 Warehouse,Miscellaneous,424.0,2800194.0,39
2022.0,4.0,99 Warehouse,Mixed Clothing,185.0,1578211.26,65
2022.0,4.0,99 Warehouse,Outerwear,319.0,2049633.54,81
2022.0,4.0,99 Warehouse,Pants & Bottoms,779.0,6249287.21,400
2022.0,4.0,99 Warehouse,Shirts & Tops,1261.0,10352452.46,385
2022.0,4.0,99 Warehouse,Sports Wear,24.0,171900.86,17
2022.0,4.0,99 Warehouse,Underwear & Basics,1.0,6961.21,1
2022.0,4.0,99 Warehouse,Work Wear,61.0,700905.16,29
2022.0,5.0,901 - Gikomba,Bags & Accessories,32.0,349396.56,12
2022.0,5.0,901 - Gikomba,Bath & Linens,11.0,142672.41999999998,8
2022.0,5.0,901 - Gikomba,Bulk Items,9.0,98362.06,4
2022.0,5.0,901 - Gikomba,Dresses & Skirts,17.0,130775.87,14
2022.0,5.0,901 - Gikomba,Footwear,6.0,26293.100000000002,2
2022.0,5.0,901 - Gikomba,Home Textiles,22.0,163922.41,15
2022.0,5.0,901 - Gikomba,Kids Wear,38.0,382068.98,21
2022.0,5.0,901 - Gikomba,Leather Goods,2.0,13793.1,1
2022.0,5.0,901 - Gikomba,Miscellaneous,12.0,75431.05,7
2022.0,5.0,901 - Gikomba,Mixed Clothing,24.0,237499.99000000002,8
2022.0,5.0,901 - Gikomba,Outerwear,154.0,1028706.88,32
2022.0,5.0,901 - Gikomba,Pants & Bottoms,105.0,834655.23,55
2022.0,5.0,901 - Gikomba,Shirts & Tops,229.0,1716551.74,58
2022.0,5.0,901 - Gikomba,Sports Wear,3.0,22758.62,3
2022.0,5.0,901 - Gikomba,Work Wear,4.0,48275.88,4
2022.0,5.0,904 - Kericho,Bags & Accessories,4.0,41379.31,4
2022.0,5.0,904 - Kericho,Bath & Linens,9.0,110344.81999999999,7
2022.0,5.0,904 - Kericho,Bulk Items,21.0,81982.75,9
2022.0,5.0,904 - Kericho,Dresses & Skirts,9.0,72758.63,8
2022.0,5.0,904 - Kericho,Footwear,19.0,100862.05,8
2022.0,5.0,904 - Kericho,Home Textiles,14.0,116594.85,13
2022.0,5.0,904 - Kericho,Kids Wear,143.0,1149827.68,79
2022.0,5.0,904 - Kericho,Miscellaneous,47.0,286896.61,35
2022.0,5.0,904 - Kericho,Mixed Clothing,16.0,114655.14,15
2022.0,5.0,904 - Kericho,Outerwear,101.0,696724.13,52
2022.0,5.0,904 - Kericho,Pants & Bottoms,84.0,674956.92,71
2022.0,5.0,904 - Kericho,Shirts & Tops,99.0,745474.11,59
2022.0,5.0,904 - Kericho,Sports Wear,3.0,22758.62,3
2022.0,5.0,904 - Kericho,Underwear & Basics,2.0,14655.18,2
2022.0,5.0,904 - Kericho,Work Wear,2.0,24137.93,1
2022.0,5.0,904.5 Meru WS,Bags & Accessories,15.0,140086.18,12
2022.0,5.0,904.5 Meru WS,Bath & Linens,14.0,171982.75,14
2022.0,5.0,904.5 Meru WS,Bulk Items,48.0,135775.87,12
2022.0,5.0,904.5 Meru WS,Dresses & Skirts,10.0,85258.63,9
2022.0,5.0,904.5 Meru WS,Footwear,2.0,8620.68,2
2022.0,5.0,904.5 Meru WS,Home Textiles,32.0,263232.78,28
2022.0,5.0,904.5 Meru WS,Kids Wear,113.0,924353.58,80
2022.0,5.0,904.5 Meru WS,Miscellaneous,24.0,147715.52,19
2022.0,5.0,904.5 Meru WS,Mixed Clothing,34.0,200862.03,27
2022.0,5.0,904.5 Meru WS,Outerwear,137.0,968275.9,63
2022.0,5.0,904.5 Meru WS,Pants & Bottoms,138.0,1090474.18,88
2022.0,5.0,904.5 Meru WS,Shirts & Tops,131.0,1063103.41,77
2022.0,5.0,904.5 Meru WS,Sports Wear,3.0,22758.62,3
2022.0,5.0,904.5 Meru WS,Work Wear,1.0,12068.97,1
2022.0,5.0,905 - Eldoret,Bags & Accessories,11.0,100862.06,8
2022.0,5.0,905 - Eldoret,Bath & Linens,4.0,55172.41,4
2022.0,5.0,905 - Eldoret,Bulk Items,53.0,122068.93999999999,9
2022.0,5.0,905 - Eldoret,Dresses & Skirts,10.0,85258.61,8
2022.0,5.0,905 - Eldoret,Footwear,18.0,80172.39,13
2022.0,5.0,905 - Eldoret,Home Textiles,22.0,256250.01,15
2022.0,5.0,905 - Eldoret,Kids Wear,103.0,845862.1,45
2022.0,5.0,905 - Eldoret,Miscellaneous,123.0,764224.21,60
2022.0,5.0,905 - Eldoret,Mixed Clothing,38.0,223275.83000000002,23
2022.0,5.0,905 - Eldoret,Outerwear,123.0,824051.72,65
2022.0,5.0,905 - Eldoret,Pants & Bottoms,93.0,728577.62,63
2022.0,5.0,905 - Eldoret,Shirts & Tops,102.0,820775.9,59
2022.0,5.0,905 - Eldoret,Sports Wear,3.0,22758.62,3
2022.0,5.0,905 - Eldoret,Work Wear,1.0,12068.97,1
2022.0,5.0,907-Kisumu WS,Bags & Accessories,14.0,140862.05,13
2022.0,5.0,907-Kisumu WS,Bath & Linens,14.0,180603.44999999998,13
2022.0,5.0,907-Kisumu WS,Bulk Items,36.0,52844.84,11
2022.0,5.0,907-Kisumu WS,Dresses & Skirts,35.0,277629.32,30
2022.0,5.0,907-Kisumu WS,Footwear,23.0,103879.28,18
2022.0,5.0,907-Kisumu WS,Home Textiles,35.0,352327.61,27
2022.0,5.0,907-Kisumu WS,Kids Wear,213.0,1674224.21,84
2022.0,5.0,907-Kisumu WS,Miscellaneous,109.0,672844.96,80
2022.0,5.0,907-Kisumu WS,Mixed Clothing,42.0,261896.51,30
2022.0,5.0,907-Kisumu WS,Outerwear,94.0,652672.4,50
2022.0,5.0,907-Kisumu WS,Pants & Bottoms,113.0,911293.03,99
2022.0,5.0,907-Kisumu WS,Shirts & Tops,122.0,916465.46,86
2022.0,5.0,907-Kisumu WS,Sports Wear,3.0,22758.62,3
2022.0,5.0,907-Kisumu WS,Underwear & Basics,10.0,98103.45,4
2022.0,5.0,907-Kisumu WS,Work Wear,2.0,24137.93,1
2022.0,5.0,913 -Kakamega WS,Bags & Accessories,7.0,60172.42,7
2022.0,5.0,913 -Kakamega WS,Bath & Linens,5.0,65689.67,5
2022.0,5.0,913 -Kakamega WS,Bulk Items,38.0,113017.23000000001,4
2022.0,5.0,913 -Kakamega WS,Dresses & Skirts,18.0,151379.29,13
2022.0,5.0,913 -Kakamega WS,Footwear,17.0,75431.01000000001,12
2022.0,5.0,913 -Kakamega WS,Home Textiles,25.0,240129.33,23
2022.0,5.0,913 -Kakamega WS,Kids Wear,172.0,1373620.72,81
2022.0,5.0,913 -Kakamega WS,Miscellaneous,64.0,416034.52,47
2022.0,5.0,913 -Kakamega WS,Mixed Clothing,19.0,125862.04000000001,14
2022.0,5.0,913 -Kakamega WS,Outerwear,94.0,644913.78,48
2022.0,5.0,913 -Kakamega WS,Pants & Bottoms,82.0,645431.03,67
2022.0,5.0,913 -Kakamega WS,Shirts & Tops,104.0,803836.15,64
2022.0,5.0,913 -Kakamega WS,Sports Wear,3.0,22758.62,3
2022.0,5.0,913 -Kakamega WS,Underwear & Basics,1.0,7327.59,1
2022.0,5.0,913 -Kakamega WS,Work Wear,2.0,24137.93,1
2022.0,5.0,99 Warehouse,Bags & Accessories,45.0,377323.31,17
2022.0,5.0,99 Warehouse,Bath & Linens,38.0,452180.99,32
2022.0,5.0,99 Warehouse,Bulk Items,383.0,722133.61,44
2022.0,5.0,99 Warehouse,Dresses & Skirts,45.0,359962.14,42
2022.0,5.0,99 Warehouse,Footwear,209.0,1357758.6199999999,5
2022.0,5.0,99 Warehouse,Home Textiles,142.0,1359694.85,94
2022.0,5.0,99 Warehouse,Kids Wear,366.0,3095655.13,139
2022.0,5.0,99 Warehouse,Leather Goods,14.0,89431.03,1
2022.0,5.0,99 Warehouse,Miscellaneous,93.0,656991.42,16
2022.0,5.0,99 Warehouse,Mixed Clothing,82.0,726185.38,30
2022.0,5.0,99 Warehouse,Outerwear,98.0,647767.24,30
2022.0,5.0,99 Warehouse,Pants & Bottoms,259.0,2036988.02,162
2022.0,5.0,99 Warehouse,Shirts & Tops,361.0,3133200.96,178
2022.0,5.0,99 Warehouse,Sports Wear,9.0,64862.07,7
2022.0,6.0,901 - Gikomba,Bags & Accessories,27.0,316810.35000000003,12
2022.0,6.0,901 - Gikomba,Bath & Linens,17.0,232931.03,8
2022.0,6.0,901 - Gikomba,Bulk Items,4.0,24482.760000000002,2
2022.0,6.0,901 - Gikomba,Dresses & Skirts,23.0,161379.32,13
2022.0,6.0,901 - Gikomba,Footwear,1.0,4741.38,1
2022.0,6.0,901 - Gikomba,Home Textiles,20.0,199956.91999999998,13
2022.0,6.0,901 - Gikomba,Kids Wear,67.0,551379.3,33
2022.0,6.0,901 - Gikomba,Leather Goods,4.0,27586.21,1
2022.0,6.0,901 - Gikomba,Miscellaneous,3.0,16379.31,3
2022.0,6.0,901 - Gikomba,Mixed Clothing,20.0,169396.56,11
2022.0,6.0,901 - Gikomba,Outerwear,148.0,1004655.16,33
2022.0,6.0,901 - Gikomba,Pants & Bottoms,74.0,558965.5,32
2022.0,6.0,901 - Gikomba,Shirts & Tops,276.0,2011810.32,52
2022.0,6.0,901 - Gikomba,Sports Wear,2.0,15517.24,2
2022.0,6.0,901 - Gikomba,Underwear & Basics,1.0,7327.59,1
2022.0,6.0,901 - Gikomba,Work Wear,2.0,24137.93,1
2022.0,6.0,904 - Kericho,Bags & Accessories,6.0,56465.520000000004,6
2022.0,6.0,904 - Kericho,Bath & Linens,4.0,51206.899999999994,4
2022.0,6.0,904 - Kericho,Bulk Items,3.0,13362.07,2
2022.0,6.0,904 - Kericho,Dresses & Skirts,11.0,85689.67,10
2022.0,6.0,904 - Kericho,Footwear,24.0,101810.32,9
2022.0,6.0,904 - Kericho,Home Textiles,20.0,181336.22,18
2022.0,6.0,904 - Kericho,Kids Wear,126.0,985172.41,51
2022.0,6.0,904 - Kericho,Miscellaneous,60.0,363362.09,35
2022.0,6.0,904 - Kericho,Mixed Clothing,38.0,178879.26,16
2022.0,6.0,904 - Kericho,Outerwear,117.0,791810.34,46
2022.0,6.0,904 - Kericho,Pants & Bottoms,83.0,609482.75,61
2022.0,6.0,904 - Kericho,Shirts & Tops,65.0,525258.61,44
2022.0,6.0,904 - Kericho,Sports Wear,2.0,15517.24,2
2022.0,6.0,904 - Kericho,Underwear & Basics,1.0,7327.59,1
2022.0,6.0,904 - Kericho,Work Wear,3.0,36206.9,2
2022.0,6.0,904.5 Meru WS,Bags & Accessories,11.0,103189.66,7
2022.0,6.0,904.5 Meru WS,Bath & Linens,14.0,176637.91,11
2022.0,6.0,904.5 Meru WS,Bulk Items,17.0,25000.0,5
2022.0,6.0,904.5 Meru WS,Dresses & Skirts,9.0,62844.84,7
2022.0,6.0,904.5 Meru WS,Footwear,10.0,43103.43,7
2022.0,6.0,904.5 Meru WS,Home Textiles,38.0,304008.62,31
2022.0,6.0,904.5 Meru WS,Kids Wear,94.0,781810.38,54
2022.0,6.0,904.5 Meru WS,Miscellaneous,69.0,447413.84,27
2022.0,6.0,904.5 Meru WS,Mixed Clothing,38.0,223362.01,27
2022.0,6.0,904.5 Meru WS,Outerwear,112.0,767284.52,60
2022.0,6.0,904.5 Meru WS,Pants & Bottoms,132.0,1042499.97,82
2022.0,6.0,904.5 Meru WS,Shirts & Tops,123.0,900517.22,65
2022.0,6.0,904.5 Meru WS,Sports Wear,3.0,23275.86,2
2022.0,6.0,904.5 Meru WS,Underwear & Basics,1.0,7327.59,1
2022.0,6.0,904.5 Meru WS,Work Wear,8.0,96551.72,3
2022.0,6.0,905 - Eldoret,Bags & Accessories,9.0,87586.2,5
2022.0,6.0,905 - Eldoret,Bath & Linens,1.0,11896.55,1
2022.0,6.0,905 - Eldoret,Bulk Items,14.0,52586.21,2
2022.0,6.0,905 - Eldoret,Dresses & Skirts,8.0,57241.39,8
2022.0,6.0,905 - Eldoret,Footwear,30.0,131896.51,18
2022.0,6.0,905 - Eldoret,Home Textiles,14.0,186551.74,11
2022.0,6.0,905 - Eldoret,Kids Wear,125.0,940086.23,42
2022.0,6.0,905 - Eldoret,Miscellaneous,124.0,763017.32,62
2022.0,6.0,905 - Eldoret,Mixed Clothing,34.0,163362.02000000002,21
2022.0,6.0,905 - Eldoret,Outerwear,127.0,863879.29,45
2022.0,6.0,905 - Eldoret,Pants & Bottoms,66.0,507974.14,30
2022.0,6.0,905 - Eldoret,Shirts & Tops,97.0,746594.82,47
2022.0,6.0,905 - Eldoret,Sports Wear,2.0,15517.24,2
2022.0,6.0,905 - Eldoret,Underwear & Basics,1.0,7327.59,1
2022.0,6.0,905 - Eldoret,Work Wear,3.0,37068.97,2
2022.0,6.0,907-Kisumu WS,Bags & Accessories,11.0,105775.86,8
2022.0,6.0,907-Kisumu WS,Bath & Linens,18.0,230603.44,13
2022.0,6.0,907-Kisumu WS,Bulk Items,21.0,38793.11,10
2022.0,6.0,907-Kisumu WS,Dresses & Skirts,24.0,180000.01,20
2022.0,6.0,907-Kisumu WS,Footwear,18.0,81896.53,13
2022.0,6.0,907-Kisumu WS,Home Textiles,30.0,277068.98,18
2022.0,6.0,907-Kisumu WS,Kids Wear,167.0,1285517.29,65
2022.0,6.0,907-Kisumu WS,Miscellaneous,72.0,469396.61,48
2022.0,6.0,907-Kisumu WS,Mixed Clothing,35.0,159051.64,26
2022.0,6.0,907-Kisumu WS,Outerwear,110.0,764310.28,42
2022.0,6.0,907-Kisumu WS,Pants & Bottoms,79.0,616379.27,62
2022.0,6.0,907-Kisumu WS,Shirts & Tops,77.0,625689.63,46
2022.0,6.0,907-Kisumu WS,Sports Wear,3.0,23275.86,3
2022.0,6.0,907-Kisumu WS,Underwear & Basics,3.0,21982.77,3
2022.0,6.0,907-Kisumu WS,Work Wear,4.0,49137.93,3
2022.0,6.0,913 -Kakamega WS,Bags & Accessories,8.0,85775.86,5
2022.0,6.0,913 -Kakamega WS,Bath & Linens,5.0,64224.14,4
2022.0,6.0,913 -Kakamega WS,Bulk Items,28.0,52586.21,3
2022.0,6.0,913 -Kakamega WS,Dresses & Skirts,14.0,109827.58,12
2022.0,6.0,913 -Kakamega WS,Footwear,10.0,43534.46,8
2022.0,6.0,913 -Kakamega WS,Home Textiles,8.0,67887.94,7
2022.0,6.0,913 -Kakamega WS,Kids Wear,137.0,1068275.89,72
2022.0,6.0,913 -Kakamega WS,Miscellaneous,49.0,308189.67,32
2022.0,6.0,913 -Kakamega WS,Mixed Clothing,36.0,187068.93,17
2022.0,6.0,913 -Kakamega WS,Outerwear,101.0,697758.61,47
2022.0,6.0,913 -Kakamega WS,Pants & Bottoms,70.0,540818.95,48
2022.0,6.0,913 -Kakamega WS,Shirts & Tops,77.0,626206.87,51
2022.0,6.0,913 -Kakamega WS,Sports Wear,2.0,15517.24,2
2022.0,6.0,913 -Kakamega WS,Underwear & Basics,3.0,21982.77,3
2022.0,6.0,913 -Kakamega WS,Work Wear,2.0,24568.97,2
2022.0,6.0,99 Warehouse,Bags & Accessories,87.0,799861.98,51
2022.0,6.0,99 Warehouse,Bath & Linens,48.0,583219.78,25
2022.0,6.0,99 Warehouse,Bulk Items,338.0,351120.69,25
2022.0,6.0,99 Warehouse,Dresses & Skirts,19.0,168366.4,16
2022.0,6.0,99 Warehouse,Footwear,2.0,8620.69,1
2022.0,6.0,99 Warehouse,Home Textiles,63.0,679709.48,39
2022.0,6.0,99 Warehouse,Kids Wear,182.0,1603844.87,55
2022.0,6.0,99 Warehouse,Leather Goods,50.0,321853.45,4
2022.0,6.0,99 Warehouse,Miscellaneous,267.0,1776271.6300000001,45
2022.0,6.0,99 Warehouse,Mixed Clothing,50.0,391250.01,20
2022.0,6.0,99 Warehouse,Outerwear,231.0,1496392.16,83
2022.0,6.0,99 Warehouse,Pants & Bottoms,269.0,2206287.93,120
2022.0,6.0,99 Warehouse,Shirts & Tops,422.0,3464668.08,130
2022.0,6.0,99 Warehouse,Sports Wear,4.0,29482.76,2
2022.0,6.0,99 Warehouse,Underwear & Basics,7.0,51594.83,1
2022.0,6.0,99 Warehouse,Work Wear,22.0,253060.33,14
2022.0,7.0,901 - Gikomba,Bags & Accessories,34.0,342155.13,22
2022.0,7.0,901 - Gikomba,Bath & Linens,25.0,350086.22,15
2022.0,7.0,901 - Gikomba,Bulk Items,3.0,15517.24,1
2022.0,7.0,901 - Gikomba,Dresses & Skirts,19.0,141637.93,10
2022.0,7.0,901 - Gikomba,Footwear,11.0,47844.82000000001,3
2022.0,7.0,901 - Gikomba,Home Textiles,34.0,278577.61,25
2022.0,7.0,901 - Gikomba,Kids Wear,179.0,1634741.42,58
2022.0,7.0,901 - Gikomba,Leather Goods,16.0,110775.87000000001,6
2022.0,7.0,901 - Gikomba,Miscellaneous,19.0,173189.67,11
2022.0,7.0,901 - Gikomba,Mixed Clothing,35.0,299137.94,10
2022.0,7.0,901 - Gikomba,Outerwear,372.0,2581896.54,48
2022.0,7.0,901 - Gikomba,Pants & Bottoms,218.0,1721982.74,93
2022.0,7.0,901 - Gikomba,Shirts & Tops,742.0,5712586.21,110
2022.0,7.0,901 - Gikomba,Sports Wear,14.0,107672.41,9
2022.0,7.0,904 - Kericho,Bags & Accessories,15.0,112155.17,11
2022.0,7.0,904 - Kericho,Bath & Linens,13.0,172068.99,13
2022.0,7.0,904 - Kericho,Bulk Items,10.0,34482.75,9
2022.0,7.0,904 - Kericho,Dresses & Skirts,26.0,191637.93,24
2022.0,7.0,904 - Kericho,Footwear,34.0,159482.68,24
2022.0,7.0,904 - Kericho,Home Textiles,22.0,240818.99,17
2022.0,7.0,904 - Kericho,Kids Wear,270.0,2327500.08,123
2022.0,7.0,904 - Kericho,Miscellaneous,65.0,403189.7,45
2022.0,7.0,904 - Kericho,Mixed Clothing,29.0,153879.25,22
2022.0,7.0,904 - Kericho,Outerwear,211.0,1502931.05,90
2022.0,7.0,904 - Kericho,Pants & Bottoms,162.0,1257801.69,102
2022.0,7.0,904 - Kericho,Shirts & Tops,214.0,1746034.42,101
2022.0,7.0,904 - Kericho,Sports Wear,5.0,38275.86,4
2022.0,7.0,904 - Kericho,Underwear & Basics,1.0,7327.59,1
2022.0,7.0,904 - Kericho,Work Wear,4.0,49137.93,4
2022.0,7.0,904.5 Meru WS,Bags & Accessories,40.0,387844.79,30
2022.0,7.0,904.5 Meru WS,Bath & Linens,19.0,245603.44,15
2022.0,7.0,904.5 Meru WS,Bulk Items,48.0,76034.47,10
2022.0,7.0,904.5 Meru WS,Dresses & Skirts,39.0,298706.89,28
2022.0,7.0,904.5 Meru WS,Footwear,23.0,99137.88,14
2022.0,7.0,904.5 Meru WS,Home Textiles,61.0,543922.44,55
2022.0,7.0,904.5 Meru WS,Kids Wear,264.0,2434310.4,123
2022.0,7.0,904.5 Meru WS,Miscellaneous,77.0,480517.26,43
2022.0,7.0,904.5 Meru WS,Mixed Clothing,41.0,269568.94,27
2022.0,7.0,904.5 Meru WS,Outerwear,392.0,2779396.59,143
2022.0,7.0,904.5 Meru WS,Pants & Bottoms,302.0,2434999.99,168
2022.0,7.0,904.5 Meru WS,Shirts & Tops,330.0,2750086.19,159
2022.0,7.0,904.5 Meru WS,Sports Wear,5.0,38275.86,5
2022.0,7.0,904.5 Meru WS,Underwear & Basics,2.0,15517.24,2
2022.0,7.0,904.5 Meru WS,Work Wear,10.0,121120.69,5
2022.0,7.0,905 - Eldoret,Bags & Accessories,36.0,306293.08,27
2022.0,7.0,905 - Eldoret,Bath & Linens,12.0,149612.08,10
2022.0,7.0,905 - Eldoret,Bulk Items,48.0,66379.31,5
2022.0,7.0,905 - Eldoret,Dresses & Skirts,42.0,368362.04,31
2022.0,7.0,905 - Eldoret,Footwear,52.0,226724.11000000002,15
2022.0,7.0,905 - Eldoret,Home Textiles,47.0,600603.4400000001,27
2022.0,7.0,905 - Eldoret,Kids Wear,289.0,2618189.69,109
2022.0,7.0,905 - Eldoret,Miscellaneous,126.0,795000.07,69
2022.0,7.0,905 - Eldoret,Mixed Clothing,39.0,215086.15,24
2022.0,7.0,905 - Eldoret,Outerwear,259.0,1823275.8599999999,100
2022.0,7.0,905 - Eldoret,Pants & Bottoms,214.0,1598405.19,103
2022.0,7.0,905 - Eldoret,Shirts & Tops,245.0,2061939.66,104
2022.0,7.0,905 - Eldoret,Sports Wear,6.0,46077.58,6
2022.0,7.0,905 - Eldoret,Underwear & Basics,4.0,31034.48,4
2022.0,7.0,905 - Eldoret,Work Wear,2.0,25000.0,2
2022.0,7.0,907-Kisumu WS,Bags & Accessories,38.0,323275.86,23
2022.0,7.0,907-Kisumu WS,Bath & Linens,22.0,301120.68,10
2022.0,7.0,907-Kisumu WS,Bulk Items,47.0,83620.7,14
2022.0,7.0,907-Kisumu WS,Dresses & Skirts,62.0,468534.46,51
2022.0,7.0,907-Kisumu WS,Footwear,15.0,67241.36,12
2022.0,7.0,907-Kisumu WS,Home Textiles,93.0,990388.02,66
2022.0,7.0,907-Kisumu WS,Kids Wear,373.0,3142413.87,168
2022.0,7.0,907-Kisumu WS,Miscellaneous,157.0,937155.22,76
2022.0,7.0,907-Kisumu WS,Mixed Clothing,59.0,302155.08,41
2022.0,7.0,907-Kisumu WS,Outerwear,210.0,1487672.41,76
2022.0,7.0,907-Kisumu WS,Pants & Bottoms,232.0,1911551.67,162
2022.0,7.0,907-Kisumu WS,Shirts & Tops,229.0,1890948.26,130
2022.0,7.0,907-Kisumu WS,Sports Wear,6.0,45344.83,6
2022.0,7.0,907-Kisumu WS,Underwear & Basics,5.0,36637.94,4
2022.0,7.0,907-Kisumu WS,Work Wear,9.0,111637.93,4
2022.0,7.0,913 -Kakamega WS,Bags & Accessories,25.0,219655.18,16
2022.0,7.0,913 -Kakamega WS,Bath & Linens,14.0,186724.15,12
2022.0,7.0,913 -Kakamega WS,Bulk Items,44.0,72155.16,5
2022.0,7.0,913 -Kakamega WS,Dresses & Skirts,35.0,312500.0,31
2022.0,7.0,913 -Kakamega WS,Footwear,24.0,103448.24,14
2022.0,7.0,913 -Kakamega WS,Home Textiles,26.0,273836.24,23
2022.0,7.0,913 -Kakamega WS,Kids Wear,278.0,2393448.25,121
2022.0,7.0,913 -Kakamega WS,Miscellaneous,83.0,523103.49,51
2022.0,7.0,913 -Kakamega WS,Mixed Clothing,42.0,235603.41,22
2022.0,7.0,913 -Kakamega WS,Outerwear,183.0,1317586.19,74
2022.0,7.0,913 -Kakamega WS,Pants & Bottoms,143.0,1146465.53,97
2022.0,7.0,913 -Kakamega WS,Shirts & Tops,191.0,1630862.09,93
2022.0,7.0,913 -Kakamega WS,Sports Wear,7.0,53534.479999999996,7
2022.0,7.0,913 -Kakamega WS,Underwear & Basics,2.0,15517.24,2
2022.0,7.0,913 -Kakamega WS,Work Wear,4.0,49137.93,3
2022.0,7.0,99 Warehouse,Bags & Accessories,108.0,1089497.54,78
2022.0,7.0,99 Warehouse,Bath & Linens,97.0,1165866.3699999999,70
2022.0,7.0,99 Warehouse,Bulk Items,322.0,447478.47000000003,35
2022.0,7.0,99 Warehouse,Dresses & Skirts,130.0,977452.63,83
2022.0,7.0,99 Warehouse,Footwear,414.0,2099137.93,13
2022.0,7.0,99 Warehouse,Home Textiles,227.0,2635847.39,102
2022.0,7.0,99 Warehouse,Kids Wear,714.0,6654336.36,244
2022.0,7.0,99 Warehouse,Leather Goods,50.0,327586.20999999996,3
2022.0,7.0,99 Warehouse,Miscellaneous,289.0,1986249.99,44
2022.0,7.0,99 Warehouse,Mixed Clothing,63.0,576594.8,27
2022.0,7.0,99 Warehouse,Outerwear,403.0,2657482.76,123
2022.0,7.0,99 Warehouse,Pants & Bottoms,774.0,6050723.54,414
2022.0,7.0,99 Warehouse,Shirts & Tops,1225.0,9998211.21,433
2022.0,7.0,99 Warehouse,Sports Wear,34.0,246728.44999999998,26
2022.0,7.0,99 Warehouse,Underwear & Basics,3.0,20560.35,3
2022.0,7.0,99 Warehouse,Work Wear,38.0,434978.45,27
2022.0,8.0,901 - Gikomba,Bags & Accessories,32.0,341637.92,13
2022.0,8.0,901 - Gikomba,Bath & Linens,20.0,271465.52,14
2022.0,8.0,901 - Gikomba,Bulk Items,14.0,128017.24,4
2022.0,8.0,901 - Gikomba,Dresses & Skirts,20.0,155948.27,14
2022.0,8.0,901 - Gikomba,Home Textiles,18.0,191810.35,15
2022.0,8.0,901 - Gikomba,Kids Wear,117.0,1107069.01,50
2022.0,8.0,901 - Gikomba,Leather Goods,1.0,6896.55,1
2022.0,8.0,901 - Gikomba,Miscellaneous,13.0,81465.52,7
2022.0,8.0,901 - Gikomba,Mixed Clothing,20.0,134051.71000000002,9
2022.0,8.0,901 - Gikomba,Outerwear,158.0,1074482.78,32
2022.0,8.0,901 - Gikomba,Pants & Bottoms,224.0,1670172.48,76
2022.0,8.0,901 - Gikomba,Shirts & Tops,422.0,3075431.05,82
2022.0,8.0,901 - Gikomba,Sports Wear,4.0,30775.86,4
2022.0,8.0,901 - Gikomba,Work Wear,8.0,99137.93,4
2022.0,8.0,904 - Kericho,Bags & Accessories,8.0,77241.36,8
2022.0,8.0,904 - Kericho,Bath & Linens,5.0,63103.45,4
2022.0,8.0,904 - Kericho,Bulk Items,8.0,43534.48,7
2022.0,8.0,904 - Kericho,Dresses & Skirts,23.0,166465.55,20
2022.0,8.0,904 - Kericho,Footwear,23.0,101293.06,16
2022.0,8.0,904 - Kericho,Home Textiles,26.0,290991.43,22
2022.0,8.0,904 - Kericho,Kids Wear,210.0,1780258.74,97
2022.0,8.0,904 - Kericho,Miscellaneous,41.0,252155.2,30
2022.0,8.0,904 - Kericho,Mixed Clothing,34.0,168965.46,23
2022.0,8.0,904 - Kericho,Outerwear,129.0,906896.56,68
2022.0,8.0,904 - Kericho,Pants & Bottoms,146.0,1112413.75,106
2022.0,8.0,904 - Kericho,Shirts & Tops,135.0,1039224.12,92
2022.0,8.0,904 - Kericho,Sports Wear,4.0,30775.86,4
2022.0,8.0,904 - Kericho,Underwear & Basics,3.0,23275.87,3
2022.0,8.0,904 - Kericho,Work Wear,1.0,12500.0,1
2022.0,8.0,904.5 Meru WS,Bags & Accessories,20.0,191293.1,17
2022.0,8.0,904.5 Meru WS,Bath & Linens,23.0,284913.79,19
2022.0,8.0,904.5 Meru WS,Bulk Items,19.0,140086.22,8
2022.0,8.0,904.5 Meru WS,Dresses & Skirts,25.0,192241.36,16
2022.0,8.0,904.5 Meru WS,Footwear,30.0,160344.81,6
2022.0,8.0,904.5 Meru WS,Home Textiles,52.0,442887.98,42
2022.0,8.0,904.5 Meru WS,Kids Wear,171.0,1518362.12,85
2022.0,8.0,904.5 Meru WS,Miscellaneous,54.0,310775.86,32
2022.0,8.0,904.5 Meru WS,Mixed Clothing,35.0,204310.28,29
2022.0,8.0,904.5 Meru WS,Outerwear,212.0,1510431.1,95
2022.0,8.0,904.5 Meru WS,Pants & Bottoms,228.0,1747025.8,134
2022.0,8.0,904.5 Meru WS,Shirts & Tops,212.0,1758448.28,119
2022.0,8.0,904.5 Meru WS,Sports Wear,5.0,38534.479999999996,5
2022.0,8.0,904.5 Meru WS,Underwear & Basics,1.0,7758.62,1
2022.0,8.0,904.5 Meru WS,Work Wear,2.0,24137.93,1
2022.0,8.0,905 - Eldoret,Bags & Accessories,18.0,169827.57,12
2022.0,8.0,905 - Eldoret,Bath & Linens,15.0,193224.13999999998,11
2022.0,8.0,905 - Eldoret,Bulk Items,28.0,53017.24,4
2022.0,8.0,905 - Eldoret,Dresses & Skirts,24.0,195775.87,21
2022.0,8.0,905 - Eldoret,Footwear,27.0,117672.39,10
2022.0,8.0,905 - Eldoret,Home Textiles,38.0,487198.28,27
2022.0,8.0,905 - Eldoret,Kids Wear,220.0,1901293.1,82
2022.0,8.0,905 - Eldoret,Miscellaneous,106.0,618793.1,50
2022.0,8.0,905 - Eldoret,Mixed Clothing,72.0,333189.6,30
2022.0,8.0,905 - Eldoret,Outerwear,184.0,1324137.92,71
2022.0,8.0,905 - Eldoret,Pants & Bottoms,168.0,1269870.69,90
2022.0,8.0,905 - Eldoret,Shirts & Tops,205.0,1608362.0,98
2022.0,8.0,905 - Eldoret,Sports Wear,3.0,23017.239999999998,3
2022.0,8.0,905 - Eldoret,Underwear & Basics,4.0,31034.48,4
2022.0,8.0,905 - Eldoret,Work Wear,2.0,24137.94,2
2022.0,8.0,907-Kisumu WS,Bags & Accessories,24.0,177068.97,12
2022.0,8.0,907-Kisumu WS,Bath & Linens,12.0,155862.07,10
2022.0,8.0,907-Kisumu WS,Bulk Items,37.0,53448.28,7
2022.0,8.0,907-Kisumu WS,Dresses & Skirts,42.0,297931.02,31
2022.0,8.0,907-Kisumu WS,Footwear,16.0,71982.73,15
2022.0,8.0,907-Kisumu WS,Home Textiles,49.0,502456.96,43
2022.0,8.0,907-Kisumu WS,Kids Wear,275.0,2278448.27,103
2022.0,8.0,907-Kisumu WS,Miscellaneous,115.0,685431.07,55
2022.0,8.0,907-Kisumu WS,Mixed Clothing,66.0,331465.42,36
2022.0,8.0,907-Kisumu WS,Outerwear,117.0,794655.14,53
2022.0,8.0,907-Kisumu WS,Pants & Bottoms,160.0,1240948.19,115
2022.0,8.0,907-Kisumu WS,Shirts & Tops,157.0,1181206.88,98
2022.0,8.0,907-Kisumu WS,Sports Wear,3.0,23275.86,3
2022.0,8.0,907-Kisumu WS,Underwear & Basics,4.0,29310.36,4
2022.0,8.0,907-Kisumu WS,Work Wear,2.0,25000.0,2
2022.0,8.0,913 -Kakamega WS,Bags & Accessories,17.0,145689.66,12
2022.0,8.0,913 -Kakamega WS,Bath & Linens,6.0,78793.11,4
2022.0,8.0,913 -Kakamega WS,Bulk Items,53.0,76293.11,7
2022.0,8.0,913 -Kakamega WS,Dresses & Skirts,28.0,238448.27000000002,25
2022.0,8.0,913 -Kakamega WS,Footwear,15.0,66810.34,10
2022.0,8.0,913 -Kakamega WS,Home Textiles,36.0,395819.01,32
2022.0,8.0,913 -Kakamega WS,Kids Wear,242.0,2041034.46,69
2022.0,8.0,913 -Kakamega WS,Miscellaneous,45.0,262844.83,31
2022.0,8.0,913 -Kakamega WS,Mixed Clothing,43.0,212930.99,19
2022.0,8.0,913 -Kakamega WS,Outerwear,90.0,648103.43,43
2022.0,8.0,913 -Kakamega WS,Pants & Bottoms,140.0,1046293.12,93
2022.0,8.0,913 -Kakamega WS,Shirts & Tops,125.0,1027413.77,76
2022.0,8.0,913 -Kakamega WS,Sports Wear,5.0,38534.479999999996,5
2022.0,8.0,99 Warehouse,Bags & Accessories,88.0,814004.39,61
2022.0,8.0,99 Warehouse,Bath & Linens,79.0,1018027.52,68
2022.0,8.0,99 Warehouse,Bulk Items,455.0,876745.63,57
2022.0,8.0,99 Warehouse,Dresses & Skirts,104.0,737702.63,71
2022.0,8.0,99 Warehouse,Footwear,118.0,570689.66,4
2022.0,8.0,99 Warehouse,Home Textiles,151.0,1520357.82,106
2022.0,8.0,99 Warehouse,Kids Wear,560.0,5042228.57,196
2022.0,8.0,99 Warehouse,Leather Goods,41.0,268620.69,6
2022.0,8.0,99 Warehouse,Miscellaneous,303.0,2140724.18,65
2022.0,8.0,99 Warehouse,Mixed Clothing,49.0,436974.13,32
2022.0,8.0,99 Warehouse,Outerwear,378.0,2497465.42,130
2022.0,8.0,99 Warehouse,Pants & Bottoms,618.0,4910635.41,368
2022.0,8.0,99 Warehouse,Shirts & Tops,978.0,7973948.39,387
2022.0,8.0,99 Warehouse,Sports Wear,43.0,313306.04,34
2022.0,8.0,99 Warehouse,Work Wear,19.0,223426.72,13
2022.0,9.0,901 - Gikomba,Bags & Accessories,27.0,267586.22000000003,14
2022.0,9.0,901 - Gikomba,Bath & Linens,19.0,245000.0,12
2022.0,9.0,901 - Gikomba,Bulk Items,17.0,171982.75999999998,5
2022.0,9.0,901 - Gikomba,Dresses & Skirts,7.0,57241.380000000005,6
2022.0,9.0,901 - Gikomba,Home Textiles,25.0,228362.08000000002,20
2022.0,9.0,901 - Gikomba,Kids Wear,129.0,1111724.16,49
2022.0,9.0,901 - Gikomba,Leather Goods,2.0,13793.1,2
2022.0,9.0,901 - Gikomba,Miscellaneous,19.0,118965.51000000001,12
2022.0,9.0,901 - Gikomba,Mixed Clothing,14.0,130603.46,6
2022.0,9.0,901 - Gikomba,Outerwear,191.0,1316034.46,41
2022.0,9.0,901 - Gikomba,Pants & Bottoms,190.0,1372284.5,69
2022.0,9.0,901 - Gikomba,Shirts & Tops,276.0,1935603.45,76
2022.0,9.0,901 - Gikomba,Sports Wear,4.0,31034.48,2
2022.0,9.0,901 - Gikomba,Work Wear,3.0,36206.9,2
2022.0,9.0,904 - Kericho,Bags & Accessories,11.0,110172.4,10
2022.0,9.0,904 - Kericho,Bath & Linens,2.0,27413.8,2
2022.0,9.0,904 - Kericho,Bulk Items,8.0,60775.86,6
2022.0,9.0,904 - Kericho,Dresses & Skirts,16.0,116034.51000000001,16
2022.0,9.0,904 - Kericho,Footwear,23.0,101724.1,14
2022.0,9.0,904 - Kericho,Home Textiles,15.0,158793.1,15
2022.0,9.0,904 - Kericho,Kids Wear,187.0,1551724.22,85
2022.0,9.0,904 - Kericho,Miscellaneous,69.0,417758.63,50
2022.0,9.0,904 - Kericho,Mixed Clothing,33.0,156034.42,25
2022.0,9.0,904 - Kericho,Outerwear,79.0,562500.01,46
2022.0,9.0,904 - Kericho,Pants & Bottoms,142.0,1069827.56,91
2022.0,9.0,904 - Kericho,Shirts & Tops,138.0,1111120.68,87
2022.0,9.0,904 - Kericho,Sports Wear,3.0,23275.86,3
2022.0,9.0,904 - Kericho,Underwear & Basics,1.0,11637.93,1
2022.0,9.0,904 - Kericho,Work Wear,3.0,36637.93,2
2022.0,9.0,904.5 Meru WS,Bags & Accessories,18.0,168189.63,16
2022.0,9.0,904.5 Meru WS,Bath & Linens,16.0,202155.15,15
2022.0,9.0,904.5 Meru WS,Bulk Items,19.0,178448.28,8
2022.0,9.0,904.5 Meru WS,Dresses & Skirts,25.0,198232.76,18
2022.0,9.0,904.5 Meru WS,Footwear,21.0,93103.41,11
2022.0,9.0,904.5 Meru WS,Home Textiles,36.0,343232.78,34
2022.0,9.0,904.5 Meru WS,Kids Wear,172.0,1479913.87,112
2022.0,9.0,904.5 Meru WS,Miscellaneous,29.0,175431.04,22
2022.0,9.0,904.5 Meru WS,Mixed Clothing,54.0,271120.62,35
2022.0,9.0,904.5 Meru WS,Outerwear,161.0,1138534.54,72
2022.0,9.0,904.5 Meru WS,Pants & Bottoms,141.0,1150646.51,100
2022.0,9.0,904.5 Meru WS,Shirts & Tops,201.0,1571379.31,116
2022.0,9.0,904.5 Meru WS,Sports Wear,6.0,46551.72,5
2022.0,9.0,904.5 Meru WS,Work Wear,3.0,36206.9,2
2022.0,9.0,905 - Eldoret,Bags & Accessories,19.0,183879.3,10
2022.0,9.0,905 - Eldoret,Bath & Linens,8.0,92413.79,5
2022.0,9.0,905 - Eldoret,Bulk Items,10.0,116379.3,6
2022.0,9.0,905 - Eldoret,Dresses & Skirts,16.0,127844.84,14
2022.0,9.0,905 - Eldoret,Footwear,12.0,51724.130000000005,6
2022.0,9.0,905 - Eldoret,Home Textiles,22.0,272284.49,20
2022.0,9.0,905 - Eldoret,Kids Wear,209.0,1715431.03,66
2022.0,9.0,905 - Eldoret,Miscellaneous,77.0,497327.61,39
2022.0,9.0,905 - Eldoret,Mixed Clothing,60.0,283189.58,33
2022.0,9.0,905 - Eldoret,Outerwear,133.0,862568.91,57
2022.0,9.0,905 - Eldoret,Pants & Bottoms,152.0,1149224.2,76
2022.0,9.0,905 - Eldoret,Shirts & Tops,247.0,1917672.42,102
2022.0,9.0,905 - Eldoret,Sports Wear,3.0,23189.65,3
2022.0,9.0,905 - Eldoret,Underwear & Basics,5.0,37500.0,4
2022.0,9.0,905 - Eldoret,Work Wear,5.0,61206.9,4
2022.0,9.0,907-Kisumu WS,Bags & Accessories,16.0,146637.92,14
2022.0,9.0,907-Kisumu WS,Bath & Linens,13.0,166810.36,11
2022.0,9.0,907-Kisumu WS,Bulk Items,8.0,93103.44,6
2022.0,9.0,907-Kisumu WS,Dresses & Skirts,51.0,381982.77,37
2022.0,9.0,907-Kisumu WS,Footwear,13.0,58620.68,9
2022.0,9.0,907-Kisumu WS,Home Textiles,57.0,544827.65,43
2022.0,9.0,907-Kisumu WS,Kids Wear,238.0,1913189.6600000001,99
2022.0,9.0,907-Kisumu WS,Miscellaneous,124.0,771120.77,69
2022.0,9.0,907-Kisumu WS,Mixed Clothing,90.0,443534.43,33
2022.0,9.0,907-Kisumu WS,Outerwear,98.0,693275.85,47
2022.0,9.0,907-Kisumu WS,Pants & Bottoms,194.0,1522629.19,157
2022.0,9.0,907-Kisumu WS,Shirts & Tops,154.0,1153017.13,125
2022.0,9.0,907-Kisumu WS,Sports Wear,3.0,23275.86,3
2022.0,9.0,907-Kisumu WS,Underwear & Basics,5.0,36637.95,5
2022.0,9.0,907-Kisumu WS,Work Wear,5.0,62500.0,4
2022.0,9.0,913 -Kakamega WS,Bags & Accessories,9.0,103017.23,8
2022.0,9.0,913 -Kakamega WS,Bath & Linens,4.0,53448.28,4
2022.0,9.0,913 -Kakamega WS,Bulk Items,26.0,96120.68,8
2022.0,9.0,913 -Kakamega WS,Dresses & Skirts,23.0,228275.84,21
2022.0,9.0,913 -Kakamega WS,Footwear,9.0,42672.42,5
2022.0,9.0,913 -Kakamega WS,Home Textiles,17.0,167155.19,17
2022.0,9.0,913 -Kakamega WS,Kids Wear,191.0,1579224.07,85
2022.0,9.0,913 -Kakamega WS,Miscellaneous,59.0,386810.37,43
2022.0,9.0,913 -Kakamega WS,Mixed Clothing,40.0,204741.31,24
2022.0,9.0,913 -Kakamega WS,Outerwear,94.0,662758.59,51
2022.0,9.0,913 -Kakamega WS,Pants & Bottoms,117.0,877887.99,76
2022.0,9.0,913 -Kakamega WS,Shirts & Tops,122.0,971034.4,95
2022.0,9.0,913 -Kakamega WS,Sports Wear,5.0,38793.1,4
2022.0,9.0,913 -Kakamega WS,Work Wear,6.0,74137.93,3
2022.0,9.0,99 Warehouse,Bags & Accessories,49.0,508107.81,31
2022.0,9.0,99 Warehouse,Bath & Linens,76.0,948318.87,57
2022.0,9.0,99 Warehouse,Bulk Items,320.0,628339.68,27
2022.0,9.0,99 Warehouse,Dresses & Skirts,76.0,537435.41,56
2022.0,9.0,99 Warehouse,Footwear,336.0,2503448.28,4
2022.0,9.0,99 Warehouse,Home Textiles,96.0,985388.01,61
2022.0,9.0,99 Warehouse,Kids Wear,403.0,3703754.4,143
2022.0,9.0,99 Warehouse,Leather Goods,11.0,72068.97,1
2022.0,9.0,99 Warehouse,Miscellaneous,169.0,1176339.66,23
2022.0,9.0,99 Warehouse,Mixed Clothing,24.0,226594.82,18
2022.0,9.0,99 Warehouse,Outerwear,267.0,1780694.0,82
2022.0,9.0,99 Warehouse,Pants & Bottoms,444.0,3533620.81,222
2022.0,9.0,99 Warehouse,Shirts & Tops,594.0,4661668.06,203
2022.0,9.0,99 Warehouse,Sports Wear,36.0,265344.83999999997,23
2022.0,9.0,99 Warehouse,Underwear & Basics,4.0,38405.17,2
2022.0,9.0,99 Warehouse,Work Wear,46.0,536810.34,24
2022.0,10.0,901 - Gikomba,Bags & Accessories,20.0,183620.69,14
2022.0,10.0,901 - Gikomba,Bath & Linens,21.0,292327.6,18
2022.0,10.0,901 - Gikomba,Bulk Items,6.0,58620.69,3
2022.0,10.0,901 - Gikomba,Dresses & Skirts,21.0,167931.02,14
2022.0,10.0,901 - Gikomba,Footwear,2.0,21120.68,2
2022.0,10.0,901 - Gikomba,Home Textiles,25.0,205775.86,12
2022.0,10.0,901 - Gikomba,Kids Wear,81.0,775344.83,31
2022.0,10.0,901 - Gikomba,Miscellaneous,19.0,116551.72,8
2022.0,10.0,901 - Gikomba,Mixed Clothing,5.0,44827.590000000004,4
2022.0,10.0,901 - Gikomba,Outerwear,129.0,883879.31,27
2022.0,10.0,901 - Gikomba,Pants & Bottoms,171.0,1308577.64,73
2022.0,10.0,901 - Gikomba,Shirts & Tops,357.0,2618176.75,73
2022.0,10.0,901 - Gikomba,Sports Wear,4.0,31034.48,3
2022.0,10.0,901 - Gikomba,Work Wear,5.0,60344.83,3
2022.0,10.0,904 - Kericho,Bags & Accessories,15.0,145172.41,14
2022.0,10.0,904 - Kericho,Bath & Linens,7.0,92758.63,6
2022.0,10.0,904 - Kericho,Bulk Items,19.0,188793.09,11
2022.0,10.0,904 - Kericho,Dresses & Skirts,21.0,163879.34,19
2022.0,10.0,904 - Kericho,Footwear,18.0,76724.11,11
2022.0,10.0,904 - Kericho,Home Textiles,16.0,162500.03,16
2022.0,10.0,904 - Kericho,Kids Wear,154.0,1262413.8,60
2022.0,10.0,904 - Kericho,Miscellaneous,38.0,245258.62,21
2022.0,10.0,904 - Kericho,Mixed Clothing,32.0,176293.06,25
2022.0,10.0,904 - Kericho,Outerwear,128.0,868620.6900000001,56
2022.0,10.0,904 - Kericho,Pants & Bottoms,99.0,759741.33,65
2022.0,10.0,904 - Kericho,Shirts & Tops,147.0,1207327.59,82
2022.0,10.0,904 - Kericho,Sports Wear,1.0,7758.62,1
2022.0,10.0,904 - Kericho,Work Wear,4.0,49568.97,3
2022.0,10.0,904.5 Meru WS,Bags & Accessories,21.0,191551.72,17
2022.0,10.0,904.5 Meru WS,Bath & Linens,14.0,175603.45,12
2022.0,10.0,904.5 Meru WS,Bulk Items,9.0,76724.14,2
2022.0,10.0,904.5 Meru WS,Dresses & Skirts,23.0,165862.09,15
2022.0,10.0,904.5 Meru WS,Footwear,4.0,17241.36,4
2022.0,10.0,904.5 Meru WS,Home Textiles,37.0,333620.71,33
2022.0,10.0,904.5 Meru WS,Kids Wear,102.0,865344.87,60
2022.0,10.0,904.5 Meru WS,Miscellaneous,33.0,198879.31,24
2022.0,10.0,904.5 Meru WS,Mixed Clothing,23.0,142241.34,19
2022.0,10.0,904.5 Meru WS,Outerwear,177.0,1230603.53,88
2022.0,10.0,904.5 Meru WS,Pants & Bottoms,145.0,1171939.68,92
2022.0,10.0,904.5 Meru WS,Shirts & Tops,150.0,1172068.99,93
2022.0,10.0,904.5 Meru WS,Work Wear,5.0,60344.83,2
2022.0,10.0,905 - Eldoret,Bags & Accessories,15.0,147068.97,12
2022.0,10.0,905 - Eldoret,Bath & Linens,8.0,102068.95,6
2022.0,10.0,905 - Eldoret,Bulk Items,36.0,112499.98999999999,7
2022.0,10.0,905 - Eldoret,Dresses & Skirts,19.0,151896.54,13
2022.0,10.0,905 - Eldoret,Footwear,56.0,268534.46,17
2022.0,10.0,905 - Eldoret,Home Textiles,52.0,743017.24,34
2022.0,10.0,905 - Eldoret,Kids Wear,177.0,1411982.78,54
2022.0,10.0,905 - Eldoret,Miscellaneous,85.0,540775.91,40
2022.0,10.0,905 - Eldoret,Mixed Clothing,82.0,396982.72000000003,37
2022.0,10.0,905 - Eldoret,Outerwear,201.0,1370034.45,64
2022.0,10.0,905 - Eldoret,Pants & Bottoms,140.0,1030431.05,63
2022.0,10.0,905 - Eldoret,Shirts & Tops,232.0,1848275.9,110
2022.0,10.0,905 - Eldoret,Sports Wear,1.0,7758.62,1
2022.0,10.0,905 - Eldoret,Underwear & Basics,4.0,30603.45,4
2022.0,10.0,905 - Eldoret,Work Wear,1.0,12068.97,1
2022.0,10.0,907-Kisumu WS,Bags & Accessories,17.0,162672.4,12
2022.0,10.0,907-Kisumu WS,Bath & Linens,20.0,266034.49,16
2022.0,10.0,907-Kisumu WS,Bulk Items,42.0,197844.82,17
2022.0,10.0,907-Kisumu WS,Dresses & Skirts,50.0,382155.19,41
2022.0,10.0,907-Kisumu WS,Footwear,14.0,64224.130000000005,12
2022.0,10.0,907-Kisumu WS,Home Textiles,56.0,585172.47,41
2022.0,10.0,907-Kisumu WS,Kids Wear,184.0,1496034.48,86
2022.0,10.0,907-Kisumu WS,Leather Goods,1.0,6724.14,1
2022.0,10.0,907-Kisumu WS,Miscellaneous,80.0,487758.7,46
2022.0,10.0,907-Kisumu WS,Mixed Clothing,68.0,337499.92,40
2022.0,10.0,907-Kisumu WS,Outerwear,129.0,899051.7100000001,48
2022.0,10.0,907-Kisumu WS,Pants & Bottoms,138.0,1084482.7,99
2022.0,10.0,907-Kisumu WS,Shirts & Tops,150.0,1173448.28,91
2022.0,10.0,907-Kisumu WS,Sports Wear,1.0,7758.62,1
2022.0,10.0,907-Kisumu WS,Underwear & Basics,2.0,14655.18,2
2022.0,10.0,907-Kisumu WS,Work Wear,4.0,49568.97,4
2022.0,10.0,913 -Kakamega WS,Bags & Accessories,15.0,139655.18,13
2022.0,10.0,913 -Kakamega WS,Bath & Linens,9.0,118620.69,8
2022.0,10.0,913 -Kakamega WS,Bulk Items,30.0,187500.02000000002,7
2022.0,10.0,913 -Kakamega WS,Dresses & Skirts,26.0,245862.03,22
2022.0,10.0,913 -Kakamega WS,Footwear,4.0,18534.480000000003,3
2022.0,10.0,913 -Kakamega WS,Home Textiles,25.0,276982.79,23
2022.0,10.0,913 -Kakamega WS,Kids Wear,172.0,1410861.99,75
2022.0,10.0,913 -Kakamega WS,Miscellaneous,45.0,303275.89,31
2022.0,10.0,913 -Kakamega WS,Mixed Clothing,14.0,93965.51,8
2022.0,10.0,913 -Kakamega WS,Outerwear,124.0,856724.12,51
2022.0,10.0,913 -Kakamega WS,Pants & Bottoms,81.0,633060.36,60
2022.0,10.0,913 -Kakamega WS,Shirts & Tops,118.0,975172.46,73
2022.0,10.0,913 -Kakamega WS,Sports Wear,1.0,7758.62,1
2022.0,10.0,913 -Kakamega WS,Underwear & Basics,1.0,7758.62,1
2022.0,10.0,913 -Kakamega WS,Work Wear,2.0,24568.97,2
2022.0,10.0,99 Warehouse,Bags & Accessories,43.0,404933.64999999997,29
2022.0,10.0,99 Warehouse,Bath & Linens,77.0,978995.58,59
2022.0,10.0,99 Warehouse,Bulk Items,353.0,444310.34,28
2022.0,10.0,99 Warehouse,Dresses & Skirts,44.0,296724.16,33
2022.0,10.0,99 Warehouse,Footwear,220.0,1413793.09,6
2022.0,10.0,99 Warehouse,Home Textiles,112.0,1143437.96,55
2022.0,10.0,99 Warehouse,Kids Wear,360.0,3355698.28,156
2022.0,10.0,99 Warehouse,Leather Goods,76.0,452431.04,5
2022.0,10.0,99 Warehouse,Miscellaneous,186.0,1276185.3800000001,27
2022.0,10.0,99 Warehouse,Mixed Clothing,56.0,502327.58999999997,30
2022.0,10.0,99 Warehouse,Outerwear,212.0,1400107.79,63
2022.0,10.0,99 Warehouse,Pants & Bottoms,407.0,3244815.62,200
2022.0,10.0,99 Warehouse,Shirts & Tops,586.0,4952025.88,210
2022.0,10.0,99 Warehouse,Sports Wear,27.0,200892.25,18
2022.0,10.0,99 Warehouse,Underwear & Basics,3.0,20646.56,3
2022.0,10.0,99 Warehouse,Work Wear,29.0,335172.42,18
2022.0,11.0,901 - Gikomba,Bags & Accessories,37.0,394655.17,16
2022.0,11.0,901 - Gikomba,Bath & Linens,13.0,179655.18,10
2022.0,11.0,901 - Gikomba,Bulk Items,5.0,43965.520000000004,3
2022.0,11.0,901 - Gikomba,Dresses & Skirts,36.0,278620.71,19
2022.0,11.0,901 - Gikomba,Home Textiles,36.0,356120.7,20
2022.0,11.0,901 - Gikomba,Kids Wear,108.0,991896.59,38
2022.0,11.0,901 - Gikomba,Leather Goods,2.0,13448.28,1
2022.0,11.0,901 - Gikomba,Miscellaneous,20.0,143965.52,7
2022.0,11.0,901 - Gikomba,Mixed Clothing,24.0,213793.1,8
2022.0,11.0,901 - Gikomba,Outerwear,296.0,1898620.67,56
2022.0,11.0,901 - Gikomba,Pants & Bottoms,191.0,1521896.64,82
2022.0,11.0,901 - Gikomba,Shirts & Tops,469.0,3441293.13,94
2022.0,11.0,901 - Gikomba,Sports Wear,3.0,22586.21,3
2022.0,11.0,901 - Gikomba,Work Wear,6.0,70689.66,4
2022.0,11.0,904 - Kericho,Bags & Accessories,16.0,147672.43,15
2022.0,11.0,904 - Kericho,Bath & Linens,5.0,68534.49,4
2022.0,11.0,904 - Kericho,Bulk Items,19.0,90344.82,10
2022.0,11.0,904 - Kericho,Dresses & Skirts,13.0,97844.8,13
2022.0,11.0,904 - Kericho,Footwear,10.0,43103.42,6
2022.0,11.0,904 - Kericho,Home Textiles,15.0,184094.84,12
2022.0,11.0,904 - Kericho,Kids Wear,146.0,1255775.87,72
2022.0,11.0,904 - Kericho,Miscellaneous,72.0,474569.01999999996,43
2022.0,11.0,904 - Kericho,Mixed Clothing,43.0,227586.15,29
2022.0,11.0,904 - Kericho,Outerwear,111.0,748017.1900000001,52
2022.0,11.0,904 - Kericho,Pants & Bottoms,130.0,976206.9,71
2022.0,11.0,904 - Kericho,Shirts & Tops,164.0,1281206.93,89
2022.0,11.0,904 - Kericho,Sports Wear,3.0,23017.239999999998,3
2022.0,11.0,904 - Kericho,Underwear & Basics,3.0,22413.79,2
2022.0,11.0,904 - Kericho,Work Wear,3.0,35775.86,2
2022.0,11.0,904.5 Meru WS,Bags & Accessories,16.0,138965.51,14
2022.0,11.0,904.5 Meru WS,Bath & Linens,16.0,213965.5,14
2022.0,11.0,904.5 Meru WS,Bulk Items,19.0,40517.25,6
2022.0,11.0,904.5 Meru WS,Dresses & Skirts,21.0,143534.47,16
2022.0,11.0,904.5 Meru WS,Footwear,3.0,12931.02,3
2022.0,11.0,904.5 Meru WS,Home Textiles,50.0,410258.64,38
2022.0,11.0,904.5 Meru WS,Kids Wear,145.0,1291551.75,87
2022.0,11.0,904.5 Meru WS,Miscellaneous,48.0,304741.38,36
2022.0,11.0,904.5 Meru WS,Mixed Clothing,25.0,148275.81,20
2022.0,11.0,904.5 Meru WS,Outerwear,242.0,1648017.29,97
2022.0,11.0,904.5 Meru WS,Pants & Bottoms,175.0,1395474.15,117
2022.0,11.0,904.5 Meru WS,Shirts & Tops,233.0,1826379.31,147
2022.0,11.0,904.5 Meru WS,Sports Wear,3.0,22844.83,3
2022.0,11.0,904.5 Meru WS,Work Wear,7.0,83189.65,4
2022.0,11.0,905 - Eldoret,Bags & Accessories,28.0,276293.08,15
2022.0,11.0,905 - Eldoret,Bath & Linens,9.0,117163.79,9
2022.0,11.0,905 - Eldoret,Bulk Items,53.0,133189.65,6
2022.0,11.0,905 - Eldoret,Dresses & Skirts,21.0,169568.99,19
2022.0,11.0,905 - Eldoret,Footwear,9.0,40948.26,8
2022.0,11.0,905 - Eldoret,Home Textiles,30.0,436336.22,21
2022.0,11.0,905 - Eldoret,Kids Wear,167.0,1458017.23,86
2022.0,11.0,905 - Eldoret,Miscellaneous,118.0,748793.12,46
2022.0,11.0,905 - Eldoret,Mixed Clothing,90.0,403879.27,30
2022.0,11.0,905 - Eldoret,Outerwear,179.0,1188965.56,56
2022.0,11.0,905 - Eldoret,Pants & Bottoms,150.0,1106422.42,88
2022.0,11.0,905 - Eldoret,Shirts & Tops,310.0,2410301.79,124
2022.0,11.0,905 - Eldoret,Sports Wear,3.0,23017.239999999998,3
2022.0,11.0,905 - Eldoret,Underwear & Basics,7.0,54310.34,5
2022.0,11.0,905 - Eldoret,Work Wear,5.0,59482.76,2
2022.0,11.0,907-Kisumu WS,Bags & Accessories,25.0,229482.75,20
2022.0,11.0,907-Kisumu WS,Bath & Linens,10.0,138017.25,8
2022.0,11.0,907-Kisumu WS,Bulk Items,55.0,143534.47,11
2022.0,11.0,907-Kisumu WS,Dresses & Skirts,27.0,205344.83000000002,26
2022.0,11.0,907-Kisumu WS,Footwear,14.0,64655.16,10
2022.0,11.0,907-Kisumu WS,Home Textiles,52.0,523319.01,36
2022.0,11.0,907-Kisumu WS,Kids Wear,186.0,1579396.58,112
2022.0,11.0,907-Kisumu WS,Miscellaneous,102.0,646206.91,69
2022.0,11.0,907-Kisumu WS,Mixed Clothing,62.0,306034.37,36
2022.0,11.0,907-Kisumu WS,Outerwear,138.0,912758.64,62
2022.0,11.0,907-Kisumu WS,Pants & Bottoms,162.0,1270215.47,124
2022.0,11.0,907-Kisumu WS,Shirts & Tops,137.0,1046034.51,101
2022.0,11.0,907-Kisumu WS,Sports Wear,3.0,23017.239999999998,3
2022.0,11.0,907-Kisumu WS,Underwear & Basics,8.0,59051.75,8
2022.0,11.0,907-Kisumu WS,Work Wear,7.0,84051.72,4
2022.0,11.0,913 -Kakamega WS,Bags & Accessories,14.0,130948.27,11
2022.0,11.0,913 -Kakamega WS,Bath & Linens,3.0,39568.96,3
2022.0,11.0,913 -Kakamega WS,Bulk Items,75.0,139137.91,12
2022.0,11.0,913 -Kakamega WS,Dresses & Skirts,23.0,206982.73,22
2022.0,11.0,913 -Kakamega WS,Footwear,1.0,4741.38,1
2022.0,11.0,913 -Kakamega WS,Home Textiles,12.0,131034.5,11
2022.0,11.0,913 -Kakamega WS,Kids Wear,168.0,1408275.83,77
2022.0,11.0,913 -Kakamega WS,Miscellaneous,78.0,518017.24,44
2022.0,11.0,913 -Kakamega WS,Mixed Clothing,32.0,163793.06,18
2022.0,11.0,913 -Kakamega WS,Outerwear,105.0,722068.98,56
2022.0,11.0,913 -Kakamega WS,Pants & Bottoms,99.0,781724.16,76
2022.0,11.0,913 -Kakamega WS,Shirts & Tops,120.0,978017.22,87
2022.0,11.0,913 -Kakamega WS,Sports Wear,2.0,15258.619999999999,2
2022.0,11.0,913 -Kakamega WS,Work Wear,6.0,70689.65,3
2022.0,11.0,99 Warehouse,Bags & Accessories,105.0,964693.95,56
2022.0,11.0,99 Warehouse,Bath & Linens,91.0,1145206.81,57
2022.0,11.0,99 Warehouse,Bulk Items,380.0,493275.87,26
2022.0,11.0,99 Warehouse,Dresses & Skirts,117.0,866741.42,75
2022.0,11.0,99 Warehouse,Home Textiles,121.0,1300780.11,55
2022.0,11.0,99 Warehouse,Kids Wear,529.0,4743125.08,180
2022.0,11.0,99 Warehouse,Leather Goods,36.0,235862.07,2
2022.0,11.0,99 Warehouse,Miscellaneous,221.0,1446323.33,31
2022.0,11.0,99 Warehouse,Mixed Clothing,80.0,691271.56,33
2022.0,11.0,99 Warehouse,Outerwear,357.0,2290922.4699999997,84
2022.0,11.0,99 Warehouse,Pants & Bottoms,604.0,4745209.75,309
2022.0,11.0,99 Warehouse,Shirts & Tops,854.0,6875202.54,299
2022.0,11.0,99 Warehouse,Sports Wear,39.0,284589.66,31
2022.0,11.0,99 Warehouse,Underwear & Basics,2.0,13793.1,2
2022.0,11.0,99 Warehouse,Work Wear,25.0,295409.48,13
2022.0,12.0,901 - Gikomba,Bags & Accessories,23.0,275775.86,11
2022.0,12.0,901 - Gikomba,Bath & Linens,39.0,540948.25,21
2022.0,12.0,901 - Gikomba,Bulk Items,5.0,56034.48,3
2022.0,12.0,901 - Gikomba,Dresses & Skirts,22.0,162155.16,15
2022.0,12.0,901 - Gikomba,Home Textiles,43.0,557758.62,21
2022.0,12.0,901 - Gikomba,Kids Wear,124.0,1065517.26,33
2022.0,12.0,901 - Gikomba,Leather Goods,5.0,34482.76,2
2022.0,12.0,901 - Gikomba,Miscellaneous,9.0,76293.1,5
2022.0,12.0,901 - Gikomba,Mixed Clothing,25.0,214655.17,5
2022.0,12.0,901 - Gikomba,Outerwear,203.0,1231982.75,26
2022.0,12.0,901 - Gikomba,Pants & Bottoms,176.0,1255689.68,66
2022.0,12.0,901 - Gikomba,Shirts & Tops,375.0,2572931.09,82
2022.0,12.0,901 - Gikomba,Sports Wear,3.0,23275.86,3
2022.0,12.0,901 - Gikomba,Work Wear,4.0,48706.909999999996,4
2022.0,12.0,904 - Kericho,Bags & Accessories,12.0,103275.85,11
2022.0,12.0,904 - Kericho,Bath & Linens,7.0,92844.83,6
2022.0,12.0,904 - Kericho,Bulk Items,5.0,14913.8,3
2022.0,12.0,904 - Kericho,Dresses & Skirts,21.0,146637.91,17
2022.0,12.0,904 - Kericho,Footwear,16.0,69396.54000000001,7
2022.0,12.0,904 - Kericho,Home Textiles,21.0,247068.96,18
2022.0,12.0,904 - Kericho,Kids Wear,201.0,1598965.52,59
2022.0,12.0,904 - Kericho,Miscellaneous,57.0,354137.95,30
2022.0,12.0,904 - Kericho,Mixed Clothing,31.0,138793.06,17
2022.0,12.0,904 - Kericho,Outerwear,90.0,596724.09,54
2022.0,12.0,904 - Kericho,Pants & Bottoms,122.0,946465.54,63
2022.0,12.0,904 - Kericho,Shirts & Tops,166.0,1245948.26,97
2022.0,12.0,904 - Kericho,Sports Wear,5.0,38793.1,4
2022.0,12.0,904 - Kericho,Underwear & Basics,4.0,30172.41,3
2022.0,12.0,904 - Kericho,Work Wear,2.0,24568.97,2
2022.0,12.0,904.5 Meru WS,Bags & Accessories,19.0,191034.46,13
2022.0,12.0,904.5 Meru WS,Bath & Linens,22.0,279827.55,18
2022.0,12.0,904.5 Meru WS,Bulk Items,33.0,89310.34,11
2022.0,12.0,904.5 Meru WS,Dresses & Skirts,27.0,194224.13,18
2022.0,12.0,904.5 Meru WS,Footwear,17.0,74568.95,7
2022.0,12.0,904.5 Meru WS,Home Textiles,29.0,338146.55,17
2022.0,12.0,904.5 Meru WS,Kids Wear,131.0,1110689.71,82
2022.0,12.0,904.5 Meru WS,Miscellaneous,46.0,269267.24,30
2022.0,12.0,904.5 Meru WS,Mixed Clothing,27.0,140517.17,25
2022.0,12.0,904.5 Meru WS,Outerwear,135.0,939655.23,70
2022.0,12.0,904.5 Meru WS,Pants & Bottoms,164.0,1320603.48,103
2022.0,12.0,904.5 Meru WS,Shirts & Tops,204.0,1572715.49,119
2022.0,12.0,904.5 Meru WS,Sports Wear,4.0,30431.04,4
2022.0,12.0,904.5 Meru WS,Underwear & Basics,1.0,7758.62,1
2022.0,12.0,904.5 Meru WS,Work Wear,4.0,48706.9,2
2022.0,12.0,905 - Eldoret,Bags & Accessories,14.0,150862.05,7
2022.0,12.0,905 - Eldoret,Bath & Linens,19.0,260172.41,12
2022.0,12.0,905 - Eldoret,Bulk Items,52.0,97413.79000000001,5
2022.0,12.0,905 - Eldoret,Dresses & Skirts,27.0,218448.29,18
2022.0,12.0,905 - Eldoret,Footwear,14.0,61206.87,9
2022.0,12.0,905 - Eldoret,Home Textiles,21.0,322241.39,10
2022.0,12.0,905 - Eldoret,Kids Wear,152.0,1258879.35,54
2022.0,12.0,905 - Eldoret,Miscellaneous,103.0,612758.67,36
2022.0,12.0,905 - Eldoret,Mixed Clothing,38.0,171551.66,21
2022.0,12.0,905 - Eldoret,Outerwear,123.0,858017.22,48
2022.0,12.0,905 - Eldoret,Pants & Bottoms,122.0,930905.19,62
2022.0,12.0,905 - Eldoret,Shirts & Tops,212.0,1686465.6,113
2022.0,12.0,905 - Eldoret,Sports Wear,2.0,15517.24,2
2022.0,12.0,905 - Eldoret,Uncategorized,0.0,0.0,1
2022.0,12.0,905 - Eldoret,Underwear & Basics,7.0,51724.15,6
2022.0,12.0,905 - Eldoret,Work Wear,1.0,12500.0,1
2022.0,12.0,907-Kisumu WS,Bags & Accessories,49.0,419482.76,18
2022.0,12.0,907-Kisumu WS,Bath & Linens,19.0,267241.41000000003,15
2022.0,12.0,907-Kisumu WS,Bulk Items,59.0,84913.8,19
2022.0,12.0,907-Kisumu WS,Dresses & Skirts,33.0,257586.21,27
2022.0,12.0,907-Kisumu WS,Footwear,17.0,77155.15000000001,15
2022.0,12.0,907-Kisumu WS,Home Textiles,55.0,598318.99,34
2022.0,12.0,907-Kisumu WS,Kids Wear,220.0,1747931.0,102
2022.0,12.0,907-Kisumu WS,Miscellaneous,113.0,669396.64,54
2022.0,12.0,907-Kisumu WS,Mixed Clothing,62.0,290086.11,30
2022.0,12.0,907-Kisumu WS,Outerwear,105.0,712327.53,68
2022.0,12.0,907-Kisumu WS,Pants & Bottoms,180.0,1434870.68,126
2022.0,12.0,907-Kisumu WS,Shirts & Tops,159.0,1234310.3900000001,102
2022.0,12.0,907-Kisumu WS,Sports Wear,1.0,7758.62,1
2022.0,12.0,907-Kisumu WS,Underwear & Basics,11.0,80603.48,10
2022.0,12.0,907-Kisumu WS,Work Wear,10.0,119396.55,4
2022.0,12.0,913 -Kakamega WS,Bags & Accessories,17.0,173879.3,14
2022.0,12.0,913 -Kakamega WS,Bath & Linens,7.0,84913.79000000001,5
2022.0,12.0,913 -Kakamega WS,Bulk Items,48.0,150431.02,10
2022.0,12.0,913 -Kakamega WS,Dresses & Skirts,39.0,391637.87,35
2022.0,12.0,913 -Kakamega WS,Footwear,15.0,66379.29000000001,9
2022.0,12.0,913 -Kakamega WS,Home Textiles,37.0,445732.75,23
2022.0,12.0,913 -Kakamega WS,Kids Wear,203.0,1639827.55,88
2022.0,12.0,913 -Kakamega WS,Miscellaneous,73.0,456551.69,43
2022.0,12.0,913 -Kakamega WS,Mixed Clothing,27.0,118103.44,5
2022.0,12.0,913 -Kakamega WS,Outerwear,91.0,627930.99,64
2022.0,12.0,913 -Kakamega WS,Pants & Bottoms,103.0,805991.39,77
2022.0,12.0,913 -Kakamega WS,Shirts & Tops,129.0,1019741.4400000001,99
2022.0,12.0,913 -Kakamega WS,Sports Wear,5.0,38793.1,5
2022.0,12.0,913 -Kakamega WS,Work Wear,1.0,12500.0,1
2022.0,12.0,99 Warehouse,Bags & Accessories,33.0,342806.04,20
2022.0,12.0,99 Warehouse,Bath & Linens,37.0,462618.93,25
2022.0,12.0,99 Warehouse,Bulk Items,352.0,473900.85,25
2022.0,12.0,99 Warehouse,Dresses & Skirts,75.0,512573.29,46
2022.0,12.0,99 Warehouse,Footwear,92.0,469827.58999999997,3
2022.0,12.0,99 Warehouse,Home Textiles,195.0,2489014.64,93
2022.0,12.0,99 Warehouse,Kids Wear,464.0,4223517.34,159
2022.0,12.0,99 Warehouse,Leather Goods,44.0,288275.86,3
2022.0,12.0,99 Warehouse,Miscellaneous,74.0,455172.41,11
2022.0,12.0,99 Warehouse,Mixed Clothing,60.0,555862.04,15
2022.0,12.0,99 Warehouse,Outerwear,124.0,821583.64,34
2022.0,12.0,99 Warehouse,Pants & Bottoms,335.0,2600593.23,182
2022.0,12.0,99 Warehouse,Shirts & Tops,442.0,3528530.15,161
2022.0,12.0,99 Warehouse,Sports Wear,32.0,236637.93999999997,17
2022.0,12.0,99 Warehouse,Underwear & Basics,6.0,44051.729999999996,3
2022.0,12.0,99 Warehouse,Work Wear,22.0,251508.62,13
2023.0,1.0,901 - Gikomba,Bags & Accessories,34.0,413793.11,10
2023.0,1.0,901 - Gikomba,Bath & Linens,31.0,436637.91,23
2023.0,1.0,901 - Gikomba,Bulk Items,26.0,284051.73,4
2023.0,1.0,901 - Gikomba,Dresses & Skirts,23.0,180172.4,15
2023.0,1.0,901 - Gikomba,Footwear,1.0,5172.41,1
2023.0,1.0,901 - Gikomba,Home Textiles,22.0,248362.06,10
2023.0,1.0,901 - Gikomba,Kids Wear,92.0,900862.11,29
2023.0,1.0,901 - Gikomba,Leather Goods,6.0,45517.24,4
2023.0,1.0,901 - Gikomba,Miscellaneous,4.0,40517.229999999996,4
2023.0,1.0,901 - Gikomba,Mixed Clothing,6.0,59482.759999999995,2
2023.0,1.0,901 - Gikomba,Outerwear,158.0,1067068.95,35
2023.0,1.0,901 - Gikomba,Pants & Bottoms,182.0,1413275.8800000001,73
2023.0,1.0,901 - Gikomba,Shirts & Tops,350.0,2490172.43,70
2023.0,1.0,901 - Gikomba,Sports Wear,7.0,59051.729999999996,4
2023.0,1.0,901 - Gikomba,Underwear & Basics,1.0,7327.59,1
2023.0,1.0,904 - Kericho,Bags & Accessories,4.0,38362.07,4
2023.0,1.0,904 - Kericho,Bath & Linens,7.0,92672.42,7
2023.0,1.0,904 - Kericho,Bulk Items,13.0,153448.29,10
2023.0,1.0,904 - Kericho,Dresses & Skirts,15.0,112758.63,13
2023.0,1.0,904 - Kericho,Footwear,10.0,49568.96,6
2023.0,1.0,904 - Kericho,Home Textiles,15.0,170344.84,13
2023.0,1.0,904 - Kericho,Kids Wear,144.0,1196896.57,52
2023.0,1.0,904 - Kericho,Miscellaneous,31.0,174568.98,12
2023.0,1.0,904 - Kericho,Mixed Clothing,10.0,49137.909999999996,8
2023.0,1.0,904 - Kericho,Outerwear,93.0,652327.59,49
2023.0,1.0,904 - Kericho,Pants & Bottoms,81.0,606422.4299999999,45
2023.0,1.0,904 - Kericho,Shirts & Tops,142.0,1113706.89,68
2023.0,1.0,904 - Kericho,Sports Wear,4.0,34051.729999999996,3
2023.0,1.0,904 - Kericho,Underwear & Basics,2.0,15517.24,2
2023.0,1.0,904 - Kericho,Work Wear,6.0,75862.07,2
2023.0,1.0,904.5 Meru WS,Bags & Accessories,17.0,176465.5,17
2023.0,1.0,904.5 Meru WS,Bath & Linens,10.0,136551.72,9
2023.0,1.0,904.5 Meru WS,Bulk Items,16.0,139224.15,8
2023.0,1.0,904.5 Meru WS,Dresses & Skirts,28.0,220517.24,20
2023.0,1.0,904.5 Meru WS,Footwear,18.0,86637.93,7
2023.0,1.0,904.5 Meru WS,Home Textiles,36.0,318965.54,26
2023.0,1.0,904.5 Meru WS,Kids Wear,107.0,938275.94,69
2023.0,1.0,904.5 Meru WS,Miscellaneous,57.0,347499.99,40
2023.0,1.0,904.5 Meru WS,Mixed Clothing,40.0,246982.71,22
2023.0,1.0,904.5 Meru WS,Outerwear,131.0,948448.31,62
2023.0,1.0,904.5 Meru WS,Pants & Bottoms,126.0,1028103.46,73
2023.0,1.0,904.5 Meru WS,Shirts & Tops,190.0,1417844.8,105
2023.0,1.0,904.5 Meru WS,Sports Wear,4.0,32758.62,3
2023.0,1.0,904.5 Meru WS,Underwear & Basics,2.0,15086.21,2
2023.0,1.0,904.5 Meru WS,Work Wear,3.0,38362.07,2
2023.0,1.0,905 - Eldoret,Bags & Accessories,3.0,30172.41,2
2023.0,1.0,905 - Eldoret,Bath & Linens,10.0,128362.07,7
2023.0,1.0,905 - Eldoret,Bulk Items,20.0,181724.15,10
2023.0,1.0,905 - Eldoret,Dresses & Skirts,10.0,88362.07,9
2023.0,1.0,905 - Eldoret,Footwear,24.0,124396.55,10
2023.0,1.0,905 - Eldoret,Home Textiles,31.0,498793.12,15
2023.0,1.0,905 - Eldoret,Kids Wear,116.0,1134051.71,49
2023.0,1.0,905 - Eldoret,Miscellaneous,60.0,382758.66000000003,24
2023.0,1.0,905 - Eldoret,Mixed Clothing,18.0,115517.23,14
2023.0,1.0,905 - Eldoret,Outerwear,74.0,521810.35000000003,34
2023.0,1.0,905 - Eldoret,Pants & Bottoms,92.0,708275.85,38
2023.0,1.0,905 - Eldoret,Shirts & Tops,160.0,1196120.69,65
2023.0,1.0,905 - Eldoret,Sports Wear,4.0,34051.729999999996,3
2023.0,1.0,905 - Eldoret,Underwear & Basics,5.0,37931.04,5
2023.0,1.0,905 - Eldoret,Work Wear,2.0,25000.0,1
2023.0,1.0,906 - Kisii,Bags & Accessories,4.0,26293.1,4
2023.0,1.0,906 - Kisii,Bath & Linens,1.0,13793.1,1
2023.0,1.0,906 - Kisii,Bulk Items,7.0,82758.62,3
2023.0,1.0,906 - Kisii,Dresses & Skirts,2.0,14224.14,2
2023.0,1.0,906 - Kisii,Footwear,2.0,9051.720000000001,2
2023.0,1.0,906 - Kisii,Home Textiles,13.0,175000.02,9
2023.0,1.0,906 - Kisii,Kids Wear,47.0,432241.38,21
2023.0,1.0,906 - Kisii,Miscellaneous,10.0,64655.17,5
2023.0,1.0,906 - Kisii,Outerwear,20.0,135603.45,7
2023.0,1.0,906 - Kisii,Pants & Bottoms,30.0,253103.44,20
2023.0,1.0,906 - Kisii,Shirts & Tops,25.0,198275.84,18
2023.0,1.0,906 - Kisii,Sports Wear,2.0,16379.31,1
2023.0,1.0,907-Kisumu WS,Bags & Accessories,76.0,472413.78,17
2023.0,1.0,907-Kisumu WS,Bath & Linens,7.0,96982.76,7
2023.0,1.0,907-Kisumu WS,Bulk Items,75.0,224051.74,27
2023.0,1.0,907-Kisumu WS,Dresses & Skirts,38.0,291982.73,29
2023.0,1.0,907-Kisumu WS,Footwear,10.0,51293.09,7
2023.0,1.0,907-Kisumu WS,Home Textiles,62.0,642974.17,30
2023.0,1.0,907-Kisumu WS,Kids Wear,240.0,1873275.86,74
2023.0,1.0,907-Kisumu WS,Miscellaneous,89.0,528017.27,37
2023.0,1.0,907-Kisumu WS,Mixed Clothing,41.0,214482.72,19
2023.0,1.0,907-Kisumu WS,Outerwear,111.0,753275.8200000001,46
2023.0,1.0,907-Kisumu WS,Pants & Bottoms,157.0,1284051.67,89
2023.0,1.0,907-Kisumu WS,Shirts & Tops,152.0,1091810.28,75
2023.0,1.0,907-Kisumu WS,Sports Wear,4.0,32241.37,3
2023.0,1.0,907-Kisumu WS,Underwear & Basics,10.0,75862.08,9
2023.0,1.0,907-Kisumu WS,Work Wear,3.0,38793.1,2
2023.0,1.0,910 - Kitale,Bags & Accessories,13.0,128017.25,11
2023.0,1.0,910 - Kitale,Bath & Linens,7.0,89482.75,7
2023.0,1.0,910 - Kitale,Bulk Items,46.0,151293.09,11
2023.0,1.0,910 - Kitale,Dresses & Skirts,13.0,155603.43,11
2023.0,1.0,910 - Kitale,Footwear,10.0,51724.13,6
2023.0,1.0,910 - Kitale,Home Textiles,22.0,285000.02,17
2023.0,1.0,910 - Kitale,Kids Wear,87.0,795172.34,61
2023.0,1.0,910 - Kitale,Miscellaneous,38.0,238793.1,29
2023.0,1.0,910 - Kitale,Mixed Clothing,11.0,70344.82,7
2023.0,1.0,910 - Kitale,Outerwear,84.0,571120.7,48
2023.0,1.0,910 - Kitale,Pants & Bottoms,60.0,505172.35,43
2023.0,1.0,910 - Kitale,Shirts & Tops,83.0,675517.22,56
2023.0,1.0,910 - Kitale,Sports Wear,4.0,32327.589999999997,3
2023.0,1.0,910 - Kitale,Underwear & Basics,4.0,31034.48,4
2023.0,1.0,910 - Kitale,Work Wear,2.0,25862.07,1
2023.0,1.0,913 -Kakamega WS,Bags & Accessories,5.0,55000.0,4
2023.0,1.0,913 -Kakamega WS,Bath & Linens,4.0,51551.72,4
2023.0,1.0,913 -Kakamega WS,Bulk Items,32.0,102586.2,6
2023.0,1.0,913 -Kakamega WS,Dresses & Skirts,18.0,145086.2,18
2023.0,1.0,913 -Kakamega WS,Footwear,2.0,9482.75,2
2023.0,1.0,913 -Kakamega WS,Home Textiles,11.0,150000.0,9
2023.0,1.0,913 -Kakamega WS,Kids Wear,141.0,1122327.55,62
2023.0,1.0,913 -Kakamega WS,Miscellaneous,41.0,248275.86,24
2023.0,1.0,913 -Kakamega WS,Mixed Clothing,4.0,30172.42,3
2023.0,1.0,913 -Kakamega WS,Outerwear,99.0,688189.71,55
2023.0,1.0,913 -Kakamega WS,Pants & Bottoms,68.0,542155.2,52
2023.0,1.0,913 -Kakamega WS,Shirts & Tops,95.0,745517.13,75
2023.0,1.0,913 -Kakamega WS,Sports Wear,3.0,24568.97,2
2023.0,1.0,913 -Kakamega WS,Underwear & Basics,7.0,51724.15,7
2023.0,1.0,913 -Kakamega WS,Work Wear,4.0,50000.0,2
2023.0,1.0,914-EMBU WS,Bulk Items,2.0,17672.42,2
2023.0,1.0,914-EMBU WS,Dresses & Skirts,1.0,7758.62,1
2023.0,1.0,914-EMBU WS,Kids Wear,2.0,16637.93,2
2023.0,1.0,914-EMBU WS,Outerwear,5.0,34137.93,3
2023.0,1.0,914-EMBU WS,Pants & Bottoms,9.0,84827.59,6
2023.0,1.0,914-EMBU WS,Shirts & Tops,11.0,91637.93,8
2023.0,1.0,99 Warehouse,Bags & Accessories,70.0,832064.65,42
2023.0,1.0,99 Warehouse,Bath & Linens,114.0,1477793.15,66
2023.0,1.0,99 Warehouse,Bulk Items,374.0,983307.74,49
2023.0,1.0,99 Warehouse,Dresses & Skirts,114.0,905060.3099999999,64
2023.0,1.0,99 Warehouse,Footwear,173.0,865021.55,7
2023.0,1.0,99 Warehouse,Home Textiles,130.0,1758726.71,76
2023.0,1.0,99 Warehouse,Kids Wear,570.0,5674412.85,200
2023.0,1.0,99 Warehouse,Leather Goods,47.0,343474.14,3
2023.0,1.0,99 Warehouse,Miscellaneous,89.0,632155.15,17
2023.0,1.0,99 Warehouse,Mixed Clothing,37.0,390862.08,11
2023.0,1.0,99 Warehouse,Outerwear,130.0,983663.79,43
2023.0,1.0,99 Warehouse,Pants & Bottoms,587.0,4658069.02,267
2023.0,1.0,99 Warehouse,Shirts & Tops,825.0,6367314.69,288
2023.0,1.0,99 Warehouse,Sports Wear,46.0,385344.79,28
2023.0,1.0,99 Warehouse,Underwear & Basics,14.0,259094.84,4
2023.0,1.0,99 Warehouse,Work Wear,14.0,172629.3,11
2023.0,2.0,901 - Gikomba,Bags & Accessories,22.0,268534.47000000003,11
2023.0,2.0,901 - Gikomba,Bath & Linens,16.0,215948.29,9
2023.0,2.0,901 - Gikomba,Bulk Items,8.0,41379.31,3
2023.0,2.0,901 - Gikomba,Dresses & Skirts,25.0,202586.21,16
2023.0,2.0,901 - Gikomba,Footwear,29.0,149741.38,3
2023.0,2.0,901 - Gikomba,Home Textiles,7.0,93534.49,6
2023.0,2.0,901 - Gikomba,Kids Wear,75.0,718620.66,25
2023.0,2.0,901 - Gikomba,Leather Goods,3.0,24568.96,3
2023.0,2.0,901 - Gikomba,Miscellaneous,1.0,6034.48,1
2023.0,2.0,901 - Gikomba,Mixed Clothing,2.0,20689.66,2
2023.0,2.0,901 - Gikomba,Outerwear,91.0,646120.66,30
2023.0,2.0,901 - Gikomba,Pants & Bottoms,120.0,954051.68,60
2023.0,2.0,901 - Gikomba,Shirts & Tops,425.0,3018620.68,57
2023.0,2.0,901 - Gikomba,Sports Wear,4.0,34482.76,3
2023.0,2.0,901 - Gikomba,Underwear & Basics,1.0,7758.62,1
2023.0,2.0,901 - Gikomba,Work Wear,3.0,38793.1,2
2023.0,2.0,904 - Kericho,Bags & Accessories,6.0,51551.72,5
2023.0,2.0,904 - Kericho,Bath & Linens,6.0,83189.65,5
2023.0,2.0,904 - Kericho,Bulk Items,6.0,72413.8,4
2023.0,2.0,904 - Kericho,Dresses & Skirts,7.0,51724.14,7
2023.0,2.0,904 - Kericho,Footwear,4.0,20689.64,4
2023.0,2.0,904 - Kericho,Home Textiles,7.0,93965.53,6
2023.0,2.0,904 - Kericho,Kids Wear,78.0,661896.53,52
2023.0,2.0,904 - Kericho,Miscellaneous,15.0,99568.96,9
2023.0,2.0,904 - Kericho,Mixed Clothing,9.0,52155.14,9
2023.0,2.0,904 - Kericho,Outerwear,57.0,417844.83,31
2023.0,2.0,904 - Kericho,Pants & Bottoms,53.0,413362.06,38
2023.0,2.0,904 - Kericho,Shirts & Tops,76.0,606724.09,46
2023.0,2.0,904 - Kericho,Sports Wear,2.0,17241.38,2
2023.0,2.0,904 - Kericho,Work Wear,2.0,25862.06,2
2023.0,2.0,904.5 Meru WS,Bags & Accessories,9.0,84999.98999999999,7
2023.0,2.0,904.5 Meru WS,Bath & Linens,2.0,28103.44,2
2023.0,2.0,904.5 Meru WS,Bulk Items,6.0,55172.43,6
2023.0,2.0,904.5 Meru WS,Dresses & Skirts,15.0,114827.56999999999,14
2023.0,2.0,904.5 Meru WS,Footwear,16.0,82758.59,11
2023.0,2.0,904.5 Meru WS,Home Textiles,20.0,214008.63,18
2023.0,2.0,904.5 Meru WS,Kids Wear,61.0,512068.99,43
2023.0,2.0,904.5 Meru WS,Miscellaneous,44.0,292931.02,23
2023.0,2.0,904.5 Meru WS,Mixed Clothing,19.0,103448.23,16
2023.0,2.0,904.5 Meru WS,Outerwear,48.0,367758.6,42
2023.0,2.0,904.5 Meru WS,Pants & Bottoms,83.0,713017.31,63
2023.0,2.0,904.5 Meru WS,Shirts & Tops,131.0,989224.14,75
2023.0,2.0,904.5 Meru WS,Sports Wear,1.0,8620.69,1
2023.0,2.0,904.5 Meru WS,Underwear & Basics,1.0,8189.66,1
2023.0,2.0,904.5 Meru WS,Work Wear,1.0,12931.03,1
2023.0,2.0,905 - Eldoret,Bags & Accessories,3.0,35000.0,2
2023.0,2.0,905 - Eldoret,Bath & Linens,12.0,165948.28,7
2023.0,2.0,905 - Eldoret,Bulk Items,64.0,233620.71,10
2023.0,2.0,905 - Eldoret,Dresses & Skirts,6.0,53017.24,6
2023.0,2.0,905 - Eldoret,Footwear,10.0,51293.11,5
2023.0,2.0,905 - Eldoret,Home Textiles,24.0,313362.06000000006,12
2023.0,2.0,905 - Eldoret,Kids Wear,54.0,562931.02,36
2023.0,2.0,905 - Eldoret,Miscellaneous,73.0,479741.38,24
2023.0,2.0,905 - Eldoret,Mixed Clothing,18.0,110344.79,16
2023.0,2.0,905 - Eldoret,Outerwear,55.0,388965.51,24
2023.0,2.0,905 - Eldoret,Pants & Bottoms,81.0,627672.38,42
2023.0,2.0,905 - Eldoret,Shirts & Tops,89.0,715430.98,49
2023.0,2.0,905 - Eldoret,Sports Wear,2.0,17241.38,2
2023.0,2.0,905 - Eldoret,Underwear & Basics,5.0,38793.1,3
2023.0,2.0,905 - Eldoret,Work Wear,1.0,12931.03,1
2023.0,2.0,906 - Kisii,Bags & Accessories,4.0,32327.58,4
2023.0,2.0,906 - Kisii,Bath & Linens,4.0,53706.89,4
2023.0,2.0,906 - Kisii,Bulk Items,3.0,36206.909999999996,3
2023.0,2.0,906 - Kisii,Dresses & Skirts,11.0,78017.23,8
2023.0,2.0,906 - Kisii,Footwear,3.0,15172.41,2
2023.0,2.0,906 - Kisii,Home Textiles,10.0,120689.65,8
2023.0,2.0,906 - Kisii,Kids Wear,51.0,443620.7,31
2023.0,2.0,906 - Kisii,Miscellaneous,24.0,147068.94,17
2023.0,2.0,906 - Kisii,Mixed Clothing,8.0,49999.990000000005,6
2023.0,2.0,906 - Kisii,Outerwear,51.0,398534.51,17
2023.0,2.0,906 - Kisii,Pants & Bottoms,33.0,283017.24,27
2023.0,2.0,906 - Kisii,Shirts & Tops,45.0,355603.42,35
2023.0,2.0,906 - Kisii,Sports Wear,5.0,41810.350000000006,3
2023.0,2.0,906 - Kisii,Underwear & Basics,1.0,7758.62,1
2023.0,2.0,906 - Kisii,Work Wear,3.0,38793.090000000004,3
2023.0,2.0,907-Kisumu WS,Bags & Accessories,23.0,168103.44,8
2023.0,2.0,907-Kisumu WS,Bath & Linens,6.0,83189.65,5
2023.0,2.0,907-Kisumu WS,Bulk Items,29.0,78017.26,14
2023.0,2.0,907-Kisumu WS,Dresses & Skirts,17.0,131982.77,16
2023.0,2.0,907-Kisumu WS,Footwear,7.0,35344.81,6
2023.0,2.0,907-Kisumu WS,Home Textiles,23.0,218965.56,17
2023.0,2.0,907-Kisumu WS,Kids Wear,77.0,666982.77,48
2023.0,2.0,907-Kisumu WS,Miscellaneous,55.0,337068.96,21
2023.0,2.0,907-Kisumu WS,Mixed Clothing,23.0,120086.17,16
2023.0,2.0,907-Kisumu WS,Outerwear,43.0,305258.62,27
2023.0,2.0,907-Kisumu WS,Pants & Bottoms,65.0,550344.86,51
2023.0,2.0,907-Kisumu WS,Shirts & Tops,69.0,541896.51,46
2023.0,2.0,907-Kisumu WS,Sports Wear,2.0,17241.38,2
2023.0,2.0,907-Kisumu WS,Underwear & Basics,4.0,31034.48,4
2023.0,2.0,907-Kisumu WS,Work Wear,1.0,12931.03,1
2023.0,2.0,910 - Kitale,Bags & Accessories,6.0,47155.19,6
2023.0,2.0,910 - Kitale,Bath & Linens,10.0,139655.16999999998,8
2023.0,2.0,910 - Kitale,Bulk Items,17.0,97413.8,6
2023.0,2.0,910 - Kitale,Dresses & Skirts,10.0,102672.41,9
2023.0,2.0,910 - Kitale,Footwear,17.0,87068.95999999999,8
2023.0,2.0,910 - Kitale,Home Textiles,14.0,170517.25,12
2023.0,2.0,910 - Kitale,Kids Wear,95.0,893275.9,63
2023.0,2.0,910 - Kitale,Miscellaneous,37.0,243965.51,22
2023.0,2.0,910 - Kitale,Mixed Clothing,21.0,117241.36,15
2023.0,2.0,910 - Kitale,Outerwear,46.0,344568.91,37
2023.0,2.0,910 - Kitale,Pants & Bottoms,45.0,399224.11,35
2023.0,2.0,910 - Kitale,Shirts & Tops,55.0,509568.92,42
2023.0,2.0,910 - Kitale,Sports Wear,1.0,8620.69,1
2023.0,2.0,910 - Kitale,Underwear & Basics,1.0,7758.62,1
2023.0,2.0,910 - Kitale,Work Wear,1.0,12931.03,1
2023.0,2.0,913 -Kakamega WS,Bags & Accessories,5.0,54568.97,5
2023.0,2.0,913 -Kakamega WS,Bath & Linens,4.0,54224.14,3
2023.0,2.0,913 -Kakamega WS,Bulk Items,24.0,74137.95,5
2023.0,2.0,913 -Kakamega WS,Dresses & Skirts,12.0,98275.85,10
2023.0,2.0,913 -Kakamega WS,Footwear,4.0,20689.65,3
2023.0,2.0,913 -Kakamega WS,Home Textiles,7.0,87844.84,7
2023.0,2.0,913 -Kakamega WS,Kids Wear,83.0,701293.1,53
2023.0,2.0,913 -Kakamega WS,Miscellaneous,36.0,235775.87,16
2023.0,2.0,913 -Kakamega WS,Mixed Clothing,9.0,51724.119999999995,8
2023.0,2.0,913 -Kakamega WS,Outerwear,32.0,232155.16,23
2023.0,2.0,913 -Kakamega WS,Pants & Bottoms,49.0,428491.41000000003,40
2023.0,2.0,913 -Kakamega WS,Shirts & Tops,42.0,366293.06,34
2023.0,2.0,913 -Kakamega WS,Sports Wear,2.0,16810.35,2
2023.0,2.0,913 -Kakamega WS,Work Wear,1.0,12931.03,1
2023.0,2.0,914-EMBU WS,Bags & Accessories,1.0,11896.55,1
2023.0,2.0,914-EMBU WS,Kids Wear,5.0,43620.69,3
2023.0,2.0,914-EMBU WS,Outerwear,5.0,29568.96,5
2023.0,2.0,914-EMBU WS,Pants & Bottoms,1.0,6896.55,1
2023.0,2.0,914-EMBU WS,Shirts & Tops,4.0,31551.72,4
2023.0,2.0,99 Warehouse,Bags & Accessories,58.0,623809.47,43
2023.0,2.0,99 Warehouse,Bath & Linens,127.0,1654875.08,54
2023.0,2.0,99 Warehouse,Bulk Items,254.0,458706.91,33
2023.0,2.0,99 Warehouse,Dresses & Skirts,62.0,443780.19,33
2023.0,2.0,99 Warehouse,Footwear,128.0,650172.41,6
2023.0,2.0,99 Warehouse,Home Textiles,109.0,1384674.93,63
2023.0,2.0,99 Warehouse,Kids Wear,300.0,3066120.72,115
2023.0,2.0,99 Warehouse,Leather Goods,30.0,221120.69,1
2023.0,2.0,99 Warehouse,Miscellaneous,151.0,1014887.93,19
2023.0,2.0,99 Warehouse,Mixed Clothing,4.0,40129.31,2
2023.0,2.0,99 Warehouse,Outerwear,132.0,1065383.71,58
2023.0,2.0,99 Warehouse,Pants & Bottoms,275.0,2255353.54,144
2023.0,2.0,99 Warehouse,Shirts & Tops,593.0,4516870.69,180
2023.0,2.0,99 Warehouse,Sports Wear,27.0,221120.72,15
2023.0,2.0,99 Warehouse,Underwear & Basics,7.0,104870.69,3
2023.0,2.0,99 Warehouse,Work Wear,25.0,295043.08999999997,14
2023.0,3.0,901 - Gikomba,Bags & Accessories,20.0,222413.79,13
2023.0,3.0,901 - Gikomba,Bath & Linens,25.0,354310.33999999997,17
2023.0,3.0,901 - Gikomba,Bulk Items,13.0,153879.33000000002,7
2023.0,3.0,901 - Gikomba,Dresses & Skirts,23.0,188189.64,14
2023.0,3.0,901 - Gikomba,Footwear,12.0,62068.96000000001,2
2023.0,3.0,901 - Gikomba,Home Textiles,10.0,127586.22,9
2023.0,3.0,901 - Gikomba,Kids Wear,65.0,667241.38,31
2023.0,3.0,901 - Gikomba,Leather Goods,4.0,31034.48,3
2023.0,3.0,901 - Gikomba,Miscellaneous,5.0,29741.379999999997,4
2023.0,3.0,901 - Gikomba,Mixed Clothing,9.0,87499.98999999999,4
2023.0,3.0,901 - Gikomba,Outerwear,150.0,1076465.52,45
2023.0,3.0,901 - Gikomba,Pants & Bottoms,163.0,1313534.41,65
2023.0,3.0,901 - Gikomba,Shirts & Tops,502.0,3650172.41,93
2023.0,3.0,901 - Gikomba,Sports Wear,1.0,8620.69,1
2023.0,3.0,901 - Gikomba,Underwear & Basics,4.0,69827.59,2
2023.0,3.0,901 - Gikomba,Work Wear,6.0,78017.23,4
2023.0,3.0,904 - Kericho,Bags & Accessories,10.0,102068.95,9
2023.0,3.0,904 - Kericho,Bath & Linens,2.0,28103.44,2
2023.0,3.0,904 - Kericho,Bulk Items,9.0,104310.36,6
2023.0,3.0,904 - Kericho,Dresses & Skirts,6.0,48965.52,6
2023.0,3.0,904 - Kericho,Footwear,44.0,227068.93,26
2023.0,3.0,904 - Kericho,Home Textiles,32.0,333965.52999999997,19
2023.0,3.0,904 - Kericho,Kids Wear,142.0,1204913.8,86
2023.0,3.0,904 - Kericho,Miscellaneous,24.0,149568.96,17
2023.0,3.0,904 - Kericho,Mixed Clothing,24.0,142931.03,9
2023.0,3.0,904 - Kericho,Outerwear,126.0,930431.0599999999,74
2023.0,3.0,904 - Kericho,Pants & Bottoms,89.0,712155.1799999999,58
2023.0,3.0,904 - Kericho,Shirts & Tops,95.0,758879.2,70
2023.0,3.0,904 - Kericho,Sports Wear,3.0,25862.07,3
2023.0,3.0,904 - Kericho,Work Wear,2.0,25862.06,2
2023.0,3.0,904.5 Meru WS,Bags & Accessories,23.0,204827.57,21
2023.0,3.0,904.5 Meru WS,Bath & Linens,24.0,338189.64999999997,20
2023.0,3.0,904.5 Meru WS,Bulk Items,23.0,50948.28,8
2023.0,3.0,904.5 Meru WS,Dresses & Skirts,15.0,119396.54,13
2023.0,3.0,904.5 Meru WS,Footwear,67.0,346120.63,40
2023.0,3.0,904.5 Meru WS,Home Textiles,44.0,398534.48,23
2023.0,3.0,904.5 Meru WS,Kids Wear,126.0,1136250.07,93
2023.0,3.0,904.5 Meru WS,Miscellaneous,33.0,202155.15,26
2023.0,3.0,904.5 Meru WS,Mixed Clothing,23.0,136637.88999999998,17
2023.0,3.0,904.5 Meru WS,Outerwear,168.0,1262844.77,101
2023.0,3.0,904.5 Meru WS,Pants & Bottoms,143.0,1217543.15,99
2023.0,3.0,904.5 Meru WS,Shirts & Tops,220.0,1722586.15,127
2023.0,3.0,904.5 Meru WS,Sports Wear,3.0,25862.07,3
2023.0,3.0,904.5 Meru WS,Underwear & Basics,1.0,7758.62,1
2023.0,3.0,904.5 Meru WS,Work Wear,6.0,77586.19,5
2023.0,3.0,905 - Eldoret,Bags & Accessories,13.0,143017.23,8
2023.0,3.0,905 - Eldoret,Bath & Linens,5.0,64396.549999999996,5
2023.0,3.0,905 - Eldoret,Bulk Items,33.0,75000.01,4
2023.0,3.0,905 - Eldoret,Dresses & Skirts,20.0,174741.38,15
2023.0,3.0,905 - Eldoret,Footwear,146.0,735948.24,28
2023.0,3.0,905 - Eldoret,Home Textiles,29.0,451982.76,21
2023.0,3.0,905 - Eldoret,Kids Wear,112.0,1002672.4500000001,63
2023.0,3.0,905 - Eldoret,Miscellaneous,54.0,349137.91,29
2023.0,3.0,905 - Eldoret,Mixed Clothing,33.0,153448.26,12
2023.0,3.0,905 - Eldoret,Outerwear,98.0,689224.1799999999,54
2023.0,3.0,905 - Eldoret,Pants & Bottoms,89.0,689137.9,38
2023.0,3.0,905 - Eldoret,Shirts & Tops,101.0,850172.35,68
2023.0,3.0,905 - Eldoret,Sports Wear,2.0,17241.38,2
2023.0,3.0,905 - Eldoret,Underwear & Basics,10.0,77155.17,6
2023.0,3.0,905 - Eldoret,Work Wear,3.0,39224.130000000005,3
2023.0,3.0,906 - Kisii,Bags & Accessories,4.0,44827.58,3
2023.0,3.0,906 - Kisii,Bath & Linens,4.0,55862.06,4
2023.0,3.0,906 - Kisii,Bulk Items,5.0,60344.84,3
2023.0,3.0,906 - Kisii,Dresses & Skirts,9.0,66551.71,8
2023.0,3.0,906 - Kisii,Footwear,13.0,63362.06,7
2023.0,3.0,906 - Kisii,Home Textiles,12.0,140431.05,11
2023.0,3.0,906 - Kisii,Kids Wear,71.0,646120.68,43
2023.0,3.0,906 - Kisii,Miscellaneous,21.0,126724.12,13
2023.0,3.0,906 - Kisii,Mixed Clothing,9.0,46982.75,7
2023.0,3.0,906 - Kisii,Outerwear,42.0,316724.16,25
2023.0,3.0,906 - Kisii,Pants & Bottoms,30.0,252931.02,24
2023.0,3.0,906 - Kisii,Shirts & Tops,61.0,497413.77,43
2023.0,3.0,906 - Kisii,Sports Wear,2.0,17241.38,2
2023.0,3.0,906 - Kisii,Work Wear,2.0,25862.06,2
2023.0,3.0,907-Kisumu WS,Bags & Accessories,26.0,181551.71000000002,10
2023.0,3.0,907-Kisumu WS,Bath & Linens,12.0,161637.92,9
2023.0,3.0,907-Kisumu WS,Bulk Items,47.0,386637.96,15
2023.0,3.0,907-Kisumu WS,Dresses & Skirts,41.0,321896.54,29
2023.0,3.0,907-Kisumu WS,Footwear,29.0,149568.91999999998,22
2023.0,3.0,907-Kisumu WS,Home Textiles,40.0,441551.75,24
2023.0,3.0,907-Kisumu WS,Kids Wear,153.0,1264741.34,75
2023.0,3.0,907-Kisumu WS,Miscellaneous,66.0,413362.1,32
2023.0,3.0,907-Kisumu WS,Mixed Clothing,29.0,157327.57,12
2023.0,3.0,907-Kisumu WS,Outerwear,87.0,620775.89,53
2023.0,3.0,907-Kisumu WS,Pants & Bottoms,138.0,1177413.8900000001,87
2023.0,3.0,907-Kisumu WS,Shirts & Tops,89.0,709396.53,66
2023.0,3.0,907-Kisumu WS,Sports Wear,3.0,27586.21,2
2023.0,3.0,907-Kisumu WS,Underwear & Basics,4.0,31034.48,4
2023.0,3.0,907-Kisumu WS,Work Wear,2.0,25862.06,2
2023.0,3.0,910 - Kitale,Bags & Accessories,22.0,199482.74,17
2023.0,3.0,910 - Kitale,Bath & Linens,11.0,146120.69,8
2023.0,3.0,910 - Kitale,Bulk Items,89.0,151724.14,9
2023.0,3.0,910 - Kitale,Dresses & Skirts,9.0,102413.79000000001,9
2023.0,3.0,910 - Kitale,Footwear,53.0,275689.63,20
2023.0,3.0,910 - Kitale,Home Textiles,26.0,338577.6,21
2023.0,3.0,910 - Kitale,Kids Wear,132.0,1201724.11,65
2023.0,3.0,910 - Kitale,Miscellaneous,33.0,225862.08,26
2023.0,3.0,910 - Kitale,Mixed Clothing,16.0,83448.23,15
2023.0,3.0,910 - Kitale,Outerwear,95.0,678706.88,67
2023.0,3.0,910 - Kitale,Pants & Bottoms,65.0,554913.8,48
2023.0,3.0,910 - Kitale,Shirts & Tops,89.0,815344.79,54
2023.0,3.0,910 - Kitale,Sports Wear,5.0,43965.520000000004,5
2023.0,3.0,910 - Kitale,Underwear & Basics,1.0,7327.59,1
2023.0,3.0,910 - Kitale,Work Wear,5.0,64655.16,3
2023.0,3.0,913 -Kakamega WS,Bags & Accessories,6.0,63879.3,6
2023.0,3.0,913 -Kakamega WS,Bath & Linens,3.0,40344.82,3
2023.0,3.0,913 -Kakamega WS,Bulk Items,47.0,82327.59,6
2023.0,3.0,913 -Kakamega WS,Dresses & Skirts,10.0,74396.55,9
2023.0,3.0,913 -Kakamega WS,Footwear,26.0,129827.58,10
2023.0,3.0,913 -Kakamega WS,Home Textiles,10.0,138793.11,9
2023.0,3.0,913 -Kakamega WS,Kids Wear,127.0,1002844.79,57
2023.0,3.0,913 -Kakamega WS,Miscellaneous,38.0,255603.44999999998,28
2023.0,3.0,913 -Kakamega WS,Mixed Clothing,13.0,68534.48,8
2023.0,3.0,913 -Kakamega WS,Outerwear,96.0,691120.6799999999,54
2023.0,3.0,913 -Kakamega WS,Pants & Bottoms,43.0,376120.69,40
2023.0,3.0,913 -Kakamega WS,Shirts & Tops,93.0,786637.89,65
2023.0,3.0,913 -Kakamega WS,Sports Wear,4.0,33620.69,3
2023.0,3.0,913 -Kakamega WS,Work Wear,2.0,25862.06,2
2023.0,3.0,914-EMBU WS,Bags & Accessories,1.0,11206.9,1
2023.0,3.0,914-EMBU WS,Footwear,1.0,5172.41,1
2023.0,3.0,914-EMBU WS,Home Textiles,1.0,10301.72,1
2023.0,3.0,914-EMBU WS,Kids Wear,5.0,53965.520000000004,3
2023.0,3.0,914-EMBU WS,Miscellaneous,6.0,46120.69,2
2023.0,3.0,914-EMBU WS,Outerwear,1.0,5172.41,1
2023.0,3.0,914-EMBU WS,Pants & Bottoms,6.0,53017.23,6
2023.0,3.0,914-EMBU WS,Shirts & Tops,4.0,34741.37,4
2023.0,3.0,99 Warehouse,Bags & Accessories,83.0,906142.27,62
2023.0,3.0,99 Warehouse,Bath & Linens,208.0,2784405.27,134
2023.0,3.0,99 Warehouse,Bulk Items,328.0,1034234.5,77
2023.0,3.0,99 Warehouse,Dresses & Skirts,116.0,921375.01,64
2023.0,3.0,99 Warehouse,Footwear,426.0,2116120.71,20
2023.0,3.0,99 Warehouse,Home Textiles,162.0,2087064.63,93
2023.0,3.0,99 Warehouse,Kids Wear,511.0,5450448.15,233
2023.0,3.0,99 Warehouse,Leather Goods,35.0,257974.14,2
2023.0,3.0,99 Warehouse,Miscellaneous,56.0,419206.89999999997,20
2023.0,3.0,99 Warehouse,Mixed Clothing,79.0,690107.79,29
2023.0,3.0,99 Warehouse,Outerwear,396.0,2948879.43,127
2023.0,3.0,99 Warehouse,Pants & Bottoms,518.0,4267366.56,290
2023.0,3.0,99 Warehouse,Shirts & Tops,770.0,6773038.66,313
2023.0,3.0,99 Warehouse,Sports Wear,48.0,411228.55,35
2023.0,3.0,99 Warehouse,Underwear & Basics,5.0,36853.45,3
2023.0,3.0,99 Warehouse,Work Wear,31.0,377823.20999999996,27
2023.0,4.0,901 - Gikomba,Bags & Accessories,29.0,266810.34,12
2023.0,4.0,901 - Gikomba,Bath & Linens,27.0,347931.02999999997,16
2023.0,4.0,901 - Gikomba,Bulk Items,6.0,82758.62,3
2023.0,4.0,901 - Gikomba,Dresses & Skirts,32.0,244827.57,14
2023.0,4.0,901 - Gikomba,Footwear,17.0,87931.04000000001,2
2023.0,4.0,901 - Gikomba,Home Textiles,18.0,247413.79,12
2023.0,4.0,901 - Gikomba,Kids Wear,71.0,702499.97,29
2023.0,4.0,901 - Gikomba,Leather Goods,4.0,28448.28,2
2023.0,4.0,901 - Gikomba,Miscellaneous,4.0,24137.93,3
2023.0,4.0,901 - Gikomba,Mixed Clothing,27.0,268103.46,7
2023.0,4.0,901 - Gikomba,Outerwear,86.0,660086.2,31
2023.0,4.0,901 - Gikomba,Pants & Bottoms,128.0,956293.11,43
2023.0,4.0,901 - Gikomba,Shirts & Tops,337.0,2499137.91,58
2023.0,4.0,901 - Gikomba,Sports Wear,6.0,51293.11,4
2023.0,4.0,901 - Gikomba,Work Wear,1.0,12931.03,1
2023.0,4.0,904 - Kericho,Bags & Accessories,5.0,58275.86,4
2023.0,4.0,904 - Kericho,Bath & Linens,3.0,43103.45,2
2023.0,4.0,904 - Kericho,Bulk Items,6.0,72413.81,5
2023.0,4.0,904 - Kericho,Dresses & Skirts,12.0,100862.06,10
2023.0,4.0,904 - Kericho,Footwear,17.0,87931.01,11
2023.0,4.0,904 - Kericho,Home Textiles,12.0,140344.84,11
2023.0,4.0,904 - Kericho,Kids Wear,156.0,1272672.36,68
2023.0,4.0,904 - Kericho,Miscellaneous,29.0,182758.61,18
2023.0,4.0,904 - Kericho,Mixed Clothing,6.0,40948.28,5
2023.0,4.0,904 - Kericho,Outerwear,120.0,910775.86,63
2023.0,4.0,904 - Kericho,Pants & Bottoms,88.0,744913.86,49
2023.0,4.0,904 - Kericho,Shirts & Tops,87.0,680043.04,57
2023.0,4.0,904 - Kericho,Sports Wear,4.0,34482.76,4
2023.0,4.0,904 - Kericho,Underwear & Basics,1.0,7758.62,1
2023.0,4.0,904.5 Meru WS,Bags & Accessories,21.0,201206.88,15
2023.0,4.0,904.5 Meru WS,Bath & Linens,17.0,236551.72,16
2023.0,4.0,904.5 Meru WS,Bulk Items,21.0,138793.11000000002,10
2023.0,4.0,904.5 Meru WS,Dresses & Skirts,27.0,206724.13,15
2023.0,4.0,904.5 Meru WS,Footwear,16.0,82758.59999999999,10
2023.0,4.0,904.5 Meru WS,Home Textiles,24.0,303017.25,20
2023.0,4.0,904.5 Meru WS,Kids Wear,109.0,977370.7,67
2023.0,4.0,904.5 Meru WS,Miscellaneous,30.0,199137.93,18
2023.0,4.0,904.5 Meru WS,Mixed Clothing,23.0,132327.58,14
2023.0,4.0,904.5 Meru WS,Outerwear,133.0,1030517.1799999999,85
2023.0,4.0,904.5 Meru WS,Pants & Bottoms,136.0,1173793.19,105
2023.0,4.0,904.5 Meru WS,Shirts & Tops,179.0,1382887.87,98
2023.0,4.0,904.5 Meru WS,Sports Wear,8.0,82586.21,6
2023.0,4.0,904.5 Meru WS,Underwear & Basics,2.0,15517.24,2
2023.0,4.0,904.5 Meru WS,Work Wear,1.0,13103.45,1
2023.0,4.0,905 - Eldoret,Bags & Accessories,13.0,142586.19999999998,9
2023.0,4.0,905 - Eldoret,Bath & Linens,10.0,135258.62,9
2023.0,4.0,905 - Eldoret,Bulk Items,48.0,116379.33,8
2023.0,4.0,905 - Eldoret,Dresses & Skirts,12.0,109181.03,11
2023.0,4.0,905 - Eldoret,Footwear,85.0,432241.38,19
2023.0,4.0,905 - Eldoret,Home Textiles,45.0,710172.4400000001,27
2023.0,4.0,905 - Eldoret,Kids Wear,150.0,1448448.21,55
2023.0,4.0,905 - Eldoret,Miscellaneous,52.0,326293.11,23
2023.0,4.0,905 - Eldoret,Mixed Clothing,49.0,246120.66,17
2023.0,4.0,905 - Eldoret,Outerwear,90.0,649396.59,42
2023.0,4.0,905 - Eldoret,Pants & Bottoms,106.0,844741.39,54
2023.0,4.0,905 - Eldoret,Shirts & Tops,121.0,1024051.7,67
2023.0,4.0,905 - Eldoret,Sports Wear,6.0,51293.11,6
2023.0,4.0,905 - Eldoret,Underwear & Basics,10.0,92241.37,8
2023.0,4.0,906 - Kisii,Bags & Accessories,2.0,18103.45,2
2023.0,4.0,906 - Kisii,Bath & Linens,6.0,78534.48,6
2023.0,4.0,906 - Kisii,Bulk Items,4.0,48275.88,4
2023.0,4.0,906 - Kisii,Dresses & Skirts,2.0,14827.59,2
2023.0,4.0,906 - Kisii,Footwear,3.0,15517.23,3
2023.0,4.0,906 - Kisii,Home Textiles,19.0,223448.3,15
2023.0,4.0,906 - Kisii,Kids Wear,68.0,665000.0,42
2023.0,4.0,906 - Kisii,Miscellaneous,33.0,199396.57,17
2023.0,4.0,906 - Kisii,Mixed Clothing,10.0,50862.06,6
2023.0,4.0,906 - Kisii,Outerwear,67.0,482155.15,22
2023.0,4.0,906 - Kisii,Pants & Bottoms,42.0,377413.82,34
2023.0,4.0,906 - Kisii,Shirts & Tops,59.0,467499.95,39
2023.0,4.0,906 - Kisii,Sports Wear,2.0,16810.35,2
2023.0,4.0,907-Kisumu WS,Bags & Accessories,34.0,201293.11000000002,6
2023.0,4.0,907-Kisumu WS,Bath & Linens,9.0,125344.81999999999,8
2023.0,4.0,907-Kisumu WS,Bulk Items,17.0,108189.68,9
2023.0,4.0,907-Kisumu WS,Dresses & Skirts,38.0,306810.32,25
2023.0,4.0,907-Kisumu WS,Footwear,13.0,67241.37,4
2023.0,4.0,907-Kisumu WS,Home Textiles,49.0,494482.78,33
2023.0,4.0,907-Kisumu WS,Kids Wear,163.0,1334568.94,74
2023.0,4.0,907-Kisumu WS,Miscellaneous,77.0,471551.77,32
2023.0,4.0,907-Kisumu WS,Mixed Clothing,18.0,117327.57,11
2023.0,4.0,907-Kisumu WS,Outerwear,109.0,770431.01,56
2023.0,4.0,907-Kisumu WS,Pants & Bottoms,89.0,741379.36,69
2023.0,4.0,907-Kisumu WS,Shirts & Tops,82.0,656551.68,55
2023.0,4.0,907-Kisumu WS,Sports Wear,9.0,77155.18000000001,9
2023.0,4.0,907-Kisumu WS,Underwear & Basics,20.0,193965.52,18
2023.0,4.0,907-Kisumu WS,Work Wear,2.0,25862.06,2
2023.0,4.0,910 - Kitale,Bags & Accessories,6.0,60258.619999999995,6
2023.0,4.0,910 - Kitale,Bath & Linens,8.0,115689.65,7
2023.0,4.0,910 - Kitale,Bulk Items,24.0,90517.26999999999,8
2023.0,4.0,910 - Kitale,Dresses & Skirts,15.0,169396.54,15
2023.0,4.0,910 - Kitale,Footwear,27.0,144827.57,12
2023.0,4.0,910 - Kitale,Home Textiles,12.0,133706.91,11
2023.0,4.0,910 - Kitale,Kids Wear,103.0,903275.83,61
2023.0,4.0,910 - Kitale,Miscellaneous,30.0,198706.91,24
2023.0,4.0,910 - Kitale,Mixed Clothing,31.0,174999.95,15
2023.0,4.0,910 - Kitale,Outerwear,60.0,456896.52,44
2023.0,4.0,910 - Kitale,Pants & Bottoms,60.0,501465.5,42
2023.0,4.0,910 - Kitale,Shirts & Tops,62.0,524224.12,48
2023.0,4.0,910 - Kitale,Sports Wear,5.0,43103.450000000004,4
2023.0,4.0,913 -Kakamega WS,Bags & Accessories,10.0,108793.09,8
2023.0,4.0,913 -Kakamega WS,Bath & Linens,5.0,71724.12,5
2023.0,4.0,913 -Kakamega WS,Bulk Items,25.0,77586.23,7
2023.0,4.0,913 -Kakamega WS,Dresses & Skirts,10.0,76379.31,9
2023.0,4.0,913 -Kakamega WS,Footwear,5.0,25862.05,5
2023.0,4.0,913 -Kakamega WS,Home Textiles,11.0,121465.51999999999,7
2023.0,4.0,913 -Kakamega WS,Kids Wear,144.0,1173620.67,58
2023.0,4.0,913 -Kakamega WS,Miscellaneous,25.0,151293.11,10
2023.0,4.0,913 -Kakamega WS,Mixed Clothing,7.0,36206.89,5
2023.0,4.0,913 -Kakamega WS,Outerwear,64.0,497413.8,44
2023.0,4.0,913 -Kakamega WS,Pants & Bottoms,59.0,492844.87,42
2023.0,4.0,913 -Kakamega WS,Shirts & Tops,80.0,665948.26,59
2023.0,4.0,913 -Kakamega WS,Sports Wear,5.0,42672.42,4
2023.0,4.0,913 -Kakamega WS,Underwear & Basics,1.0,7758.62,1
2023.0,4.0,914-EMBU WS,Dresses & Skirts,1.0,8017.24,1
2023.0,4.0,914-EMBU WS,Footwear,3.0,15517.24,1
2023.0,4.0,914-EMBU WS,Home Textiles,2.0,35344.83,2
2023.0,4.0,914-EMBU WS,Kids Wear,8.0,64999.990000000005,7
2023.0,4.0,914-EMBU WS,Mixed Clothing,1.0,5172.41,1
2023.0,4.0,914-EMBU WS,Outerwear,5.0,32758.629999999997,5
2023.0,4.0,914-EMBU WS,Pants & Bottoms,9.0,72500.01,8
2023.0,4.0,914-EMBU WS,Shirts & Tops,10.0,73620.67,9
2023.0,4.0,99 Warehouse,Bags & Accessories,57.0,665659.46,25
2023.0,4.0,99 Warehouse,Bath & Linens,117.0,1545043.98,79
2023.0,4.0,99 Warehouse,Bulk Items,551.0,1158663.83,67
2023.0,4.0,99 Warehouse,Dresses & Skirts,91.0,935375.03,49
2023.0,4.0,99 Warehouse,Footwear,108.0,549568.96,7
2023.0,4.0,99 Warehouse,Home Textiles,124.0,1789224.96,79
2023.0,4.0,99 Warehouse,Kids Wear,375.0,3953043.1,203
2023.0,4.0,99 Warehouse,Leather Goods,9.0,66336.21,1
2023.0,4.0,99 Warehouse,Miscellaneous,38.0,259918.09000000003,11
2023.0,4.0,99 Warehouse,Mixed Clothing,61.0,622762.91,29
2023.0,4.0,99 Warehouse,Outerwear,165.0,1453297.49,72
2023.0,4.0,99 Warehouse,Pants & Bottoms,304.0,2408120.74,191
2023.0,4.0,99 Warehouse,Shirts & Tops,561.0,4980124.92,268
2023.0,4.0,99 Warehouse,Sports Wear,23.0,192370.72,15
2023.0,4.0,99 Warehouse,Underwear & Basics,13.0,237629.31,3
2023.0,4.0,99 Warehouse,Work Wear,6.0,73706.88,6
2023.0,5.0,901 - Gikomba,Bags & Accessories,7.0,87499.99,4
2023.0,5.0,901 - Gikomba,Bath & Linens,13.0,187078.44,11
2023.0,5.0,901 - Gikomba,Bulk Items,8.0,96551.73,4
2023.0,5.0,901 - Gikomba,Dresses & Skirts,14.0,107724.13,6
2023.0,5.0,901 - Gikomba,Footwear,2.0,22413.79,2
2023.0,5.0,901 - Gikomba,Home Textiles,4.0,50862.08,4
2023.0,5.0,901 - Gikomba,Kids Wear,51.0,677870.68,27
2023.0,5.0,901 - Gikomba,Leather Goods,1.0,7758.62,1
2023.0,5.0,901 - Gikomba,Miscellaneous,1.0,6896.55,1
2023.0,5.0,901 - Gikomba,Mixed Clothing,3.0,30603.45,2
2023.0,5.0,901 - Gikomba,Outerwear,94.0,692241.36,33
2023.0,5.0,901 - Gikomba,Pants & Bottoms,77.0,622365.49,42
2023.0,5.0,901 - Gikomba,Shirts & Tops,270.0,1949169.79,63
2023.0,5.0,901 - Gikomba,Work Wear,12.0,155172.4,5
2023.0,5.0,904 - Kericho,Bags & Accessories,2.0,18793.1,2
2023.0,5.0,904 - Kericho,Bath & Linens,3.0,36465.52,3
2023.0,5.0,904 - Kericho,Bulk Items,2.0,24137.94,2
2023.0,5.0,904 - Kericho,Dresses & Skirts,7.0,62068.96,7
2023.0,5.0,904 - Kericho,Footwear,28.0,138362.06,9
2023.0,5.0,904 - Kericho,Home Textiles,11.0,128275.87000000001,10
2023.0,5.0,904 - Kericho,Kids Wear,83.0,654396.5,46
2023.0,5.0,904 - Kericho,Miscellaneous,21.0,127586.18999999999,17
2023.0,5.0,904 - Kericho,Mixed Clothing,6.0,41379.3,6
2023.0,5.0,904 - Kericho,Outerwear,66.0,499137.91,47
2023.0,5.0,904 - Kericho,Pants & Bottoms,47.0,369051.69,36
2023.0,5.0,904 - Kericho,Shirts & Tops,56.0,472413.75,37
2023.0,5.0,904 - Kericho,Sports Wear,3.0,25431.04,3
2023.0,5.0,904 - Kericho,Work Wear,3.0,37931.03,2
2023.0,5.0,904.5 Meru WS,Bags & Accessories,6.0,51379.299999999996,5
2023.0,5.0,904.5 Meru WS,Bath & Linens,10.0,134482.75999999998,9
2023.0,5.0,904.5 Meru WS,Bulk Items,43.0,72758.62,6
2023.0,5.0,904.5 Meru WS,Dresses & Skirts,15.0,127672.42,13
2023.0,5.0,904.5 Meru WS,Footwear,11.0,56896.53,9
2023.0,5.0,904.5 Meru WS,Home Textiles,26.0,306810.33,19
2023.0,5.0,904.5 Meru WS,Kids Wear,66.0,560775.87,45
2023.0,5.0,904.5 Meru WS,Miscellaneous,21.0,126724.09999999999,20
2023.0,5.0,904.5 Meru WS,Mixed Clothing,18.0,108620.67,15
2023.0,5.0,904.5 Meru WS,Outerwear,90.0,693362.05,54
2023.0,5.0,904.5 Meru WS,Pants & Bottoms,64.0,559827.6,55
2023.0,5.0,904.5 Meru WS,Shirts & Tops,116.0,896293.0499999999,77
2023.0,5.0,904.5 Meru WS,Sports Wear,3.0,25862.07,3
2023.0,5.0,904.5 Meru WS,Work Wear,3.0,38793.1,2
2023.0,5.0,905 - Eldoret,Bags & Accessories,3.0,35689.649999999994,2
2023.0,5.0,905 - Eldoret,Bath & Linens,1.0,14051.72,1
2023.0,5.0,905 - Eldoret,Bulk Items,1.0,12068.97,1
2023.0,5.0,905 - Eldoret,Dresses & Skirts,6.0,49568.96,5
2023.0,5.0,905 - Eldoret,Footwear,19.0,98275.84,9
2023.0,5.0,905 - Eldoret,Home Textiles,14.0,201293.11000000002,10
2023.0,5.0,905 - Eldoret,Kids Wear,50.0,423793.10000000003,30
2023.0,5.0,905 - Eldoret,Miscellaneous,20.0,134051.72,16
2023.0,5.0,905 - Eldoret,Mixed Clothing,15.0,80603.43000000001,11
2023.0,5.0,905 - Eldoret,Outerwear,48.0,327844.81,27
2023.0,5.0,905 - Eldoret,Pants & Bottoms,51.0,416982.73,32
2023.0,5.0,905 - Eldoret,Shirts & Tops,48.0,386810.33999999997,31
2023.0,5.0,905 - Eldoret,Sports Wear,1.0,8620.69,1
2023.0,5.0,905 - Eldoret,Underwear & Basics,7.0,54310.34,5
2023.0,5.0,905 - Eldoret,Work Wear,1.0,12931.03,1
2023.0,5.0,906 - Kisii,Bags & Accessories,3.0,29741.379999999997,3
2023.0,5.0,906 - Kisii,Bath & Linens,4.0,51103.44,3
2023.0,5.0,906 - Kisii,Bulk Items,1.0,12068.97,1
2023.0,5.0,906 - Kisii,Dresses & Skirts,10.0,74224.14000000001,4
2023.0,5.0,906 - Kisii,Footwear,6.0,31034.48,4
2023.0,5.0,906 - Kisii,Home Textiles,18.0,186379.35,15
2023.0,5.0,906 - Kisii,Kids Wear,35.0,301896.54,24
2023.0,5.0,906 - Kisii,Miscellaneous,13.0,78448.26999999999,9
2023.0,5.0,906 - Kisii,Mixed Clothing,6.0,31896.54,5
2023.0,5.0,906 - Kisii,Outerwear,19.0,139051.72,11
2023.0,5.0,906 - Kisii,Pants & Bottoms,14.0,132413.81,12
2023.0,5.0,906 - Kisii,Shirts & Tops,31.0,256120.65,25
2023.0,5.0,906 - Kisii,Underwear & Basics,1.0,6896.55,1
2023.0,5.0,906 - Kisii,Work Wear,1.0,12931.03,1
2023.0,5.0,907-Kisumu WS,Bags & Accessories,14.0,100431.02,5
2023.0,5.0,907-Kisumu WS,Bath & Linens,3.0,38103.45,3
2023.0,5.0,907-Kisumu WS,Bulk Items,15.0,30172.399999999998,10
2023.0,5.0,907-Kisumu WS,Dresses & Skirts,15.0,114051.70999999999,12
2023.0,5.0,907-Kisumu WS,Footwear,12.0,62068.93,11
2023.0,5.0,907-Kisumu WS,Home Textiles,61.0,618017.25,32
2023.0,5.0,907-Kisumu WS,Kids Wear,109.0,774310.3200000001,50
2023.0,5.0,907-Kisumu WS,Miscellaneous,49.0,281034.48,13
2023.0,5.0,907-Kisumu WS,Mixed Clothing,10.0,60172.39,10
2023.0,5.0,907-Kisumu WS,Outerwear,49.0,339827.56,39
2023.0,5.0,907-Kisumu WS,Pants & Bottoms,75.0,642844.85,57
2023.0,5.0,907-Kisumu WS,Shirts & Tops,52.0,418017.2,40
2023.0,5.0,907-Kisumu WS,Sports Wear,4.0,33620.7,4
2023.0,5.0,907-Kisumu WS,Underwear & Basics,10.0,77586.2,10
2023.0,5.0,907-Kisumu WS,Work Wear,4.0,51724.12,4
2023.0,5.0,910 - Kitale,Bags & Accessories,11.0,115603.44,10
2023.0,5.0,910 - Kitale,Bath & Linens,2.0,24137.94,2
2023.0,5.0,910 - Kitale,Bulk Items,2.0,23275.87,2
2023.0,5.0,910 - Kitale,Dresses & Skirts,12.0,134137.91,12
2023.0,5.0,910 - Kitale,Footwear,19.0,97413.77,8
2023.0,5.0,910 - Kitale,Home Textiles,22.0,243793.12,18
2023.0,5.0,910 - Kitale,Kids Wear,64.0,541896.56,42
2023.0,5.0,910 - Kitale,Miscellaneous,11.0,66810.33,10
2023.0,5.0,910 - Kitale,Mixed Clothing,19.0,98275.85,6
2023.0,5.0,910 - Kitale,Outerwear,63.0,461379.3,38
2023.0,5.0,910 - Kitale,Pants & Bottoms,45.0,372672.38,29
2023.0,5.0,910 - Kitale,Shirts & Tops,52.0,457068.92,35
2023.0,5.0,910 - Kitale,Sports Wear,5.0,41379.31,2
2023.0,5.0,910 - Kitale,Underwear & Basics,1.0,7327.59,1
2023.0,5.0,910 - Kitale,Work Wear,2.0,25862.06,2
2023.0,5.0,913 -Kakamega WS,Bags & Accessories,4.0,41896.55,4
2023.0,5.0,913 -Kakamega WS,Bath & Linens,2.0,26293.1,2
2023.0,5.0,913 -Kakamega WS,Bulk Items,2.0,17672.42,2
2023.0,5.0,913 -Kakamega WS,Dresses & Skirts,3.0,23275.86,3
2023.0,5.0,913 -Kakamega WS,Footwear,10.0,51724.13,4
2023.0,5.0,913 -Kakamega WS,Home Textiles,10.0,125387.94,9
2023.0,5.0,913 -Kakamega WS,Kids Wear,67.0,544568.98,30
2023.0,5.0,913 -Kakamega WS,Miscellaneous,4.0,25000.0,4
2023.0,5.0,913 -Kakamega WS,Mixed Clothing,13.0,72413.78,8
2023.0,5.0,913 -Kakamega WS,Outerwear,69.0,493706.88,47
2023.0,5.0,913 -Kakamega WS,Pants & Bottoms,34.0,282672.43,30
2023.0,5.0,913 -Kakamega WS,Shirts & Tops,47.0,403362.05,29
2023.0,5.0,913 -Kakamega WS,Sports Wear,5.0,40948.29,3
2023.0,5.0,913 -Kakamega WS,Underwear & Basics,2.0,14655.17,2
2023.0,5.0,914-EMBU WS,Footwear,1.0,5172.41,1
2023.0,5.0,914-EMBU WS,Home Textiles,2.0,19396.55,2
2023.0,5.0,914-EMBU WS,Kids Wear,2.0,18965.52,1
2023.0,5.0,914-EMBU WS,Miscellaneous,1.0,6034.48,1
2023.0,5.0,914-EMBU WS,Outerwear,5.0,34310.35,5
2023.0,5.0,914-EMBU WS,Pants & Bottoms,2.0,18534.48,2
2023.0,5.0,914-EMBU WS,Shirts & Tops,1.0,10344.83,1
2023.0,5.0,99 Warehouse,Bags & Accessories,67.0,767159.48,17
2023.0,5.0,99 Warehouse,Bath & Linens,55.0,714426.74,35
2023.0,5.0,99 Warehouse,Bulk Items,488.0,628620.75,50
2023.0,5.0,99 Warehouse,Dresses & Skirts,45.0,375232.77,27
2023.0,5.0,99 Warehouse,Footwear,43.0,215258.62,3
2023.0,5.0,99 Warehouse,Home Textiles,92.0,1390043.04,53
2023.0,5.0,99 Warehouse,Kids Wear,272.0,2765780.13,107
2023.0,5.0,99 Warehouse,Miscellaneous,49.0,388073.26,10
2023.0,5.0,99 Warehouse,Mixed Clothing,8.0,81896.55,6
2023.0,5.0,99 Warehouse,Outerwear,274.0,2032896.59,61
2023.0,5.0,99 Warehouse,Pants & Bottoms,168.0,1390879.33,126
2023.0,5.0,99 Warehouse,Shirts & Tops,371.0,3071008.56,167
2023.0,5.0,99 Warehouse,Sports Wear,7.0,57327.619999999995,7
2023.0,5.0,99 Warehouse,Underwear & Basics,13.0,251810.35,2
2023.0,5.0,99 Warehouse,Work Wear,23.0,271788.8,7
2023.0,6.0,901 - Gikomba,Bags & Accessories,21.0,150862.06,7
2023.0,6.0,901 - Gikomba,Bath & Linens,15.0,222155.16999999998,12
2023.0,6.0,901 - Gikomba,Bulk Items,9.0,92241.37,5
2023.0,6.0,901 - Gikomba,Dresses & Skirts,17.0,144827.57,10
2023.0,6.0,901 - Gikomba,Footwear,13.0,67241.38,3
2023.0,6.0,901 - Gikomba,Home Textiles,15.0,196551.73,8
2023.0,6.0,901 - Gikomba,Kids Wear,62.0,582758.62,27
2023.0,6.0,901 - Gikomba,Leather Goods,6.0,45775.86,2
2023.0,6.0,901 - Gikomba,Miscellaneous,3.0,34482.75,3
2023.0,6.0,901 - Gikomba,Mixed Clothing,5.0,49568.96,2
2023.0,6.0,901 - Gikomba,Outerwear,198.0,1443706.89,40
2023.0,6.0,901 - Gikomba,Pants & Bottoms,151.0,1102758.63,48
2023.0,6.0,901 - Gikomba,Shirts & Tops,431.0,2943965.53,61
2023.0,6.0,901 - Gikomba,Sports Wear,6.0,51293.11,4
2023.0,6.0,901 - Gikomba,Underwear & Basics,1.0,7758.62,1
2023.0,6.0,901 - Gikomba,Work Wear,7.0,90517.23999999999,4
2023.0,6.0,904 - Kericho,Bags & Accessories,8.0,83793.09,7
2023.0,6.0,904 - Kericho,Bath & Linens,2.0,24310.35,2
2023.0,6.0,904 - Kericho,Bulk Items,6.0,71724.16,6
2023.0,6.0,904 - Kericho,Dresses & Skirts,13.0,105000.0,11
2023.0,6.0,904 - Kericho,Footwear,24.0,124137.88,19
2023.0,6.0,904 - Kericho,Home Textiles,13.0,131637.95,13
2023.0,6.0,904 - Kericho,Kids Wear,92.0,771293.09,55
2023.0,6.0,904 - Kericho,Miscellaneous,19.0,112931.01,14
2023.0,6.0,904 - Kericho,Mixed Clothing,8.0,47413.78,7
2023.0,6.0,904 - Kericho,Outerwear,143.0,1037327.62,62
2023.0,6.0,904 - Kericho,Pants & Bottoms,73.0,574741.37,47
2023.0,6.0,904 - Kericho,Shirts & Tops,73.0,571724.1,53
2023.0,6.0,904 - Kericho,Sports Wear,5.0,43534.490000000005,5
2023.0,6.0,904 - Kericho,Underwear & Basics,3.0,23275.86,3
2023.0,6.0,904.5 Meru WS,Bags & Accessories,12.0,132844.81,12
2023.0,6.0,904.5 Meru WS,Bath & Linens,12.0,156206.88999999998,9
2023.0,6.0,904.5 Meru WS,Bulk Items,7.0,83793.11,4
2023.0,6.0,904.5 Meru WS,Dresses & Skirts,30.0,234224.15,19
2023.0,6.0,904.5 Meru WS,Footwear,13.0,66810.31,12
2023.0,6.0,904.5 Meru WS,Home Textiles,31.0,353879.32,24
2023.0,6.0,904.5 Meru WS,Kids Wear,115.0,999439.67,64
2023.0,6.0,904.5 Meru WS,Miscellaneous,41.0,246120.63,31
2023.0,6.0,904.5 Meru WS,Mixed Clothing,25.0,163362.05,22
2023.0,6.0,904.5 Meru WS,Outerwear,190.0,1424051.73,95
2023.0,6.0,904.5 Meru WS,Pants & Bottoms,114.0,983793.13,86
2023.0,6.0,904.5 Meru WS,Shirts & Tops,168.0,1252413.75,99
2023.0,6.0,904.5 Meru WS,Sports Wear,6.0,60775.87,5
2023.0,6.0,904.5 Meru WS,Underwear & Basics,2.0,14655.17,1
2023.0,6.0,905 - Eldoret,Bags & Accessories,7.0,59741.39,7
2023.0,6.0,905 - Eldoret,Bath & Linens,12.0,151551.73,9
2023.0,6.0,905 - Eldoret,Bulk Items,35.0,194396.56,11
2023.0,6.0,905 - Eldoret,Dresses & Skirts,13.0,101465.51,10
2023.0,6.0,905 - Eldoret,Footwear,103.0,526810.34,28
2023.0,6.0,905 - Eldoret,Home Textiles,30.0,476465.51,16
2023.0,6.0,905 - Eldoret,Kids Wear,110.0,1046810.38,55
2023.0,6.0,905 - Eldoret,Miscellaneous,39.0,232672.43,23
2023.0,6.0,905 - Eldoret,Mixed Clothing,16.0,93103.41,15
2023.0,6.0,905 - Eldoret,Outerwear,46.0,328017.26,33
2023.0,6.0,905 - Eldoret,Pants & Bottoms,106.0,819827.59,54
2023.0,6.0,905 - Eldoret,Shirts & Tops,118.0,941551.7,63
2023.0,6.0,905 - Eldoret,Sports Wear,4.0,35344.83,3
2023.0,6.0,905 - Eldoret,Underwear & Basics,6.0,46551.72,5
2023.0,6.0,905 - Eldoret,Work Wear,2.0,25000.0,1
2023.0,6.0,906 - Kisii,Bags & Accessories,2.0,18103.45,2
2023.0,6.0,906 - Kisii,Bath & Linens,4.0,53879.31,4
2023.0,6.0,906 - Kisii,Bulk Items,5.0,59482.76,3
2023.0,6.0,906 - Kisii,Dresses & Skirts,15.0,105086.2,8
2023.0,6.0,906 - Kisii,Footwear,11.0,48706.880000000005,5
2023.0,6.0,906 - Kisii,Home Textiles,13.0,154396.59,13
2023.0,6.0,906 - Kisii,Kids Wear,40.0,369741.37,22
2023.0,6.0,906 - Kisii,Miscellaneous,24.0,141810.33,16
2023.0,6.0,906 - Kisii,Mixed Clothing,4.0,22413.79,3
2023.0,6.0,906 - Kisii,Outerwear,21.0,153103.44999999998,14
2023.0,6.0,906 - Kisii,Pants & Bottoms,24.0,197327.59,19
2023.0,6.0,906 - Kisii,Shirts & Tops,54.0,437844.81,40
2023.0,6.0,906 - Kisii,Sports Wear,3.0,25000.0,2
2023.0,6.0,906 - Kisii,Underwear & Basics,1.0,6896.55,1
2023.0,6.0,906 - Kisii,Work Wear,1.0,12931.03,1
2023.0,6.0,907-Kisumu WS,Bags & Accessories,39.0,251379.30000000002,14
2023.0,6.0,907-Kisumu WS,Bath & Linens,3.0,40517.25,3
2023.0,6.0,907-Kisumu WS,Bulk Items,17.0,62241.39,9
2023.0,6.0,907-Kisumu WS,Dresses & Skirts,15.0,118275.84999999999,12
2023.0,6.0,907-Kisumu WS,Footwear,18.0,92672.38,14
2023.0,6.0,907-Kisumu WS,Home Textiles,51.0,469224.17,27
2023.0,6.0,907-Kisumu WS,Kids Wear,130.0,1082241.39,69
2023.0,6.0,907-Kisumu WS,Miscellaneous,42.0,254741.38,23
2023.0,6.0,907-Kisumu WS,Mixed Clothing,23.0,124999.95,18
2023.0,6.0,907-Kisumu WS,Outerwear,89.0,629913.83,51
2023.0,6.0,907-Kisumu WS,Pants & Bottoms,131.0,1065775.84,87
2023.0,6.0,907-Kisumu WS,Shirts & Tops,81.0,603620.67,55
2023.0,6.0,907-Kisumu WS,Sports Wear,5.0,41810.350000000006,4
2023.0,6.0,907-Kisumu WS,Underwear & Basics,10.0,77586.2,9
2023.0,6.0,907-Kisumu WS,Work Wear,6.0,77586.2,4
2023.0,6.0,910 - Kitale,Bags & Accessories,7.0,70517.24,7
2023.0,6.0,910 - Kitale,Bath & Linens,4.0,60344.82,4
2023.0,6.0,910 - Kitale,Bulk Items,20.0,104310.36,9
2023.0,6.0,910 - Kitale,Dresses & Skirts,28.0,299655.17,25
2023.0,6.0,910 - Kitale,Footwear,22.0,129310.29,19
2023.0,6.0,910 - Kitale,Home Textiles,16.0,174137.93,12
2023.0,6.0,910 - Kitale,Kids Wear,110.0,978534.52,66
2023.0,6.0,910 - Kitale,Miscellaneous,25.0,162068.98,24
2023.0,6.0,910 - Kitale,Mixed Clothing,13.0,70689.63,11
2023.0,6.0,910 - Kitale,Outerwear,65.0,484310.33,57
2023.0,6.0,910 - Kitale,Pants & Bottoms,77.0,649051.68,60
2023.0,6.0,910 - Kitale,Shirts & Tops,85.0,764396.54,67
2023.0,6.0,910 - Kitale,Sports Wear,5.0,43534.48,4
2023.0,6.0,910 - Kitale,Underwear & Basics,2.0,15517.24,2
2023.0,6.0,910 - Kitale,Work Wear,4.0,51724.13,2
2023.0,6.0,913 -Kakamega WS,Bags & Accessories,5.0,57758.61,4
2023.0,6.0,913 -Kakamega WS,Bath & Linens,5.0,63965.52,5
2023.0,6.0,913 -Kakamega WS,Bulk Items,24.0,64827.590000000004,4
2023.0,6.0,913 -Kakamega WS,Dresses & Skirts,10.0,89224.14,10
2023.0,6.0,913 -Kakamega WS,Footwear,1.0,5172.41,1
2023.0,6.0,913 -Kakamega WS,Home Textiles,10.0,108017.26,10
2023.0,6.0,913 -Kakamega WS,Kids Wear,88.0,726206.91,54
2023.0,6.0,913 -Kakamega WS,Miscellaneous,33.0,201293.09,17
2023.0,6.0,913 -Kakamega WS,Mixed Clothing,11.0,61206.880000000005,6
2023.0,6.0,913 -Kakamega WS,Outerwear,69.0,496982.75,45
2023.0,6.0,913 -Kakamega WS,Pants & Bottoms,54.0,453189.67,49
2023.0,6.0,913 -Kakamega WS,Shirts & Tops,75.0,627586.18,59
2023.0,6.0,913 -Kakamega WS,Sports Wear,6.0,50862.07,4
2023.0,6.0,913 -Kakamega WS,Work Wear,1.0,12931.03,1
2023.0,6.0,914-EMBU WS,Bath & Linens,1.0,15948.28,1
2023.0,6.0,914-EMBU WS,Dresses & Skirts,3.0,24568.97,2
2023.0,6.0,914-EMBU WS,Footwear,1.0,5172.41,1
2023.0,6.0,914-EMBU WS,Home Textiles,1.0,8189.66,1
2023.0,6.0,914-EMBU WS,Kids Wear,8.0,75689.66,3
2023.0,6.0,914-EMBU WS,Pants & Bottoms,2.0,25000.0,2
2023.0,6.0,914-EMBU WS,Shirts & Tops,3.0,25862.07,3
2023.0,6.0,99 Warehouse,Bags & Accessories,22.0,257521.54,15
2023.0,6.0,99 Warehouse,Bath & Linens,85.0,1138896.53,55
2023.0,6.0,99 Warehouse,Bulk Items,458.0,976193.96,64
2023.0,6.0,99 Warehouse,Dresses & Skirts,92.0,674900.85,47
2023.0,6.0,99 Warehouse,Footwear,259.0,1315862.07,8
2023.0,6.0,99 Warehouse,Home Textiles,181.0,2018741.32,77
2023.0,6.0,99 Warehouse,Kids Wear,457.0,4655780.05,184
2023.0,6.0,99 Warehouse,Leather Goods,5.0,38900.86,1
2023.0,6.0,99 Warehouse,Miscellaneous,174.0,1240004.3,23
2023.0,6.0,99 Warehouse,Mixed Clothing,79.0,779310.35,25
2023.0,6.0,99 Warehouse,Outerwear,211.0,1621469.82,69
2023.0,6.0,99 Warehouse,Pants & Bottoms,434.0,3399633.69,233
2023.0,6.0,99 Warehouse,Shirts & Tops,637.0,5413435.34,261
2023.0,6.0,99 Warehouse,Sports Wear,34.0,289676.74,22
2023.0,6.0,99 Warehouse,Underwear & Basics,2.0,15129.31,2
2023.0,6.0,99 Warehouse,Work Wear,35.0,426077.6,11
2023.0,7.0,901 - Gikomba,Bags & Accessories,24.0,187068.96000000002,9
2023.0,7.0,901 - Gikomba,Bath & Linens,13.0,178879.32,8
2023.0,7.0,901 - Gikomba,Bulk Items,7.0,84482.77,5
2023.0,7.0,901 - Gikomba,Dresses & Skirts,24.0,210344.82,14
2023.0,7.0,901 - Gikomba,Footwear,21.0,110344.83,5
2023.0,7.0,901 - Gikomba,Home Textiles,28.0,415775.88,11
2023.0,7.0,901 - Gikomba,Kids Wear,89.0,838017.24,33
2023.0,7.0,901 - Gikomba,Leather Goods,2.0,15517.24,2
2023.0,7.0,901 - Gikomba,Miscellaneous,4.0,24999.989999999998,4
2023.0,7.0,901 - Gikomba,Mixed Clothing,8.0,79310.34,1
2023.0,7.0,901 - Gikomba,Outerwear,203.0,1529310.33,48
2023.0,7.0,901 - Gikomba,Pants & Bottoms,194.0,1447241.35,73
2023.0,7.0,901 - Gikomba,Shirts & Tops,502.0,3643965.54,83
2023.0,7.0,901 - Gikomba,Sports Wear,8.0,78975.86,5
2023.0,7.0,901 - Gikomba,Underwear & Basics,2.0,43103.45,1
2023.0,7.0,901 - Gikomba,Work Wear,7.0,90517.22,5
2023.0,7.0,904 - Kericho,Bags & Accessories,5.0,58017.24,4
2023.0,7.0,904 - Kericho,Bath & Linens,4.0,53448.270000000004,4
2023.0,7.0,904 - Kericho,Bulk Items,4.0,48275.869999999995,3
2023.0,7.0,904 - Kericho,Dresses & Skirts,7.0,53275.86,7
2023.0,7.0,904 - Kericho,Footwear,30.0,155172.37,22
2023.0,7.0,904 - Kericho,Home Textiles,13.0,142068.98,13
2023.0,7.0,904 - Kericho,Kids Wear,127.0,931982.73,54
2023.0,7.0,904 - Kericho,Miscellaneous,10.0,63793.119999999995,9
2023.0,7.0,904 - Kericho,Mixed Clothing,15.0,84999.95999999999,14
2023.0,7.0,904 - Kericho,Outerwear,101.0,757758.6,56
2023.0,7.0,904 - Kericho,Pants & Bottoms,49.0,402241.38,36
2023.0,7.0,904 - Kericho,Shirts & Tops,75.0,563275.8099999999,46
2023.0,7.0,904 - Kericho,Sports Wear,1.0,8189.66,1
2023.0,7.0,904 - Kericho,Work Wear,1.0,12931.03,1
2023.0,7.0,904.5 Meru WS,Bags & Accessories,15.0,148448.25,12
2023.0,7.0,904.5 Meru WS,Bath & Linens,10.0,147758.61,7
2023.0,7.0,904.5 Meru WS,Bulk Items,38.0,136551.75,16
2023.0,7.0,904.5 Meru WS,Dresses & Skirts,19.0,153620.68,13
2023.0,7.0,904.5 Meru WS,Footwear,18.0,95258.59,15
2023.0,7.0,904.5 Meru WS,Home Textiles,34.0,389612.05,29
2023.0,7.0,904.5 Meru WS,Kids Wear,87.0,714439.66,62
2023.0,7.0,904.5 Meru WS,Miscellaneous,21.0,131896.52,16
2023.0,7.0,904.5 Meru WS,Mixed Clothing,24.0,146120.69,16
2023.0,7.0,904.5 Meru WS,Outerwear,175.0,1282241.29,105
2023.0,7.0,904.5 Meru WS,Pants & Bottoms,136.0,1198319.01,89
2023.0,7.0,904.5 Meru WS,Shirts & Tops,170.0,1338275.82,89
2023.0,7.0,904.5 Meru WS,Sports Wear,3.0,34137.93,3
2023.0,7.0,904.5 Meru WS,Work Wear,3.0,38793.1,2
2023.0,7.0,905 - Eldoret,Bags & Accessories,7.0,71465.52,6
2023.0,7.0,905 - Eldoret,Bath & Linens,7.0,93534.47,6
2023.0,7.0,905 - Eldoret,Bulk Items,16.0,78362.09,12
2023.0,7.0,905 - Eldoret,Dresses & Skirts,16.0,117672.41,9
2023.0,7.0,905 - Eldoret,Footwear,124.0,606465.47,35
2023.0,7.0,905 - Eldoret,Home Textiles,28.0,353017.25,21
2023.0,7.0,905 - Eldoret,Kids Wear,150.0,1311637.96,54
2023.0,7.0,905 - Eldoret,Miscellaneous,23.0,142672.4,18
2023.0,7.0,905 - Eldoret,Mixed Clothing,20.0,108620.66,15
2023.0,7.0,905 - Eldoret,Outerwear,94.0,656034.49,55
2023.0,7.0,905 - Eldoret,Pants & Bottoms,105.0,831767.27,54
2023.0,7.0,905 - Eldoret,Shirts & Tops,70.0,590818.92,48
2023.0,7.0,905 - Eldoret,Sports Wear,4.0,34310.34,4
2023.0,7.0,905 - Eldoret,Underwear & Basics,7.0,54310.34,5
2023.0,7.0,905 - Eldoret,Work Wear,2.0,25862.06,2
2023.0,7.0,906 - Kisii,Bags & Accessories,2.0,21551.72,2
2023.0,7.0,906 - Kisii,Bath & Linens,4.0,56896.54,4
2023.0,7.0,906 - Kisii,Bulk Items,8.0,85344.84,6
2023.0,7.0,906 - Kisii,Dresses & Skirts,7.0,51465.520000000004,7
2023.0,7.0,906 - Kisii,Footwear,5.0,24999.989999999998,4
2023.0,7.0,906 - Kisii,Home Textiles,14.0,143189.68,11
2023.0,7.0,906 - Kisii,Kids Wear,37.0,324568.98,22
2023.0,7.0,906 - Kisii,Miscellaneous,22.0,148706.88,9
2023.0,7.0,906 - Kisii,Mixed Clothing,19.0,99568.96,10
2023.0,7.0,906 - Kisii,Outerwear,21.0,162327.59,12
2023.0,7.0,906 - Kisii,Pants & Bottoms,30.0,276810.33,24
2023.0,7.0,906 - Kisii,Shirts & Tops,46.0,362068.94,28
2023.0,7.0,906 - Kisii,Underwear & Basics,1.0,7327.59,1
2023.0,7.0,906 - Kisii,Work Wear,1.0,12931.03,1
2023.0,7.0,907-Kisumu WS,Bags & Accessories,40.0,249827.59,9
2023.0,7.0,907-Kisumu WS,Bath & Linens,8.0,111551.72,7
2023.0,7.0,907-Kisumu WS,Bulk Items,45.0,175344.85,19
2023.0,7.0,907-Kisumu WS,Dresses & Skirts,20.0,149741.36,16
2023.0,7.0,907-Kisumu WS,Footwear,18.0,108620.67,12
2023.0,7.0,907-Kisumu WS,Home Textiles,43.0,384396.56,27
2023.0,7.0,907-Kisumu WS,Kids Wear,123.0,950775.84,57
2023.0,7.0,907-Kisumu WS,Miscellaneous,32.0,209913.80000000002,10
2023.0,7.0,907-Kisumu WS,Mixed Clothing,23.0,131034.45999999999,16
2023.0,7.0,907-Kisumu WS,Outerwear,74.0,531724.13,52
2023.0,7.0,907-Kisumu WS,Pants & Bottoms,106.0,880689.67,66
2023.0,7.0,907-Kisumu WS,Shirts & Tops,73.0,579655.18,47
2023.0,7.0,907-Kisumu WS,Sports Wear,6.0,51293.11,6
2023.0,7.0,907-Kisumu WS,Underwear & Basics,4.0,31034.48,4
2023.0,7.0,907-Kisumu WS,Work Wear,3.0,38793.090000000004,3
2023.0,7.0,910 - Kitale,Bags & Accessories,5.0,43534.48,4
2023.0,7.0,910 - Kitale,Bath & Linens,8.0,106896.55,8
2023.0,7.0,910 - Kitale,Bulk Items,16.0,81034.5,6
2023.0,7.0,910 - Kitale,Dresses & Skirts,17.0,174999.98,15
2023.0,7.0,910 - Kitale,Footwear,38.0,191034.47,17
2023.0,7.0,910 - Kitale,Home Textiles,28.0,303275.87,25
2023.0,7.0,910 - Kitale,Kids Wear,111.0,1004827.61,75
2023.0,7.0,910 - Kitale,Miscellaneous,25.0,160344.85,19
2023.0,7.0,910 - Kitale,Mixed Clothing,26.0,154310.33000000002,19
2023.0,7.0,910 - Kitale,Outerwear,65.0,502672.44,54
2023.0,7.0,910 - Kitale,Pants & Bottoms,75.0,654568.95,52
2023.0,7.0,910 - Kitale,Shirts & Tops,86.0,729224.1,57
2023.0,7.0,910 - Kitale,Sports Wear,3.0,26724.14,3
2023.0,7.0,910 - Kitale,Underwear & Basics,2.0,15086.21,2
2023.0,7.0,910 - Kitale,Work Wear,1.0,12931.03,1
2023.0,7.0,913 -Kakamega WS,Bags & Accessories,7.0,81810.34,6
2023.0,7.0,913 -Kakamega WS,Bath & Linens,4.0,54396.53999999999,4
2023.0,7.0,913 -Kakamega WS,Bulk Items,10.0,64655.189999999995,6
2023.0,7.0,913 -Kakamega WS,Dresses & Skirts,7.0,65344.82,6
2023.0,7.0,913 -Kakamega WS,Footwear,3.0,15086.2,3
2023.0,7.0,913 -Kakamega WS,Home Textiles,12.0,135344.83000000002,7
2023.0,7.0,913 -Kakamega WS,Kids Wear,106.0,890948.25,54
2023.0,7.0,913 -Kakamega WS,Miscellaneous,17.0,99568.95,11
2023.0,7.0,913 -Kakamega WS,Mixed Clothing,9.0,63362.07,8
2023.0,7.0,913 -Kakamega WS,Outerwear,70.0,510603.41,45
2023.0,7.0,913 -Kakamega WS,Pants & Bottoms,45.0,405732.77,37
2023.0,7.0,913 -Kakamega WS,Shirts & Tops,70.0,567155.14,46
2023.0,7.0,913 -Kakamega WS,Sports Wear,3.0,25000.010000000002,3
2023.0,7.0,913 -Kakamega WS,Underwear & Basics,2.0,15086.21,2
2023.0,7.0,913 -Kakamega WS,Work Wear,2.0,25862.06,2
2023.0,7.0,914-EMBU WS,Bags & Accessories,6.0,49827.59,6
2023.0,7.0,914-EMBU WS,Bath & Linens,3.0,42155.159999999996,3
2023.0,7.0,914-EMBU WS,Bulk Items,2.0,24137.94,2
2023.0,7.0,914-EMBU WS,Dresses & Skirts,2.0,19224.14,2
2023.0,7.0,914-EMBU WS,Footwear,3.0,15517.24,1
2023.0,7.0,914-EMBU WS,Home Textiles,6.0,62456.89,5
2023.0,7.0,914-EMBU WS,Kids Wear,29.0,238362.06,24
2023.0,7.0,914-EMBU WS,Miscellaneous,2.0,11206.89,2
2023.0,7.0,914-EMBU WS,Mixed Clothing,3.0,25862.07,3
2023.0,7.0,914-EMBU WS,Outerwear,16.0,110431.03,15
2023.0,7.0,914-EMBU WS,Pants & Bottoms,3.0,23620.7,3
2023.0,7.0,914-EMBU WS,Shirts & Tops,18.0,148448.23,18
2023.0,7.0,914-EMBU WS,Underwear & Basics,1.0,7758.62,1
2023.0,7.0,99 Warehouse,Bags & Accessories,40.0,482004.29,30
2023.0,7.0,99 Warehouse,Bath & Linens,128.0,1673590.55,65
2023.0,7.0,99 Warehouse,Bulk Items,516.0,1010000.04,63
2023.0,7.0,99 Warehouse,Dresses & Skirts,104.0,728793.11,47
2023.0,7.0,99 Warehouse,Footwear,207.0,1046293.1,6
2023.0,7.0,99 Warehouse,Home Textiles,137.0,2043689.5899999999,76
2023.0,7.0,99 Warehouse,Kids Wear,357.0,3620986.98,139
2023.0,7.0,99 Warehouse,Leather Goods,33.0,243232.76,2
2023.0,7.0,99 Warehouse,Miscellaneous,219.0,1641810.34,31
2023.0,7.0,99 Warehouse,Mixed Clothing,35.0,365000.01,12
2023.0,7.0,99 Warehouse,Outerwear,521.0,4093133.74,158
2023.0,7.0,99 Warehouse,Pants & Bottoms,393.0,3051827.76,202
2023.0,7.0,99 Warehouse,Shirts & Tops,918.0,7313928.44,329
2023.0,7.0,99 Warehouse,Sports Wear,40.0,327586.3,29
2023.0,7.0,99 Warehouse,Underwear & Basics,6.0,44224.14,4
2023.0,7.0,99 Warehouse,Work Wear,28.0,344784.42,28
2023.0,8.0,901 - Gikomba,Bags & Accessories,10.0,118534.49,6
2023.0,8.0,901 - Gikomba,Bath & Linens,9.0,137241.37,7
2023.0,8.0,901 - Gikomba,Bulk Items,16.0,193103.48,10
2023.0,8.0,901 - Gikomba,Dresses & Skirts,35.0,296206.87,18
2023.0,8.0,901 - Gikomba,Footwear,7.0,36206.89,5
2023.0,8.0,901 - Gikomba,Home Textiles,30.0,409310.35,18
2023.0,8.0,901 - Gikomba,Kids Wear,116.0,1161810.34,28
2023.0,8.0,901 - Gikomba,Miscellaneous,26.0,164655.16,10
2023.0,8.0,901 - Gikomba,Mixed Clothing,6.0,62068.96,2
2023.0,8.0,901 - Gikomba,Outerwear,324.0,2667413.77,64
2023.0,8.0,901 - Gikomba,Pants & Bottoms,199.0,1513362.04,76
2023.0,8.0,901 - Gikomba,Shirts & Tops,343.0,2624224.13,90
2023.0,8.0,901 - Gikomba,Sports Wear,2.0,17241.38,2
2023.0,8.0,901 - Gikomba,Underwear & Basics,1.0,7327.59,1
2023.0,8.0,901 - Gikomba,Work Wear,10.0,129310.34,4
2023.0,8.0,904 - Kericho,Bags & Accessories,5.0,57155.17,3
2023.0,8.0,904 - Kericho,Bath & Linens,4.0,51724.149999999994,4
2023.0,8.0,904 - Kericho,Bulk Items,10.0,120689.66,6
2023.0,8.0,904 - Kericho,Dresses & Skirts,7.0,52586.21,7
2023.0,8.0,904 - Kericho,Footwear,13.0,67241.34,12
2023.0,8.0,904 - Kericho,Home Textiles,9.0,90948.29000000001,9
2023.0,8.0,904 - Kericho,Kids Wear,105.0,944827.6,56
2023.0,8.0,904 - Kericho,Miscellaneous,25.0,151724.13999999998,16
2023.0,8.0,904 - Kericho,Mixed Clothing,10.0,56896.53,9
2023.0,8.0,904 - Kericho,Outerwear,107.0,795862.06,69
2023.0,8.0,904 - Kericho,Pants & Bottoms,55.0,443275.86,29
2023.0,8.0,904 - Kericho,Shirts & Tops,93.0,693879.26,60
2023.0,8.0,904 - Kericho,Sports Wear,2.0,17241.38,2
2023.0,8.0,904 - Kericho,Underwear & Basics,2.0,15517.24,2
2023.0,8.0,904 - Kericho,Work Wear,1.0,12931.03,1
2023.0,8.0,904.5 Meru WS,Bags & Accessories,19.0,177068.96,18
2023.0,8.0,904.5 Meru WS,Bath & Linens,4.0,56120.68,4
2023.0,8.0,904.5 Meru WS,Bulk Items,10.0,114655.19,6
2023.0,8.0,904.5 Meru WS,Dresses & Skirts,27.0,215603.44,18
2023.0,8.0,904.5 Meru WS,Footwear,27.0,152629.28999999998,10
2023.0,8.0,904.5 Meru WS,Home Textiles,32.0,329999.99,28
2023.0,8.0,904.5 Meru WS,Kids Wear,77.0,675948.26,47
2023.0,8.0,904.5 Meru WS,Miscellaneous,38.0,233620.66,27
2023.0,8.0,904.5 Meru WS,Mixed Clothing,17.0,103448.23,17
2023.0,8.0,904.5 Meru WS,Outerwear,268.0,2033103.44,80
2023.0,8.0,904.5 Meru WS,Pants & Bottoms,149.0,1322327.6,111
2023.0,8.0,904.5 Meru WS,Shirts & Tops,139.0,1107370.65,83
2023.0,8.0,904.5 Meru WS,Sports Wear,8.0,85344.84,6
2023.0,8.0,904.5 Meru WS,Underwear & Basics,3.0,23275.86,3
2023.0,8.0,904.5 Meru WS,Work Wear,9.0,116379.31,3
2023.0,8.0,905 - Eldoret,Bags & Accessories,1.0,10775.86,1
2023.0,8.0,905 - Eldoret,Bath & Linens,2.0,26120.69,2
2023.0,8.0,905 - Eldoret,Bulk Items,14.0,150862.09,10
2023.0,8.0,905 - Eldoret,Dresses & Skirts,7.0,64655.17999999999,5
2023.0,8.0,905 - Eldoret,Footwear,46.0,237499.96,22
2023.0,8.0,905 - Eldoret,Home Textiles,36.0,471120.69,27
2023.0,8.0,905 - Eldoret,Kids Wear,132.0,1421896.52,68
2023.0,8.0,905 - Eldoret,Miscellaneous,47.0,268103.44,15
2023.0,8.0,905 - Eldoret,Mixed Clothing,25.0,146551.66999999998,21
2023.0,8.0,905 - Eldoret,Outerwear,59.0,408189.65,49
2023.0,8.0,905 - Eldoret,Pants & Bottoms,114.0,898275.87,55
2023.0,8.0,905 - Eldoret,Shirts & Tops,68.0,564655.14,45
2023.0,8.0,905 - Eldoret,Sports Wear,2.0,18534.48,2
2023.0,8.0,905 - Eldoret,Underwear & Basics,14.0,108189.65,13
2023.0,8.0,905 - Eldoret,Work Wear,2.0,25862.06,2
2023.0,8.0,906 - Kisii,Bags & Accessories,3.0,25431.03,2
2023.0,8.0,906 - Kisii,Bath & Linens,1.0,12068.97,1
2023.0,8.0,906 - Kisii,Bulk Items,8.0,93965.51000000001,3
2023.0,8.0,906 - Kisii,Dresses & Skirts,6.0,43103.44,5
2023.0,8.0,906 - Kisii,Footwear,5.0,25000.0,3
2023.0,8.0,906 - Kisii,Home Textiles,22.0,273793.12,17
2023.0,8.0,906 - Kisii,Kids Wear,78.0,698189.62,31
2023.0,8.0,906 - Kisii,Miscellaneous,36.0,238362.03999999998,15
2023.0,8.0,906 - Kisii,Mixed Clothing,7.0,35344.82,5
2023.0,8.0,906 - Kisii,Outerwear,78.0,554482.76,27
2023.0,8.0,906 - Kisii,Pants & Bottoms,48.0,408706.86,33
2023.0,8.0,906 - Kisii,Shirts & Tops,79.0,618879.28,43
2023.0,8.0,906 - Kisii,Work Wear,1.0,12931.03,1
2023.0,8.0,907-Kisumu WS,Bags & Accessories,26.0,159137.93,9
2023.0,8.0,907-Kisumu WS,Bath & Linens,6.0,82068.95999999999,6
2023.0,8.0,907-Kisumu WS,Bulk Items,35.0,272413.82,12
2023.0,8.0,907-Kisumu WS,Dresses & Skirts,18.0,143620.68,12
2023.0,8.0,907-Kisumu WS,Footwear,17.0,87930.97,17
2023.0,8.0,907-Kisumu WS,Home Textiles,62.0,571120.73,38
2023.0,8.0,907-Kisumu WS,Kids Wear,125.0,1092758.57,66
2023.0,8.0,907-Kisumu WS,Miscellaneous,55.0,326293.09,14
2023.0,8.0,907-Kisumu WS,Mixed Clothing,24.0,134482.71,21
2023.0,8.0,907-Kisumu WS,Outerwear,117.0,874741.38,76
2023.0,8.0,907-Kisumu WS,Pants & Bottoms,140.0,1157758.63,73
2023.0,8.0,907-Kisumu WS,Shirts & Tops,77.0,595603.4,49
2023.0,8.0,907-Kisumu WS,Sports Wear,1.0,8189.66,1
2023.0,8.0,907-Kisumu WS,Underwear & Basics,6.0,46551.72,6
2023.0,8.0,907-Kisumu WS,Work Wear,1.0,12931.03,1
2023.0,8.0,910 - Kitale,Bags & Accessories,7.0,51724.14,7
2023.0,8.0,910 - Kitale,Bath & Linens,7.0,96120.69,7
2023.0,8.0,910 - Kitale,Bulk Items,26.0,143103.44,6
2023.0,8.0,910 - Kitale,Dresses & Skirts,19.0,154310.34,12
2023.0,8.0,910 - Kitale,Footwear,11.0,56896.55,7
2023.0,8.0,910 - Kitale,Home Textiles,17.0,165344.83000000002,14
2023.0,8.0,910 - Kitale,Kids Wear,126.0,1208534.46,61
2023.0,8.0,910 - Kitale,Miscellaneous,32.0,205172.38999999998,20
2023.0,8.0,910 - Kitale,Mixed Clothing,30.0,169396.54,16
2023.0,8.0,910 - Kitale,Outerwear,51.0,377499.99,42
2023.0,8.0,910 - Kitale,Pants & Bottoms,82.0,713017.24,61
2023.0,8.0,910 - Kitale,Shirts & Tops,80.0,660603.35,54
2023.0,8.0,910 - Kitale,Sports Wear,6.0,52241.380000000005,6
2023.0,8.0,910 - Kitale,Underwear & Basics,1.0,7327.59,1
2023.0,8.0,910 - Kitale,Work Wear,4.0,51724.130000000005,3
2023.0,8.0,913 -Kakamega WS,Bags & Accessories,7.0,81551.72,6
2023.0,8.0,913 -Kakamega WS,Bath & Linens,4.0,51724.14,4
2023.0,8.0,913 -Kakamega WS,Bulk Items,5.0,60344.83,3
2023.0,8.0,913 -Kakamega WS,Dresses & Skirts,9.0,81034.47,9
2023.0,8.0,913 -Kakamega WS,Footwear,4.0,20689.65,3
2023.0,8.0,913 -Kakamega WS,Home Textiles,6.0,87931.04000000001,4
2023.0,8.0,913 -Kakamega WS,Kids Wear,103.0,895086.25,41
2023.0,8.0,913 -Kakamega WS,Miscellaneous,32.0,191379.29,16
2023.0,8.0,913 -Kakamega WS,Mixed Clothing,15.0,81896.53,12
2023.0,8.0,913 -Kakamega WS,Outerwear,68.0,502413.75,45
2023.0,8.0,913 -Kakamega WS,Pants & Bottoms,66.0,554051.74,53
2023.0,8.0,913 -Kakamega WS,Shirts & Tops,82.0,667586.15,53
2023.0,8.0,913 -Kakamega WS,Sports Wear,3.0,24568.98,3
2023.0,8.0,913 -Kakamega WS,Underwear & Basics,5.0,38620.7,5
2023.0,8.0,913 -Kakamega WS,Work Wear,1.0,12931.03,1
2023.0,8.0,914-EMBU WS,Bags & Accessories,1.0,6896.55,1
2023.0,8.0,914-EMBU WS,Bath & Linens,2.0,29741.379999999997,2
2023.0,8.0,914-EMBU WS,Dresses & Skirts,4.0,31034.48,3
2023.0,8.0,914-EMBU WS,Footwear,1.0,5172.41,1
2023.0,8.0,914-EMBU WS,Home Textiles,5.0,55603.44,4
2023.0,8.0,914-EMBU WS,Kids Wear,39.0,355258.63,20
2023.0,8.0,914-EMBU WS,Miscellaneous,11.0,78275.86,4
2023.0,8.0,914-EMBU WS,Mixed Clothing,3.0,24137.93,2
2023.0,8.0,914-EMBU WS,Outerwear,21.0,146379.3,16
2023.0,8.0,914-EMBU WS,Pants & Bottoms,23.0,176465.53,14
2023.0,8.0,914-EMBU WS,Shirts & Tops,26.0,191637.91,23
2023.0,8.0,914-EMBU WS,Sports Wear,4.0,32758.62,1
2023.0,8.0,914-EMBU WS,Underwear & Basics,2.0,15517.24,2
2023.0,8.0,914-EMBU WS,Work Wear,1.0,13362.07,1
2023.0,8.0,99 Warehouse,Bags & Accessories,40.0,327780.17,16
2023.0,8.0,99 Warehouse,Bath & Linens,77.0,1009009.5,48
2023.0,8.0,99 Warehouse,Bulk Items,813.0,1602155.16,57
2023.0,8.0,99 Warehouse,Dresses & Skirts,81.0,614482.78,50
2023.0,8.0,99 Warehouse,Footwear,303.0,1661637.94,7
2023.0,8.0,99 Warehouse,Home Textiles,115.0,1442830.1300000001,53
2023.0,8.0,99 Warehouse,Kids Wear,455.0,4754762.86,160
2023.0,8.0,99 Warehouse,Leather Goods,52.0,383275.86,1
2023.0,8.0,99 Warehouse,Miscellaneous,108.0,745258.62,5
2023.0,8.0,99 Warehouse,Mixed Clothing,42.0,408706.94,24
2023.0,8.0,99 Warehouse,Outerwear,393.0,2833517.26,92
2023.0,8.0,99 Warehouse,Pants & Bottoms,439.0,3552791.72,241
2023.0,8.0,99 Warehouse,Shirts & Tops,720.0,6223994.74,320
2023.0,8.0,99 Warehouse,Sports Wear,35.0,297370.75,27
2023.0,8.0,99 Warehouse,Underwear & Basics,3.0,21681.03,2
2023.0,8.0,99 Warehouse,Work Wear,25.0,290517.23,10
2023.0,9.0,901 - Gikomba,Bags & Accessories,12.0,137068.98,11
2023.0,9.0,901 - Gikomba,Bath & Linens,18.0,260344.84,13
2023.0,9.0,901 - Gikomba,Bulk Items,5.0,60344.84,4
2023.0,9.0,901 - Gikomba,Dresses & Skirts,27.0,223275.84,13
2023.0,9.0,901 - Gikomba,Footwear,13.0,67241.36,9
2023.0,9.0,901 - Gikomba,Home Textiles,19.0,174482.76,15
2023.0,9.0,901 - Gikomba,Kids Wear,84.0,888620.69,34
2023.0,9.0,901 - Gikomba,Leather Goods,1.0,7758.62,1
2023.0,9.0,901 - Gikomba,Miscellaneous,8.0,50000.0,4
2023.0,9.0,901 - Gikomba,Mixed Clothing,3.0,29741.38,3
2023.0,9.0,901 - Gikomba,Outerwear,164.0,1301637.92,53
2023.0,9.0,901 - Gikomba,Pants & Bottoms,172.0,1420689.6300000001,66
2023.0,9.0,901 - Gikomba,Shirts & Tops,251.0,1870431.05,75
2023.0,9.0,901 - Gikomba,Sports Wear,6.0,51724.14,6
2023.0,9.0,901 - Gikomba,Underwear & Basics,3.0,23275.86,3
2023.0,9.0,901 - Gikomba,Work Wear,10.0,128448.26999999999,4
2023.0,9.0,904 - Kericho,Bags & Accessories,3.0,30000.0,3
2023.0,9.0,904 - Kericho,Bath & Linens,2.0,29568.96,2
2023.0,9.0,904 - Kericho,Bulk Items,5.0,60344.84,4
2023.0,9.0,904 - Kericho,Dresses & Skirts,6.0,45258.63,6
2023.0,9.0,904 - Kericho,Footwear,28.0,144827.56,19
2023.0,9.0,904 - Kericho,Home Textiles,8.0,99482.75,8
2023.0,9.0,904 - Kericho,Kids Wear,58.0,542844.86,37
2023.0,9.0,904 - Kericho,Miscellaneous,18.0,109913.76999999999,14
2023.0,9.0,904 - Kericho,Mixed Clothing,10.0,57758.61,8
2023.0,9.0,904 - Kericho,Outerwear,79.0,576551.72,46
2023.0,9.0,904 - Kericho,Pants & Bottoms,67.0,538275.87,45
2023.0,9.0,904 - Kericho,Shirts & Tops,62.0,509913.7,46
2023.0,9.0,904 - Kericho,Sports Wear,3.0,25000.0,3
2023.0,9.0,904 - Kericho,Underwear & Basics,1.0,7758.62,1
2023.0,9.0,904 - Kericho,Work Wear,1.0,12500.0,1
2023.0,9.0,904.5 Meru WS,Bags & Accessories,11.0,105431.05,10
2023.0,9.0,904.5 Meru WS,Bath & Linens,6.0,81637.93,6
2023.0,9.0,904.5 Meru WS,Bulk Items,3.0,36206.9,1
2023.0,9.0,904.5 Meru WS,Dresses & Skirts,11.0,91982.75,8
2023.0,9.0,904.5 Meru WS,Footwear,10.0,51724.119999999995,7
2023.0,9.0,904.5 Meru WS,Home Textiles,13.0,130732.75,13
2023.0,9.0,904.5 Meru WS,Kids Wear,43.0,364655.18,29
2023.0,9.0,904.5 Meru WS,Miscellaneous,19.0,116379.29999999999,15
2023.0,9.0,904.5 Meru WS,Mixed Clothing,16.0,109051.70999999999,14
2023.0,9.0,904.5 Meru WS,Outerwear,73.0,491034.5,55
2023.0,9.0,904.5 Meru WS,Pants & Bottoms,76.0,653275.91,63
2023.0,9.0,904.5 Meru WS,Shirts & Tops,110.0,862413.8,56
2023.0,9.0,904.5 Meru WS,Sports Wear,4.0,37931.04,3
2023.0,9.0,904.5 Meru WS,Underwear & Basics,2.0,15517.24,2
2023.0,9.0,905 - Eldoret,Bags & Accessories,2.0,17672.42,2
2023.0,9.0,905 - Eldoret,Bath & Linens,1.0,14051.72,1
2023.0,9.0,905 - Eldoret,Bulk Items,9.0,108620.70999999999,7
2023.0,9.0,905 - Eldoret,Dresses & Skirts,8.0,77155.17,8
2023.0,9.0,905 - Eldoret,Footwear,90.0,462241.33999999997,27
2023.0,9.0,905 - Eldoret,Home Textiles,24.0,346293.10000000003,13
2023.0,9.0,905 - Eldoret,Kids Wear,71.0,606724.06,49
2023.0,9.0,905 - Eldoret,Miscellaneous,24.0,139655.19,15
2023.0,9.0,905 - Eldoret,Mixed Clothing,34.0,202586.13,30
2023.0,9.0,905 - Eldoret,Outerwear,57.0,368620.7,50
2023.0,9.0,905 - Eldoret,Pants & Bottoms,91.0,749396.48,50
2023.0,9.0,905 - Eldoret,Shirts & Tops,57.0,438448.23,43
2023.0,9.0,905 - Eldoret,Sports Wear,3.0,25862.07,3
2023.0,9.0,905 - Eldoret,Underwear & Basics,4.0,31034.48,3
2023.0,9.0,905 - Eldoret,Work Wear,5.0,64655.17,2
2023.0,9.0,906 - Kisii,Bags & Accessories,4.0,30603.46,4
2023.0,9.0,906 - Kisii,Bath & Linens,4.0,56551.72,4
2023.0,9.0,906 - Kisii,Bulk Items,4.0,48275.86,2
2023.0,9.0,906 - Kisii,Dresses & Skirts,8.0,59818.96,6
2023.0,9.0,906 - Kisii,Footwear,10.0,51724.11,9
2023.0,9.0,906 - Kisii,Home Textiles,6.0,66637.94,6
2023.0,9.0,906 - Kisii,Kids Wear,48.0,474655.14,26
2023.0,9.0,906 - Kisii,Miscellaneous,20.0,128448.26,13
2023.0,9.0,906 - Kisii,Mixed Clothing,12.0,68620.68,9
2023.0,9.0,906 - Kisii,Outerwear,22.0,158879.33000000002,18
2023.0,9.0,906 - Kisii,Pants & Bottoms,23.0,207327.58000000002,19
2023.0,9.0,906 - Kisii,Shirts & Tops,53.0,431551.68,39
2023.0,9.0,906 - Kisii,Sports Wear,7.0,60344.83,4
2023.0,9.0,906 - Kisii,Work Wear,6.0,75000.0,1
2023.0,9.0,907-Kisumu WS,Bags & Accessories,10.0,84482.77,9
2023.0,9.0,907-Kisumu WS,Bath & Linens,6.0,87068.95999999999,6
2023.0,9.0,907-Kisumu WS,Bulk Items,29.0,105172.42,15
2023.0,9.0,907-Kisumu WS,Dresses & Skirts,16.0,127327.58,13
2023.0,9.0,907-Kisumu WS,Footwear,17.0,87931.0,13
2023.0,9.0,907-Kisumu WS,Home Textiles,45.0,381508.63,25
2023.0,9.0,907-Kisumu WS,Kids Wear,64.0,528448.29,38
2023.0,9.0,907-Kisumu WS,Miscellaneous,30.0,177586.2,19
2023.0,9.0,907-Kisumu WS,Mixed Clothing,21.0,125689.61,18
2023.0,9.0,907-Kisumu WS,Outerwear,64.0,445862.07,48
2023.0,9.0,907-Kisumu WS,Pants & Bottoms,124.0,1045948.28,82
2023.0,9.0,907-Kisumu WS,Shirts & Tops,57.0,460086.18,41
2023.0,9.0,907-Kisumu WS,Sports Wear,2.0,17241.38,2
2023.0,9.0,907-Kisumu WS,Underwear & Basics,3.0,23275.86,3
2023.0,9.0,907-Kisumu WS,Work Wear,2.0,25862.07,1
2023.0,9.0,910 - Kitale,Bags & Accessories,8.0,63793.11,8
2023.0,9.0,910 - Kitale,Bath & Linens,7.0,96810.34,7
2023.0,9.0,910 - Kitale,Bulk Items,21.0,85344.84,6
2023.0,9.0,910 - Kitale,Dresses & Skirts,18.0,197413.78,16
2023.0,9.0,910 - Kitale,Footwear,26.0,132758.59,14
2023.0,9.0,910 - Kitale,Home Textiles,10.0,92241.38,10
2023.0,9.0,910 - Kitale,Kids Wear,72.0,656120.68,47
2023.0,9.0,910 - Kitale,Miscellaneous,20.0,120258.62999999999,16
2023.0,9.0,910 - Kitale,Mixed Clothing,16.0,89655.15,12
2023.0,9.0,910 - Kitale,Outerwear,57.0,387672.37,43
2023.0,9.0,910 - Kitale,Pants & Bottoms,61.0,521465.47,48
2023.0,9.0,910 - Kitale,Shirts & Tops,66.0,563361.99,56
2023.0,9.0,910 - Kitale,Sports Wear,4.0,33620.69,4
2023.0,9.0,913 -Kakamega WS,Bags & Accessories,3.0,24568.97,3
2023.0,9.0,913 -Kakamega WS,Bath & Linens,3.0,38448.27,3
2023.0,9.0,913 -Kakamega WS,Bulk Items,15.0,68965.54,6
2023.0,9.0,913 -Kakamega WS,Dresses & Skirts,7.0,65948.27,7
2023.0,9.0,913 -Kakamega WS,Footwear,1.0,5172.41,1
2023.0,9.0,913 -Kakamega WS,Home Textiles,17.0,158793.11,12
2023.0,9.0,913 -Kakamega WS,Kids Wear,71.0,621551.68,29
2023.0,9.0,913 -Kakamega WS,Miscellaneous,14.0,87068.97,7
2023.0,9.0,913 -Kakamega WS,Mixed Clothing,10.0,51724.11,9
2023.0,9.0,913 -Kakamega WS,Outerwear,68.0,505517.24,47
2023.0,9.0,913 -Kakamega WS,Pants & Bottoms,53.0,452068.98,37
2023.0,9.0,913 -Kakamega WS,Shirts & Tops,64.0,522241.36,36
2023.0,9.0,913 -Kakamega WS,Sports Wear,2.0,16810.35,2
2023.0,9.0,913 -Kakamega WS,Underwear & Basics,1.0,7327.59,1
2023.0,9.0,914-EMBU WS,Bath & Linens,2.0,31034.48,2
2023.0,9.0,914-EMBU WS,Bulk Items,3.0,25000.0,2
2023.0,9.0,914-EMBU WS,Dresses & Skirts,4.0,31034.48,4
2023.0,9.0,914-EMBU WS,Footwear,2.0,10344.82,2
2023.0,9.0,914-EMBU WS,Home Textiles,9.0,80172.4,9
2023.0,9.0,914-EMBU WS,Kids Wear,21.0,170689.65,16
2023.0,9.0,914-EMBU WS,Miscellaneous,1.0,6034.48,1
2023.0,9.0,914-EMBU WS,Mixed Clothing,3.0,20689.65,3
2023.0,9.0,914-EMBU WS,Outerwear,21.0,140862.08,18
2023.0,9.0,914-EMBU WS,Pants & Bottoms,13.0,105344.84,12
2023.0,9.0,914-EMBU WS,Shirts & Tops,21.0,162844.81,17
2023.0,9.0,914-EMBU WS,Sports Wear,2.0,17241.38,2
2023.0,9.0,914-EMBU WS,Underwear & Basics,1.0,7758.62,1
2023.0,9.0,99 Warehouse,Bags & Accessories,10.0,94762.93,6
2023.0,9.0,99 Warehouse,Bath & Linens,66.0,859172.44,38
2023.0,9.0,99 Warehouse,Bulk Items,583.0,1094439.66,58
2023.0,9.0,99 Warehouse,Dresses & Skirts,98.0,724353.48,62
2023.0,9.0,99 Warehouse,Footwear,209.0,1201379.3,9
2023.0,9.0,99 Warehouse,Home Textiles,135.0,1707607.01,81
2023.0,9.0,99 Warehouse,Kids Wear,368.0,3857176.71,147
2023.0,9.0,99 Warehouse,Miscellaneous,143.0,990280.1900000001,21
2023.0,9.0,99 Warehouse,Mixed Clothing,27.0,261379.34,15
2023.0,9.0,99 Warehouse,Outerwear,218.0,1486974.1099999999,58
2023.0,9.0,99 Warehouse,Pants & Bottoms,434.0,3427250.24,249
2023.0,9.0,99 Warehouse,Shirts & Tops,581.0,4852030.24,293
2023.0,9.0,99 Warehouse,Sports Wear,26.0,218663.85,20
2023.0,9.0,99 Warehouse,Underwear & Basics,5.0,50172.42,3
2023.0,9.0,99 Warehouse,Work Wear,8.0,89655.18,2
2023.0,10.0,901 - Gikomba,Bags & Accessories,18.0,192672.41,10
2023.0,10.0,901 - Gikomba,Bath & Linens,23.0,341206.88,12
2023.0,10.0,901 - Gikomba,Bulk Items,7.0,89224.15,5
2023.0,10.0,901 - Gikomba,Dresses & Skirts,39.0,306379.28,18
2023.0,10.0,901 - Gikomba,Footwear,47.0,245689.65,13
2023.0,10.0,901 - Gikomba,Home Textiles,29.0,374612.09,21
2023.0,10.0,901 - Gikomba,Kids Wear,131.0,1329310.33,42
2023.0,10.0,901 - Gikomba,Miscellaneous,4.0,25862.059999999998,3
2023.0,10.0,901 - Gikomba,Mixed Clothing,8.0,80172.42,3
2023.0,10.0,901 - Gikomba,Outerwear,281.0,2177844.8,62
2023.0,10.0,901 - Gikomba,Pants & Bottoms,203.0,1570000.01,74
2023.0,10.0,901 - Gikomba,Shirts & Tops,602.0,4406465.51,97
2023.0,10.0,901 - Gikomba,Sports Wear,3.0,25689.660000000003,3
2023.0,10.0,901 - Gikomba,Work Wear,9.0,116379.3,5
2023.0,10.0,904 - Kericho,Bags & Accessories,2.0,22413.8,2
2023.0,10.0,904 - Kericho,Bath & Linens,2.0,26293.1,2
2023.0,10.0,904 - Kericho,Bulk Items,9.0,108620.70999999999,6
2023.0,10.0,904 - Kericho,Dresses & Skirts,10.0,74568.98,9
2023.0,10.0,904 - Kericho,Footwear,39.0,198275.79,27
2023.0,10.0,904 - Kericho,Home Textiles,22.0,278534.49,21
2023.0,10.0,904 - Kericho,Kids Wear,149.0,1259741.3699999999,67
2023.0,10.0,904 - Kericho,Miscellaneous,20.0,122413.81,19
2023.0,10.0,904 - Kericho,Mixed Clothing,12.0,66810.34,9
2023.0,10.0,904 - Kericho,Outerwear,124.0,888706.89,73
2023.0,10.0,904 - Kericho,Pants & Bottoms,69.0,560948.26,46
2023.0,10.0,904 - Kericho,Shirts & Tops,92.0,738706.81,64
2023.0,10.0,904 - Kericho,Sports Wear,2.0,18965.52,2
2023.0,10.0,904 - Kericho,Underwear & Basics,5.0,37068.97,5
2023.0,10.0,904 - Kericho,Work Wear,1.0,13362.07,1
2023.0,10.0,904.5 Meru WS,Bags & Accessories,15.0,164137.94,13
2023.0,10.0,904.5 Meru WS,Bath & Linens,13.0,183448.28,9
2023.0,10.0,904.5 Meru WS,Bulk Items,32.0,89655.18,9
2023.0,10.0,904.5 Meru WS,Dresses & Skirts,30.0,254224.12,24
2023.0,10.0,904.5 Meru WS,Footwear,102.0,527586.09,60
2023.0,10.0,904.5 Meru WS,Home Textiles,42.0,464181.0,29
2023.0,10.0,904.5 Meru WS,Kids Wear,82.0,757155.22,58
2023.0,10.0,904.5 Meru WS,Miscellaneous,31.0,196120.68,23
2023.0,10.0,904.5 Meru WS,Mixed Clothing,25.0,170431.0,23
2023.0,10.0,904.5 Meru WS,Outerwear,177.0,1293706.8699999999,88
2023.0,10.0,904.5 Meru WS,Pants & Bottoms,147.0,1261594.83,100
2023.0,10.0,904.5 Meru WS,Shirts & Tops,174.0,1393362.02,118
2023.0,10.0,904.5 Meru WS,Sports Wear,4.0,36206.9,4
2023.0,10.0,904.5 Meru WS,Underwear & Basics,1.0,7758.62,1
2023.0,10.0,904.5 Meru WS,Work Wear,2.0,26724.14,1
2023.0,10.0,905 - Eldoret,Bags & Accessories,10.0,115517.26,9
2023.0,10.0,905 - Eldoret,Bath & Linens,9.0,128620.69,7
2023.0,10.0,905 - Eldoret,Bulk Items,16.0,191379.34999999998,13
2023.0,10.0,905 - Eldoret,Dresses & Skirts,16.0,126206.91,12
2023.0,10.0,905 - Eldoret,Footwear,73.0,367413.79,26
2023.0,10.0,905 - Eldoret,Home Textiles,47.0,682241.36,30
2023.0,10.0,905 - Eldoret,Kids Wear,169.0,1710172.3800000001,82
2023.0,10.0,905 - Eldoret,Miscellaneous,43.0,262500.02,19
2023.0,10.0,905 - Eldoret,Mixed Clothing,39.0,249568.9,27
2023.0,10.0,905 - Eldoret,Outerwear,122.0,886465.52,66
2023.0,10.0,905 - Eldoret,Pants & Bottoms,176.0,1390129.25,84
2023.0,10.0,905 - Eldoret,Shirts & Tops,145.0,1166034.4,90
2023.0,10.0,905 - Eldoret,Sports Wear,3.0,26724.14,3
2023.0,10.0,905 - Eldoret,Underwear & Basics,9.0,69827.58,9
2023.0,10.0,905 - Eldoret,Work Wear,5.0,64655.17,4
2023.0,10.0,906 - Kisii,Bath & Linens,6.0,81810.34,5
2023.0,10.0,906 - Kisii,Bulk Items,10.0,98275.88,8
2023.0,10.0,906 - Kisii,Dresses & Skirts,11.0,80948.29,9
2023.0,10.0,906 - Kisii,Footwear,11.0,56896.55,6
2023.0,10.0,906 - Kisii,Home Textiles,24.0,284310.39,18
2023.0,10.0,906 - Kisii,Kids Wear,95.0,962586.1900000001,30
2023.0,10.0,906 - Kisii,Miscellaneous,19.0,115948.26,15
2023.0,10.0,906 - Kisii,Mixed Clothing,8.0,45258.61,7
2023.0,10.0,906 - Kisii,Outerwear,38.0,290689.64,21
2023.0,10.0,906 - Kisii,Pants & Bottoms,54.0,459137.87,41
2023.0,10.0,906 - Kisii,Shirts & Tops,69.0,564913.77,42
2023.0,10.0,906 - Kisii,Work Wear,1.0,12931.03,1
2023.0,10.0,907-Kisumu WS,Bags & Accessories,64.0,412931.04,20
2023.0,10.0,907-Kisumu WS,Bath & Linens,4.0,56551.729999999996,4
2023.0,10.0,907-Kisumu WS,Bulk Items,55.0,329137.99,23
2023.0,10.0,907-Kisumu WS,Dresses & Skirts,28.0,226810.35,21
2023.0,10.0,907-Kisumu WS,Footwear,20.0,101293.06,15
2023.0,10.0,907-Kisumu WS,Home Textiles,40.0,413879.33,26
2023.0,10.0,907-Kisumu WS,Kids Wear,191.0,1602068.95,81
2023.0,10.0,907-Kisumu WS,Miscellaneous,47.0,303879.3,22
2023.0,10.0,907-Kisumu WS,Mixed Clothing,11.0,71982.73,11
2023.0,10.0,907-Kisumu WS,Outerwear,95.0,655862.07,42
2023.0,10.0,907-Kisumu WS,Pants & Bottoms,158.0,1330948.26,93
2023.0,10.0,907-Kisumu WS,Shirts & Tops,121.0,953017.23,71
2023.0,10.0,907-Kisumu WS,Sports Wear,5.0,45689.66,4
2023.0,10.0,907-Kisumu WS,Underwear & Basics,7.0,54310.34,5
2023.0,10.0,907-Kisumu WS,Work Wear,2.0,25862.06,2
2023.0,10.0,910 - Kitale,Bags & Accessories,7.0,71120.69,7
2023.0,10.0,910 - Kitale,Bath & Linens,10.0,145517.23,10
2023.0,10.0,910 - Kitale,Bulk Items,69.0,311206.92,13
2023.0,10.0,910 - Kitale,Dresses & Skirts,24.0,239482.77,24
2023.0,10.0,910 - Kitale,Footwear,24.0,128879.26,18
2023.0,10.0,910 - Kitale,Home Textiles,29.0,323275.86,25
2023.0,10.0,910 - Kitale,Kids Wear,167.0,1483275.91,85
2023.0,10.0,910 - Kitale,Miscellaneous,39.0,254310.37,31
2023.0,10.0,910 - Kitale,Mixed Clothing,20.0,121551.68,19
2023.0,10.0,910 - Kitale,Outerwear,72.0,545431.0,52
2023.0,10.0,910 - Kitale,Pants & Bottoms,103.0,882413.76,74
2023.0,10.0,910 - Kitale,Shirts & Tops,96.0,857499.97,83
2023.0,10.0,910 - Kitale,Sports Wear,4.0,37068.97,4
2023.0,10.0,910 - Kitale,Underwear & Basics,1.0,7758.62,1
2023.0,10.0,910 - Kitale,Work Wear,2.0,26724.14,1
2023.0,10.0,913 -Kakamega WS,Bags & Accessories,8.0,86465.53,8
2023.0,10.0,913 -Kakamega WS,Bath & Linens,3.0,40172.409999999996,3
2023.0,10.0,913 -Kakamega WS,Bulk Items,25.0,76293.12,8
2023.0,10.0,913 -Kakamega WS,Dresses & Skirts,23.0,183620.69,20
2023.0,10.0,913 -Kakamega WS,Footwear,2.0,10000.0,1
2023.0,10.0,913 -Kakamega WS,Home Textiles,11.0,158189.65,9
2023.0,10.0,913 -Kakamega WS,Kids Wear,120.0,1027327.61,55
2023.0,10.0,913 -Kakamega WS,Miscellaneous,25.0,165086.2,12
2023.0,10.0,913 -Kakamega WS,Mixed Clothing,21.0,124568.95,10
2023.0,10.0,913 -Kakamega WS,Outerwear,67.0,503017.24,39
2023.0,10.0,913 -Kakamega WS,Pants & Bottoms,85.0,718017.24,69
2023.0,10.0,913 -Kakamega WS,Shirts & Tops,93.0,761465.53,69
2023.0,10.0,913 -Kakamega WS,Sports Wear,4.0,35775.87,3
2023.0,10.0,913 -Kakamega WS,Underwear & Basics,5.0,38793.1,2
2023.0,10.0,913 -Kakamega WS,Work Wear,2.0,25862.07,1
2023.0,10.0,914-EMBU WS,Bags & Accessories,3.0,24137.940000000002,3
2023.0,10.0,914-EMBU WS,Bath & Linens,3.0,42672.42,2
2023.0,10.0,914-EMBU WS,Bulk Items,5.0,5172.41,3
2023.0,10.0,914-EMBU WS,Dresses & Skirts,8.0,70000.01,6
2023.0,10.0,914-EMBU WS,Footwear,1.0,5172.41,1
2023.0,10.0,914-EMBU WS,Home Textiles,8.0,73017.24,8
2023.0,10.0,914-EMBU WS,Kids Wear,25.0,231810.36000000002,15
2023.0,10.0,914-EMBU WS,Leather Goods,2.0,18103.45,1
2023.0,10.0,914-EMBU WS,Miscellaneous,3.0,17672.42,2
2023.0,10.0,914-EMBU WS,Outerwear,31.0,228189.66,20
2023.0,10.0,914-EMBU WS,Pants & Bottoms,24.0,209051.68,19
2023.0,10.0,914-EMBU WS,Shirts & Tops,34.0,272241.34,28
2023.0,10.0,914-EMBU WS,Sports Wear,1.0,9482.76,1
2023.0,10.0,914-EMBU WS,Work Wear,1.0,12931.03,1
2023.0,10.0,99 Warehouse,Bags & Accessories,33.0,319206.88,20
2023.0,10.0,99 Warehouse,Bath & Linens,85.0,1135642.25,50
2023.0,10.0,99 Warehouse,Bulk Items,422.0,958189.66,49
2023.0,10.0,99 Warehouse,Dresses & Skirts,114.0,887836.13,69
2023.0,10.0,99 Warehouse,Footwear,291.0,1467413.79,9
2023.0,10.0,99 Warehouse,Home Textiles,117.0,1247797.4000000001,53
2023.0,10.0,99 Warehouse,Kids Wear,549.0,5903961.19,184
2023.0,10.0,99 Warehouse,Leather Goods,27.0,199827.58,2
2023.0,10.0,99 Warehouse,Miscellaneous,211.0,1545689.63,16
2023.0,10.0,99 Warehouse,Mixed Clothing,31.0,292844.81,15
2023.0,10.0,99 Warehouse,Outerwear,209.0,1516547.44,73
2023.0,10.0,99 Warehouse,Pants & Bottoms,453.0,3594332.13,253
2023.0,10.0,99 Warehouse,Shirts & Tops,655.0,5608637.59,325
2023.0,10.0,99 Warehouse,Sports Wear,41.0,354008.64,27
2023.0,10.0,99 Warehouse,Underwear & Basics,5.0,36853.45,4
2023.0,10.0,99 Warehouse,Work Wear,13.0,160387.96,11
2023.0,11.0,901 - Gikomba,Bags & Accessories,15.0,154741.37,9
2023.0,11.0,901 - Gikomba,Bath & Linens,21.0,295862.06,16
2023.0,11.0,901 - Gikomba,Bulk Items,17.0,205172.43,9
2023.0,11.0,901 - Gikomba,Dresses & Skirts,34.0,279913.77999999997,14
2023.0,11.0,901 - Gikomba,Footwear,36.0,186637.88999999998,23
2023.0,11.0,901 - Gikomba,Home Textiles,20.0,249568.98,14
2023.0,11.0,901 - Gikomba,Kids Wear,104.0,983362.06,27
2023.0,11.0,901 - Gikomba,Leather Goods,6.0,48275.86,2
2023.0,11.0,901 - Gikomba,Miscellaneous,5.0,31034.48,4
2023.0,11.0,901 - Gikomba,Mixed Clothing,16.0,156034.5,7
2023.0,11.0,901 - Gikomba,Outerwear,281.0,2288017.26,49
2023.0,11.0,901 - Gikomba,Pants & Bottoms,120.0,977241.36,49
2023.0,11.0,901 - Gikomba,Shirts & Tops,380.0,2650948.29,66
2023.0,11.0,901 - Gikomba,Sports Wear,1.0,9482.76,1
2023.0,11.0,901 - Gikomba,Underwear & Basics,1.0,7327.59,1
2023.0,11.0,901 - Gikomba,Work Wear,13.0,165948.27,3
2023.0,11.0,904 - Kericho,Bags & Accessories,8.0,86293.12,7
2023.0,11.0,904 - Kericho,Bath & Linens,6.0,83189.66,3
2023.0,11.0,904 - Kericho,Bulk Items,15.0,181034.5,10
2023.0,11.0,904 - Kericho,Dresses & Skirts,8.0,66379.3,7
2023.0,11.0,904 - Kericho,Footwear,48.0,245689.64,22
2023.0,11.0,904 - Kericho,Home Textiles,22.0,239051.74,21
2023.0,11.0,904 - Kericho,Kids Wear,124.0,1072758.64,45
2023.0,11.0,904 - Kericho,Miscellaneous,34.0,203017.22999999998,26
2023.0,11.0,904 - Kericho,Mixed Clothing,12.0,72413.8,7
2023.0,11.0,904 - Kericho,Outerwear,120.0,883017.23,55
2023.0,11.0,904 - Kericho,Pants & Bottoms,65.0,539827.5800000001,34
2023.0,11.0,904 - Kericho,Shirts & Tops,77.0,642930.97,50
2023.0,11.0,904 - Kericho,Sports Wear,3.0,28448.28,3
2023.0,11.0,904 - Kericho,Underwear & Basics,2.0,15086.21,2
2023.0,11.0,904 - Kericho,Work Wear,2.0,26724.14,2
2023.0,11.0,904.5 Meru WS,Bags & Accessories,9.0,91034.48999999999,9
2023.0,11.0,904.5 Meru WS,Bath & Linens,12.0,171120.68,9
2023.0,11.0,904.5 Meru WS,Bulk Items,17.0,62931.03999999999,6
2023.0,11.0,904.5 Meru WS,Dresses & Skirts,22.0,173534.49,11
2023.0,11.0,904.5 Meru WS,Footwear,58.0,299999.99,21
2023.0,11.0,904.5 Meru WS,Home Textiles,25.0,251422.41999999998,22
2023.0,11.0,904.5 Meru WS,Kids Wear,58.0,500172.44,32
2023.0,11.0,904.5 Meru WS,Miscellaneous,19.0,114655.17,14
2023.0,11.0,904.5 Meru WS,Mixed Clothing,23.0,163362.06,19
2023.0,11.0,904.5 Meru WS,Outerwear,125.0,925862.07,62
2023.0,11.0,904.5 Meru WS,Pants & Bottoms,97.0,837327.61,73
2023.0,11.0,904.5 Meru WS,Shirts & Tops,86.0,703879.31,55
2023.0,11.0,904.5 Meru WS,Sports Wear,1.0,9482.76,1
2023.0,11.0,904.5 Meru WS,Work Wear,4.0,53448.28,2
2023.0,11.0,905 - Eldoret,Bags & Accessories,17.0,176724.16,14
2023.0,11.0,905 - Eldoret,Bath & Linens,7.0,97413.81,6
2023.0,11.0,905 - Eldoret,Bulk Items,22.0,246724.18,16
2023.0,11.0,905 - Eldoret,Dresses & Skirts,13.0,121982.76,8
2023.0,11.0,905 - Eldoret,Footwear,66.0,336293.1,31
2023.0,11.0,905 - Eldoret,Home Textiles,44.0,653189.66,21
2023.0,11.0,905 - Eldoret,Kids Wear,161.0,1867155.16,74
2023.0,11.0,905 - Eldoret,Miscellaneous,71.0,421034.48,24
2023.0,11.0,905 - Eldoret,Mixed Clothing,34.0,198275.8,23
2023.0,11.0,905 - Eldoret,Outerwear,130.0,936810.32,68
2023.0,11.0,905 - Eldoret,Pants & Bottoms,132.0,1072155.13,64
2023.0,11.0,905 - Eldoret,Shirts & Tops,81.0,663362.04,63
2023.0,11.0,905 - Eldoret,Sports Wear,7.0,61637.909999999996,7
2023.0,11.0,905 - Eldoret,Underwear & Basics,8.0,61896.549999999996,6
2023.0,11.0,905 - Eldoret,Work Wear,9.0,119396.54999999999,7
2023.0,11.0,906 - Kisii,Bags & Accessories,5.0,37758.62,4
2023.0,11.0,906 - Kisii,Bath & Linens,1.0,12241.38,1
2023.0,11.0,906 - Kisii,Bulk Items,11.0,109482.78,9
2023.0,11.0,906 - Kisii,Dresses & Skirts,8.0,78017.25,7
2023.0,11.0,906 - Kisii,Footwear,21.0,108189.64,14
2023.0,11.0,906 - Kisii,Home Textiles,29.0,311896.59,20
2023.0,11.0,906 - Kisii,Kids Wear,56.0,635344.77,29
2023.0,11.0,906 - Kisii,Miscellaneous,11.0,68534.48,8
2023.0,11.0,906 - Kisii,Mixed Clothing,13.0,68965.51,8
2023.0,11.0,906 - Kisii,Outerwear,43.0,317672.42,16
2023.0,11.0,906 - Kisii,Pants & Bottoms,46.0,394741.35000000003,36
2023.0,11.0,906 - Kisii,Shirts & Tops,65.0,559741.37,32
2023.0,11.0,906 - Kisii,Sports Wear,2.0,17241.379999999997,2
2023.0,11.0,906 - Kisii,Work Wear,5.0,64655.16,4
2023.0,11.0,907-Kisumu WS,Bags & Accessories,24.0,217844.84,17
2023.0,11.0,907-Kisumu WS,Bath & Linens,5.0,70258.63,5
2023.0,11.0,907-Kisumu WS,Bulk Items,53.0,314655.18,8
2023.0,11.0,907-Kisumu WS,Dresses & Skirts,11.0,95862.07,11
2023.0,11.0,907-Kisumu WS,Footwear,13.0,67241.35,11
2023.0,11.0,907-Kisumu WS,Home Textiles,49.0,481120.72,33
2023.0,11.0,907-Kisumu WS,Kids Wear,121.0,1184224.1,50
2023.0,11.0,907-Kisumu WS,Miscellaneous,115.0,691293.11,16
2023.0,11.0,907-Kisumu WS,Mixed Clothing,20.0,118965.5,15
2023.0,11.0,907-Kisumu WS,Outerwear,105.0,763017.22,39
2023.0,11.0,907-Kisumu WS,Pants & Bottoms,123.0,1030689.63,74
2023.0,11.0,907-Kisumu WS,Shirts & Tops,90.0,729827.58,61
2023.0,11.0,907-Kisumu WS,Sports Wear,1.0,8620.69,1
2023.0,11.0,907-Kisumu WS,Underwear & Basics,5.0,38793.1,4
2023.0,11.0,907-Kisumu WS,Work Wear,6.0,79741.38,6
2023.0,11.0,910 - Kitale,Bags & Accessories,13.0,114310.36,10
2023.0,11.0,910 - Kitale,Bath & Linens,12.0,160517.25999999998,11
2023.0,11.0,910 - Kitale,Bulk Items,13.0,96982.76000000001,5
2023.0,11.0,910 - Kitale,Dresses & Skirts,14.0,128448.27,13
2023.0,11.0,910 - Kitale,Footwear,38.0,196551.69,19
2023.0,11.0,910 - Kitale,Home Textiles,21.0,185344.82,20
2023.0,11.0,910 - Kitale,Kids Wear,93.0,986551.74,47
2023.0,11.0,910 - Kitale,Miscellaneous,51.0,319827.56,37
2023.0,11.0,910 - Kitale,Mixed Clothing,15.0,98706.86,14
2023.0,11.0,910 - Kitale,Outerwear,74.0,553793.06,48
2023.0,11.0,910 - Kitale,Pants & Bottoms,67.0,571982.7,51
2023.0,11.0,910 - Kitale,Shirts & Tops,75.0,702758.58,56
2023.0,11.0,910 - Kitale,Sports Wear,4.0,37500.0,4
2023.0,11.0,910 - Kitale,Underwear & Basics,1.0,7758.62,1
2023.0,11.0,910 - Kitale,Work Wear,5.0,65517.24,3
2023.0,11.0,913 -Kakamega WS,Bags & Accessories,9.0,101379.33,8
2023.0,11.0,913 -Kakamega WS,Bath & Linens,3.0,41379.31,2
2023.0,11.0,913 -Kakamega WS,Bulk Items,18.0,49137.93,4
2023.0,11.0,913 -Kakamega WS,Dresses & Skirts,12.0,95344.82,12
2023.0,11.0,913 -Kakamega WS,Footwear,2.0,10344.82,2
2023.0,11.0,913 -Kakamega WS,Home Textiles,10.0,100000.0,9
2023.0,11.0,913 -Kakamega WS,Kids Wear,80.0,795775.87,40
2023.0,11.0,913 -Kakamega WS,Miscellaneous,21.0,131896.55,15
2023.0,11.0,913 -Kakamega WS,Mixed Clothing,28.0,169827.58,10
2023.0,11.0,913 -Kakamega WS,Outerwear,79.0,568275.8099999999,48
2023.0,11.0,913 -Kakamega WS,Pants & Bottoms,63.0,562844.81,57
2023.0,11.0,913 -Kakamega WS,Shirts & Tops,80.0,693879.29,63
2023.0,11.0,913 -Kakamega WS,Sports Wear,4.0,34051.73,4
2023.0,11.0,913 -Kakamega WS,Underwear & Basics,1.0,7758.62,1
2023.0,11.0,913 -Kakamega WS,Work Wear,3.0,38793.1,2
2023.0,11.0,914-EMBU WS,Bags & Accessories,5.0,44224.14,4
2023.0,11.0,914-EMBU WS,Bath & Linens,4.0,55603.44,4
2023.0,11.0,914-EMBU WS,Dresses & Skirts,5.0,41465.53,5
2023.0,11.0,914-EMBU WS,Footwear,3.0,15517.23,3
2023.0,11.0,914-EMBU WS,Home Textiles,7.0,69051.7,7
2023.0,11.0,914-EMBU WS,Kids Wear,25.0,204741.41,21
2023.0,11.0,914-EMBU WS,Miscellaneous,6.0,36206.899999999994,4
2023.0,11.0,914-EMBU WS,Mixed Clothing,4.0,28620.68,4
2023.0,11.0,914-EMBU WS,Outerwear,24.0,165775.84,15
2023.0,11.0,914-EMBU WS,Pants & Bottoms,16.0,131896.55,13
2023.0,11.0,914-EMBU WS,Shirts & Tops,27.0,202844.80000000002,25
2023.0,11.0,914-EMBU WS,Underwear & Basics,1.0,7758.62,1
2023.0,11.0,914-EMBU WS,Work Wear,1.0,13362.07,1
2023.0,11.0,99 Warehouse,Bags & Accessories,30.0,316668.08999999997,27
2023.0,11.0,99 Warehouse,Bath & Linens,141.0,1916237.01,96
2023.0,11.0,99 Warehouse,Bulk Items,756.0,1308750.0,73
2023.0,11.0,99 Warehouse,Dresses & Skirts,98.0,753646.52,42
2023.0,11.0,99 Warehouse,Footwear,443.0,2372672.39,31
2023.0,11.0,99 Warehouse,Home Textiles,125.0,1472655.2,52
2023.0,11.0,99 Warehouse,Kids Wear,543.0,5863676.61,179
2023.0,11.0,99 Warehouse,Leather Goods,44.0,342327.58,3
2023.0,11.0,99 Warehouse,Miscellaneous,363.0,2673228.41,46
2023.0,11.0,99 Warehouse,Mixed Clothing,29.0,301379.34,13
2023.0,11.0,99 Warehouse,Outerwear,374.0,2668900.94,112
2023.0,11.0,99 Warehouse,Pants & Bottoms,473.0,3817702.78,240
2023.0,11.0,99 Warehouse,Shirts & Tops,852.0,7316999.86,345
2023.0,11.0,99 Warehouse,Sports Wear,37.0,319849.18,23
2023.0,11.0,99 Warehouse,Work Wear,77.0,948383.5599999999,42
2023.0,12.0,901 - Gikomba,Bags & Accessories,18.0,184094.82,7
2023.0,12.0,901 - Gikomba,Bath & Linens,17.0,238349.13,11
2023.0,12.0,901 - Gikomba,Bulk Items,21.0,253448.30000000002,10
2023.0,12.0,901 - Gikomba,Dresses & Skirts,22.0,188793.1,12
2023.0,12.0,901 - Gikomba,Footwear,6.0,32758.61,4
2023.0,12.0,901 - Gikomba,Home Textiles,26.0,305560.36,18
2023.0,12.0,901 - Gikomba,Kids Wear,112.0,1216573.24,38
2023.0,12.0,901 - Gikomba,Leather Goods,3.0,25000.0,2
2023.0,12.0,901 - Gikomba,Miscellaneous,4.0,32758.61,4
2023.0,12.0,901 - Gikomba,Mixed Clothing,2.0,19827.59,1
2023.0,12.0,901 - Gikomba,Outerwear,124.0,956181.04,36
2023.0,12.0,901 - Gikomba,Pants & Bottoms,154.0,1224224.1,48
2023.0,12.0,901 - Gikomba,Shirts & Tops,511.0,3655538.8000000003,93
2023.0,12.0,901 - Gikomba,Sports Wear,2.0,24741.38,2
2023.0,12.0,901 - Gikomba,Underwear & Basics,6.0,46551.72,4
2023.0,12.0,901 - Gikomba,Work Wear,4.0,51077.58,3
2023.0,12.0,904 - Kericho,Bags & Accessories,6.0,49568.97,5
2023.0,12.0,904 - Kericho,Bath & Linens,3.0,36982.759999999995,3
2023.0,12.0,904 - Kericho,Bulk Items,12.0,144827.59,5
2023.0,12.0,904 - Kericho,Dresses & Skirts,6.0,53448.28,6
2023.0,12.0,904 - Kericho,Footwear,8.0,41379.29,7
2023.0,12.0,904 - Kericho,Home Textiles,12.0,145086.21,11
2023.0,12.0,904 - Kericho,Kids Wear,81.0,722586.17,40
2023.0,12.0,904 - Kericho,Miscellaneous,17.0,105172.42,13
2023.0,12.0,904 - Kericho,Mixed Clothing,29.0,181034.48,8
2023.0,12.0,904 - Kericho,Outerwear,83.0,609655.18,52
2023.0,12.0,904 - Kericho,Pants & Bottoms,64.0,513534.48000000004,28
2023.0,12.0,904 - Kericho,Shirts & Tops,58.0,478189.63,37
2023.0,12.0,904 - Kericho,Sports Wear,3.0,25862.07,2
2023.0,12.0,904 - Kericho,Underwear & Basics,1.0,7758.62,1
2023.0,12.0,904.5 Meru WS,Bags & Accessories,12.0,102844.85,12
2023.0,12.0,904.5 Meru WS,Bath & Linens,6.0,81034.49,6
2023.0,12.0,904.5 Meru WS,Bulk Items,2.0,18534.489999999998,2
2023.0,12.0,904.5 Meru WS,Dresses & Skirts,16.0,137327.59,10
2023.0,12.0,904.5 Meru WS,Footwear,14.0,72413.77,9
2023.0,12.0,904.5 Meru WS,Home Textiles,23.0,225991.37,22
2023.0,12.0,904.5 Meru WS,Kids Wear,63.0,635258.66,47
2023.0,12.0,904.5 Meru WS,Miscellaneous,32.0,219568.94999999998,19
2023.0,12.0,904.5 Meru WS,Mixed Clothing,29.0,172844.78,25
2023.0,12.0,904.5 Meru WS,Outerwear,76.0,582499.98,46
2023.0,12.0,904.5 Meru WS,Pants & Bottoms,110.0,935000.05,70
2023.0,12.0,904.5 Meru WS,Shirts & Tops,102.0,818103.49,59
2023.0,12.0,904.5 Meru WS,Sports Wear,3.0,27586.21,2
2023.0,12.0,904.5 Meru WS,Underwear & Basics,1.0,7758.62,1
2023.0,12.0,904.5 Meru WS,Work Wear,2.0,25862.06,2
2023.0,12.0,905 - Eldoret,Bags & Accessories,13.0,125948.3,10
2023.0,12.0,905 - Eldoret,Bath & Linens,5.0,63793.119999999995,5
2023.0,12.0,905 - Eldoret,Bulk Items,18.0,217241.38999999998,8
2023.0,12.0,905 - Eldoret,Dresses & Skirts,9.0,74568.96,6
2023.0,12.0,905 - Eldoret,Footwear,16.0,85775.85,8
2023.0,12.0,905 - Eldoret,Home Textiles,30.0,476034.48000000004,14
2023.0,12.0,905 - Eldoret,Kids Wear,81.0,834913.76,51
2023.0,12.0,905 - Eldoret,Miscellaneous,44.0,287500.0,14
2023.0,12.0,905 - Eldoret,Mixed Clothing,28.0,144396.51,20
2023.0,12.0,905 - Eldoret,Outerwear,76.0,539913.83,39
2023.0,12.0,905 - Eldoret,Pants & Bottoms,122.0,981228.39,53
2023.0,12.0,905 - Eldoret,Shirts & Tops,68.0,525258.55,46
2023.0,12.0,905 - Eldoret,Sports Wear,7.0,64655.170000000006,4
2023.0,12.0,905 - Eldoret,Underwear & Basics,6.0,45258.62,5
2023.0,12.0,906 - Kisii,Bath & Linens,2.0,24310.35,2
2023.0,12.0,906 - Kisii,Bulk Items,12.0,140086.21,3
2023.0,12.0,906 - Kisii,Dresses & Skirts,3.0,23017.25,3
2023.0,12.0,906 - Kisii,Footwear,5.0,25862.059999999998,4
2023.0,12.0,906 - Kisii,Home Textiles,15.0,193965.55000000002,11
2023.0,12.0,906 - Kisii,Kids Wear,83.0,764310.34,23
2023.0,12.0,906 - Kisii,Miscellaneous,33.0,222672.41,15
2023.0,12.0,906 - Kisii,Mixed Clothing,12.0,71551.72,6
2023.0,12.0,906 - Kisii,Outerwear,23.0,155948.28,9
2023.0,12.0,906 - Kisii,Pants & Bottoms,46.0,408534.45,25
2023.0,12.0,906 - Kisii,Shirts & Tops,59.0,504741.34,35
2023.0,12.0,906 - Kisii,Underwear & Basics,1.0,7327.59,1
2023.0,12.0,907-Kisumu WS,Bags & Accessories,13.0,84913.8,4
2023.0,12.0,907-Kisumu WS,Bath & Linens,6.0,77155.18000000001,4
2023.0,12.0,907-Kisumu WS,Bulk Items,16.0,165948.28,5
2023.0,12.0,907-Kisumu WS,Dresses & Skirts,9.0,76293.11,6
2023.0,12.0,907-Kisumu WS,Footwear,25.0,121982.73000000001,9
2023.0,12.0,907-Kisumu WS,Home Textiles,47.0,403706.91000000003,26
2023.0,12.0,907-Kisumu WS,Kids Wear,95.0,847758.6,38
2023.0,12.0,907-Kisumu WS,Miscellaneous,38.0,243103.47,16
2023.0,12.0,907-Kisumu WS,Mixed Clothing,21.0,118965.5,14
2023.0,12.0,907-Kisumu WS,Outerwear,64.0,471810.33999999997,34
2023.0,12.0,907-Kisumu WS,Pants & Bottoms,92.0,772844.82,43
2023.0,12.0,907-Kisumu WS,Shirts & Tops,40.0,312930.99,29
2023.0,12.0,907-Kisumu WS,Sports Wear,2.0,17672.41,2
2023.0,12.0,910 - Kitale,Bags & Accessories,6.0,45258.630000000005,6
2023.0,12.0,910 - Kitale,Bath & Linens,6.0,82155.17,6
2023.0,12.0,910 - Kitale,Bulk Items,28.0,164827.58000000002,9
2023.0,12.0,910 - Kitale,Dresses & Skirts,21.0,228879.3,18
2023.0,12.0,910 - Kitale,Footwear,12.0,62068.94,10
2023.0,12.0,910 - Kitale,Home Textiles,11.0,113275.88,10
2023.0,12.0,910 - Kitale,Kids Wear,95.0,798534.51,44
2023.0,12.0,910 - Kitale,Miscellaneous,21.0,142241.38,17
2023.0,12.0,910 - Kitale,Mixed Clothing,16.0,93965.51,10
2023.0,12.0,910 - Kitale,Outerwear,46.0,330258.61,31
2023.0,12.0,910 - Kitale,Pants & Bottoms,61.0,534051.66,46
2023.0,12.0,910 - Kitale,Shirts & Tops,57.0,469741.34,45
2023.0,12.0,910 - Kitale,Sports Wear,1.0,9482.76,1
2023.0,12.0,910 - Kitale,Underwear & Basics,2.0,15517.24,1
2023.0,12.0,913 -Kakamega WS,Bags & Accessories,6.0,67241.39,5
2023.0,12.0,913 -Kakamega WS,Bulk Items,7.0,84482.78,5
2023.0,12.0,913 -Kakamega WS,Dresses & Skirts,12.0,115086.2,10
2023.0,12.0,913 -Kakamega WS,Footwear,4.0,20689.65,2
2023.0,12.0,913 -Kakamega WS,Home Textiles,5.0,68534.49,5
2023.0,12.0,913 -Kakamega WS,Kids Wear,64.0,614396.51,34
2023.0,12.0,913 -Kakamega WS,Miscellaneous,22.0,132241.37,13
2023.0,12.0,913 -Kakamega WS,Mixed Clothing,33.0,196551.72,9
2023.0,12.0,913 -Kakamega WS,Outerwear,52.0,386379.3,33
2023.0,12.0,913 -Kakamega WS,Pants & Bottoms,55.0,470431.04,45
2023.0,12.0,913 -Kakamega WS,Shirts & Tops,57.0,475344.81,41
2023.0,12.0,913 -Kakamega WS,Sports Wear,2.0,17672.41,2
2023.0,12.0,913 -Kakamega WS,Underwear & Basics,4.0,29741.39,4
2023.0,12.0,913 -Kakamega WS,Work Wear,1.0,12068.97,1
2023.0,12.0,914-EMBU WS,Bags & Accessories,3.0,31465.52,3
2023.0,12.0,914-EMBU WS,Bulk Items,3.0,20689.66,2
2023.0,12.0,914-EMBU WS,Dresses & Skirts,4.0,31293.11,4
2023.0,12.0,914-EMBU WS,Footwear,3.0,15517.23,3
2023.0,12.0,914-EMBU WS,Home Textiles,6.0,61379.28999999999,6
2023.0,12.0,914-EMBU WS,Kids Wear,34.0,342931.05,21
2023.0,12.0,914-EMBU WS,Miscellaneous,8.0,58189.649999999994,4
2023.0,12.0,914-EMBU WS,Mixed Clothing,4.0,31034.48,4
2023.0,12.0,914-EMBU WS,Outerwear,18.0,127155.16,16
2023.0,12.0,914-EMBU WS,Pants & Bottoms,18.0,145948.29,17
2023.0,12.0,914-EMBU WS,Shirts & Tops,22.0,195344.82,21
2023.0,12.0,914-EMBU WS,Sports Wear,1.0,9482.76,1
2023.0,12.0,914-EMBU WS,Underwear & Basics,4.0,31034.48,3
2023.0,12.0,99 Warehouse,Bags & Accessories,55.0,577854.3,35
2023.0,12.0,99 Warehouse,Bath & Linens,97.0,1250515.56,44
2023.0,12.0,99 Warehouse,Bulk Items,468.0,983024.12,64
2023.0,12.0,99 Warehouse,Dresses & Skirts,92.0,741873.36,55
2023.0,12.0,99 Warehouse,Footwear,222.0,1237155.17,10
2023.0,12.0,99 Warehouse,Home Textiles,46.0,691991.38,29
2023.0,12.0,99 Warehouse,Kids Wear,535.0,5230235.3,185
2023.0,12.0,99 Warehouse,Leather Goods,31.0,228491.38,1
2023.0,12.0,99 Warehouse,Miscellaneous,69.0,533534.47,13
2023.0,12.0,99 Warehouse,Mixed Clothing,7.0,77443.97,2
2023.0,12.0,99 Warehouse,Outerwear,341.0,2464826.7199999997,67
2023.0,12.0,99 Warehouse,Pants & Bottoms,410.0,3287435.49,221
2023.0,12.0,99 Warehouse,Shirts & Tops,560.0,4433007.54,235
2023.0,12.0,99 Warehouse,Sports Wear,30.0,268987.09,21
2023.0,12.0,99 Warehouse,Underwear & Basics,4.0,29762.93,2
2023.0,12.0,99 Warehouse,Work Wear,18.0,219762.07,17
2024.0,1.0,901 - Gikomba,Bags & Accessories,14.0,142672.42,10
2024.0,1.0,901 - Gikomba,Bath & Linens,8.0,108275.86,8
2024.0,1.0,901 - Gikomba,Bulk Items,11.0,207327.6,6
2024.0,1.0,901 - Gikomba,Dresses & Skirts,17.0,166465.53,15
2024.0,1.0,901 - Gikomba,Footwear,25.0,129310.33,10
2024.0,1.0,901 - Gikomba,Home Textiles,16.0,166982.77,13
2024.0,1.0,901 - Gikomba,Kids Wear,33.0,389310.36,13
2024.0,1.0,901 - Gikomba,Miscellaneous,8.0,48275.85,4
2024.0,1.0,901 - Gikomba,Mixed Clothing,1.0,9913.79,1
2024.0,1.0,901 - Gikomba,Outerwear,36.0,303793.12,19
2024.0,1.0,901 - Gikomba,Pants & Bottoms,124.0,1020603.42,49
2024.0,1.0,901 - Gikomba,Shirts & Tops,283.0,2057068.99,47
2024.0,1.0,901 - Gikomba,Sports Wear,5.0,47413.8,3
2024.0,1.0,901 - Gikomba,Underwear & Basics,3.0,54310.340000000004,3
2024.0,1.0,901 - Gikomba,Work Wear,2.0,27500.0,2
2024.0,1.0,904 - Kericho,Bags & Accessories,13.0,100431.05,9
2024.0,1.0,904 - Kericho,Bath & Linens,1.0,12068.97,1
2024.0,1.0,904 - Kericho,Bulk Items,5.0,59913.81,5
2024.0,1.0,904 - Kericho,Dresses & Skirts,2.0,15948.279999999999,2
2024.0,1.0,904 - Kericho,Footwear,26.0,134482.72,17
2024.0,1.0,904 - Kericho,Home Textiles,4.0,43793.11,3
2024.0,1.0,904 - Kericho,Kids Wear,110.0,881637.9299999999,44
2024.0,1.0,904 - Kericho,Miscellaneous,27.0,147672.4,16
2024.0,1.0,904 - Kericho,Mixed Clothing,5.0,31034.47,5
2024.0,1.0,904 - Kericho,Outerwear,80.0,593448.26,45
2024.0,1.0,904 - Kericho,Pants & Bottoms,45.0,346982.76,29
2024.0,1.0,904 - Kericho,Shirts & Tops,26.0,199224.13,19
2024.0,1.0,904 - Kericho,Sports Wear,1.0,9482.76,1
2024.0,1.0,904 - Kericho,Work Wear,1.0,8620.69,1
2024.0,1.0,904.5 Meru WS,Bags & Accessories,11.0,88362.08,10
2024.0,1.0,904.5 Meru WS,Bath & Linens,2.0,28448.28,2
2024.0,1.0,904.5 Meru WS,Bulk Items,26.0,70344.84999999999,8
2024.0,1.0,904.5 Meru WS,Dresses & Skirts,12.0,108362.07,10
2024.0,1.0,904.5 Meru WS,Footwear,38.0,196551.66999999998,25
2024.0,1.0,904.5 Meru WS,Home Textiles,15.0,162931.05,15
2024.0,1.0,904.5 Meru WS,Kids Wear,48.0,407327.61,36
2024.0,1.0,904.5 Meru WS,Miscellaneous,45.0,280603.42,33
2024.0,1.0,904.5 Meru WS,Mixed Clothing,18.0,114827.56999999999,15
2024.0,1.0,904.5 Meru WS,Outerwear,53.0,393017.2,46
2024.0,1.0,904.5 Meru WS,Pants & Bottoms,88.0,745258.67,65
2024.0,1.0,904.5 Meru WS,Shirts & Tops,59.0,490517.24,47
2024.0,1.0,904.5 Meru WS,Sports Wear,4.0,37931.04,2
2024.0,1.0,904.5 Meru WS,Underwear & Basics,4.0,31034.48,4
2024.0,1.0,904.5 Meru WS,Work Wear,1.0,13793.1,1
2024.0,1.0,905 - Eldoret,Bags & Accessories,16.0,133620.71,13
2024.0,1.0,905 - Eldoret,Bath & Linens,5.0,65517.25,5
2024.0,1.0,905 - Eldoret,Bulk Items,5.0,60344.85,5
2024.0,1.0,905 - Eldoret,Dresses & Skirts,8.0,69396.56,7
2024.0,1.0,905 - Eldoret,Footwear,49.0,251896.54,27
2024.0,1.0,905 - Eldoret,Home Textiles,17.0,199137.92,15
2024.0,1.0,905 - Eldoret,Kids Wear,54.0,617241.4,33
2024.0,1.0,905 - Eldoret,Miscellaneous,32.0,182413.81,18
2024.0,1.0,905 - Eldoret,Mixed Clothing,25.0,156896.52,20
2024.0,1.0,905 - Eldoret,Outerwear,85.0,580862.14,44
2024.0,1.0,905 - Eldoret,Pants & Bottoms,78.0,614396.52,40
2024.0,1.0,905 - Eldoret,Shirts & Tops,41.0,328017.22000000003,34
2024.0,1.0,905 - Eldoret,Sports Wear,3.0,28448.28,2
2024.0,1.0,905 - Eldoret,Underwear & Basics,12.0,93103.44,11
2024.0,1.0,905 - Eldoret,Work Wear,1.0,12931.03,1
2024.0,1.0,906 - Kisii,Bags & Accessories,3.0,20689.66,3
2024.0,1.0,906 - Kisii,Bath & Linens,2.0,24137.94,2
2024.0,1.0,906 - Kisii,Bulk Items,3.0,39655.17,2
2024.0,1.0,906 - Kisii,Dresses & Skirts,7.0,52586.21,5
2024.0,1.0,906 - Kisii,Footwear,8.0,41379.29,7
2024.0,1.0,906 - Kisii,Home Textiles,15.0,211896.58,13
2024.0,1.0,906 - Kisii,Kids Wear,49.0,455000.0,19
2024.0,1.0,906 - Kisii,Miscellaneous,26.0,151206.9,11
2024.0,1.0,906 - Kisii,Mixed Clothing,11.0,61637.92,8
2024.0,1.0,906 - Kisii,Outerwear,36.0,258620.71000000002,15
2024.0,1.0,906 - Kisii,Pants & Bottoms,56.0,473534.47000000003,35
2024.0,1.0,906 - Kisii,Shirts & Tops,31.0,240948.23,29
2024.0,1.0,906 - Kisii,Sports Wear,1.0,8620.69,1
2024.0,1.0,906 - Kisii,Work Wear,1.0,12931.03,1
2024.0,1.0,907-Kisumu WS,Bags & Accessories,15.0,124137.94,11
2024.0,1.0,907-Kisumu WS,Bath & Linens,1.0,12068.97,1
2024.0,1.0,907-Kisumu WS,Bulk Items,8.0,60344.83,6
2024.0,1.0,907-Kisumu WS,Dresses & Skirts,9.0,67844.83,8
2024.0,1.0,907-Kisumu WS,Footwear,27.0,137499.95,19
2024.0,1.0,907-Kisumu WS,Home Textiles,19.0,169913.84,16
2024.0,1.0,907-Kisumu WS,Kids Wear,62.0,562327.57,32
2024.0,1.0,907-Kisumu WS,Miscellaneous,44.0,263534.48,13
2024.0,1.0,907-Kisumu WS,Mixed Clothing,26.0,165603.41999999998,17
2024.0,1.0,907-Kisumu WS,Outerwear,38.0,279827.61,27
2024.0,1.0,907-Kisumu WS,Pants & Bottoms,85.0,701551.71,42
2024.0,1.0,907-Kisumu WS,Shirts & Tops,35.0,287586.22,26
2024.0,1.0,907-Kisumu WS,Sports Wear,6.0,56896.56,6
2024.0,1.0,907-Kisumu WS,Underwear & Basics,4.0,31034.48,4
2024.0,1.0,907-Kisumu WS,Work Wear,1.0,13793.1,1
2024.0,1.0,910 - Kitale,Bags & Accessories,8.0,58189.659999999996,6
2024.0,1.0,910 - Kitale,Bath & Linens,1.0,12068.97,1
2024.0,1.0,910 - Kitale,Bulk Items,14.0,60775.87,4
2024.0,1.0,910 - Kitale,Dresses & Skirts,13.0,107327.58,12
2024.0,1.0,910 - Kitale,Footwear,17.0,87930.97,17
2024.0,1.0,910 - Kitale,Home Textiles,10.0,97155.17,9
2024.0,1.0,910 - Kitale,Kids Wear,69.0,574741.38,50
2024.0,1.0,910 - Kitale,Miscellaneous,39.0,233103.45,28
2024.0,1.0,910 - Kitale,Mixed Clothing,24.0,140517.2,21
2024.0,1.0,910 - Kitale,Outerwear,44.0,324568.95,34
2024.0,1.0,910 - Kitale,Pants & Bottoms,69.0,557155.13,42
2024.0,1.0,910 - Kitale,Shirts & Tops,45.0,389655.12,39
2024.0,1.0,910 - Kitale,Sports Wear,4.0,35344.82,4
2024.0,1.0,910 - Kitale,Work Wear,1.0,13793.1,1
2024.0,1.0,913 -Kakamega WS,Bags & Accessories,7.0,67241.39,6
2024.0,1.0,913 -Kakamega WS,Bath & Linens,2.0,28017.25,2
2024.0,1.0,913 -Kakamega WS,Bulk Items,3.0,29741.38,2
2024.0,1.0,913 -Kakamega WS,Dresses & Skirts,7.0,59913.8,7
2024.0,1.0,913 -Kakamega WS,Footwear,3.0,15517.23,3
2024.0,1.0,913 -Kakamega WS,Home Textiles,4.0,31465.52,4
2024.0,1.0,913 -Kakamega WS,Kids Wear,75.0,616034.47,38
2024.0,1.0,913 -Kakamega WS,Miscellaneous,25.0,150431.05,13
2024.0,1.0,913 -Kakamega WS,Mixed Clothing,14.0,78017.20999999999,13
2024.0,1.0,913 -Kakamega WS,Outerwear,50.0,369224.15,35
2024.0,1.0,913 -Kakamega WS,Pants & Bottoms,71.0,594396.53,48
2024.0,1.0,913 -Kakamega WS,Shirts & Tops,51.0,422500.02,40
2024.0,1.0,913 -Kakamega WS,Sports Wear,1.0,9482.76,1
2024.0,1.0,913 -Kakamega WS,Underwear & Basics,1.0,7758.62,1
2024.0,1.0,913 -Kakamega WS,Work Wear,1.0,5172.41,1
2024.0,1.0,914-EMBU WS,Bags & Accessories,2.0,19827.59,2
2024.0,1.0,914-EMBU WS,Bath & Linens,3.0,39224.14,3
2024.0,1.0,914-EMBU WS,Bulk Items,15.0,71120.69,8
2024.0,1.0,914-EMBU WS,Dresses & Skirts,5.0,41637.94,5
2024.0,1.0,914-EMBU WS,Footwear,2.0,10344.82,2
2024.0,1.0,914-EMBU WS,Home Textiles,2.0,18103.45,2
2024.0,1.0,914-EMBU WS,Kids Wear,25.0,251896.58000000002,22
2024.0,1.0,914-EMBU WS,Miscellaneous,9.0,58534.47,6
2024.0,1.0,914-EMBU WS,Mixed Clothing,6.0,41810.34,6
2024.0,1.0,914-EMBU WS,Outerwear,25.0,177672.42,22
2024.0,1.0,914-EMBU WS,Pants & Bottoms,19.0,151896.54,17
2024.0,1.0,914-EMBU WS,Shirts & Tops,22.0,172327.57,19
2024.0,1.0,914-EMBU WS,Sports Wear,1.0,9482.76,1
2024.0,1.0,914-EMBU WS,Underwear & Basics,2.0,15517.24,2
2024.0,1.0,914-EMBU WS,Work Wear,2.0,27155.17,2
2024.0,1.0,99 Warehouse,Bags & Accessories,12.0,104741.38,4
2024.0,1.0,99 Warehouse,Bath & Linens,11.0,141250.0,6
2024.0,1.0,99 Warehouse,Bulk Items,689.0,1186788.81,75
2024.0,1.0,99 Warehouse,Dresses & Skirts,35.0,301034.47000000003,10
2024.0,1.0,99 Warehouse,Footwear,69.0,679741.38,5
2024.0,1.0,99 Warehouse,Home Textiles,6.0,97413.8,3
2024.0,1.0,99 Warehouse,Kids Wear,272.0,2508840.49,34
2024.0,1.0,99 Warehouse,Miscellaneous,105.0,769482.72,18
2024.0,1.0,99 Warehouse,Mixed Clothing,1.0,9482.76,1
2024.0,1.0,99 Warehouse,Outerwear,107.0,736206.92,23
2024.0,1.0,99 Warehouse,Pants & Bottoms,161.0,1328668.07,60
2024.0,1.0,99 Warehouse,Shirts & Tops,176.0,1492030.22,58
2024.0,1.0,99 Warehouse,Sports Wear,10.0,86206.90000000001,6
2024.0,1.0,99 Warehouse,Underwear & Basics,7.0,63793.11,3
2024.0,1.0,99 Warehouse,Work Wear,13.0,169827.59,13
2024.0,2.0,901 - Gikomba,Bags & Accessories,17.0,154741.38999999998,12
2024.0,2.0,901 - Gikomba,Bath & Linens,11.0,157758.62,9
2024.0,2.0,901 - Gikomba,Bulk Items,16.0,190948.29,9
2024.0,2.0,901 - Gikomba,Dresses & Skirts,15.0,126206.89,11
2024.0,2.0,901 - Gikomba,Footwear,11.0,73275.85,8
2024.0,2.0,901 - Gikomba,Home Textiles,16.0,251724.14,12
2024.0,2.0,901 - Gikomba,Kids Wear,84.0,926034.49,33
2024.0,2.0,901 - Gikomba,Miscellaneous,9.0,72241.36,7
2024.0,2.0,901 - Gikomba,Outerwear,178.0,1487327.58,41
2024.0,2.0,901 - Gikomba,Pants & Bottoms,166.0,1377620.64,69
2024.0,2.0,901 - Gikomba,Shirts & Tops,476.0,3679137.96,79
2024.0,2.0,901 - Gikomba,Sports Wear,13.0,120689.68000000001,9
2024.0,2.0,901 - Gikomba,Underwear & Basics,1.0,7758.62,1
2024.0,2.0,901 - Gikomba,Work Wear,5.0,68965.51,3
2024.0,2.0,904 - Kericho,Bags & Accessories,7.0,68362.06999999999,6
2024.0,2.0,904 - Kericho,Bath & Linens,4.0,54310.35,4
2024.0,2.0,904 - Kericho,Bulk Items,10.0,127586.23999999999,10
2024.0,2.0,904 - Kericho,Dresses & Skirts,3.0,24568.96,3
2024.0,2.0,904 - Kericho,Footwear,18.0,106896.54000000001,7
2024.0,2.0,904 - Kericho,Home Textiles,17.0,162413.82,14
2024.0,2.0,904 - Kericho,Kids Wear,140.0,1238879.35,54
2024.0,2.0,904 - Kericho,Miscellaneous,47.0,264224.13,21
2024.0,2.0,904 - Kericho,Mixed Clothing,5.0,31465.51,5
2024.0,2.0,904 - Kericho,Outerwear,103.0,749568.98,55
2024.0,2.0,904 - Kericho,Pants & Bottoms,59.0,486637.87,44
2024.0,2.0,904 - Kericho,Shirts & Tops,70.0,556034.53,43
2024.0,2.0,904 - Kericho,Underwear & Basics,4.0,28448.28,3
2024.0,2.0,904 - Kericho,Work Wear,2.0,27586.2,2
2024.0,2.0,904.5 Meru WS,Bags & Accessories,8.0,67241.39,8
2024.0,2.0,904.5 Meru WS,Bath & Linens,6.0,79310.34,6
2024.0,2.0,904.5 Meru WS,Bulk Items,20.0,135603.48,10
2024.0,2.0,904.5 Meru WS,Dresses & Skirts,15.0,127155.17,10
2024.0,2.0,904.5 Meru WS,Footwear,27.0,139655.11,21
2024.0,2.0,904.5 Meru WS,Home Textiles,19.0,210344.84,17
2024.0,2.0,904.5 Meru WS,Kids Wear,57.0,516810.35000000003,42
2024.0,2.0,904.5 Meru WS,Miscellaneous,36.0,219827.53,33
2024.0,2.0,904.5 Meru WS,Mixed Clothing,25.0,166379.35,24
2024.0,2.0,904.5 Meru WS,Outerwear,75.0,576982.71,41
2024.0,2.0,904.5 Meru WS,Pants & Bottoms,93.0,770431.01,75
2024.0,2.0,904.5 Meru WS,Shirts & Tops,106.0,890603.56,78
2024.0,2.0,904.5 Meru WS,Sports Wear,6.0,56896.56,6
2024.0,2.0,904.5 Meru WS,Work Wear,3.0,41379.31,2
2024.0,2.0,905 - Eldoret,Bags & Accessories,14.0,136896.58000000002,12
2024.0,2.0,905 - Eldoret,Bath & Linens,6.0,78448.28,5
2024.0,2.0,905 - Eldoret,Bulk Items,13.0,164224.19,13
2024.0,2.0,905 - Eldoret,Dresses & Skirts,12.0,96551.73,5
2024.0,2.0,905 - Eldoret,Footwear,41.0,215775.82,27
2024.0,2.0,905 - Eldoret,Home Textiles,16.0,181034.49,12
2024.0,2.0,905 - Eldoret,Kids Wear,106.0,1056465.5,52
2024.0,2.0,905 - Eldoret,Miscellaneous,49.0,309051.72,9
2024.0,2.0,905 - Eldoret,Mixed Clothing,12.0,64655.18,8
2024.0,2.0,905 - Eldoret,Outerwear,80.0,594396.62,58
2024.0,2.0,905 - Eldoret,Pants & Bottoms,115.0,942672.4,66
2024.0,2.0,905 - Eldoret,Shirts & Tops,41.0,341465.51,37
2024.0,2.0,905 - Eldoret,Sports Wear,4.0,37931.04,3
2024.0,2.0,905 - Eldoret,Underwear & Basics,9.0,69827.58,6
2024.0,2.0,905 - Eldoret,Work Wear,2.0,27586.2,2
2024.0,2.0,906 - Kisii,Bags & Accessories,6.0,45689.66,6
2024.0,2.0,906 - Kisii,Bath & Linens,6.0,76724.14,6
2024.0,2.0,906 - Kisii,Bulk Items,12.0,159913.8,9
2024.0,2.0,906 - Kisii,Dresses & Skirts,13.0,100000.01,10
2024.0,2.0,906 - Kisii,Footwear,7.0,36206.869999999995,7
2024.0,2.0,906 - Kisii,Home Textiles,21.0,224655.2,18
2024.0,2.0,906 - Kisii,Kids Wear,97.0,959482.76,36
2024.0,2.0,906 - Kisii,Miscellaneous,75.0,462844.82,20
2024.0,2.0,906 - Kisii,Mixed Clothing,18.0,98189.65,14
2024.0,2.0,906 - Kisii,Outerwear,21.0,142241.34,15
2024.0,2.0,906 - Kisii,Pants & Bottoms,69.0,599827.56,40
2024.0,2.0,906 - Kisii,Shirts & Tops,34.0,283189.64,30
2024.0,2.0,906 - Kisii,Work Wear,2.0,27155.17,2
2024.0,2.0,907-Kisumu WS,Bags & Accessories,22.0,147068.96,10
2024.0,2.0,907-Kisumu WS,Bath & Linens,7.0,98706.9,7
2024.0,2.0,907-Kisumu WS,Bulk Items,13.0,138793.13999999998,11
2024.0,2.0,907-Kisumu WS,Dresses & Skirts,11.0,95775.87000000001,8
2024.0,2.0,907-Kisumu WS,Footwear,11.0,56896.509999999995,11
2024.0,2.0,907-Kisumu WS,Home Textiles,28.0,296939.69,19
2024.0,2.0,907-Kisumu WS,Kids Wear,196.0,1481637.94,53
2024.0,2.0,907-Kisumu WS,Miscellaneous,39.0,216120.68,8
2024.0,2.0,907-Kisumu WS,Mixed Clothing,11.0,66724.14,8
2024.0,2.0,907-Kisumu WS,Outerwear,86.0,598793.08,43
2024.0,2.0,907-Kisumu WS,Pants & Bottoms,108.0,907758.62,64
2024.0,2.0,907-Kisumu WS,Shirts & Tops,48.0,401206.9,34
2024.0,2.0,907-Kisumu WS,Sports Wear,7.0,59913.79,4
2024.0,2.0,907-Kisumu WS,Underwear & Basics,2.0,15517.24,2
2024.0,2.0,907-Kisumu WS,Work Wear,2.0,27586.2,2
2024.0,2.0,910 - Kitale,Bags & Accessories,12.0,111293.12,12
2024.0,2.0,910 - Kitale,Bath & Linens,10.0,138793.12,8
2024.0,2.0,910 - Kitale,Bulk Items,26.0,157758.63,9
2024.0,2.0,910 - Kitale,Dresses & Skirts,10.0,83620.69,9
2024.0,2.0,910 - Kitale,Footwear,23.0,118965.45,21
2024.0,2.0,910 - Kitale,Home Textiles,20.0,215086.21,17
2024.0,2.0,910 - Kitale,Kids Wear,98.0,923879.3,61
2024.0,2.0,910 - Kitale,Miscellaneous,25.0,145086.19,21
2024.0,2.0,910 - Kitale,Mixed Clothing,17.0,124137.92,15
2024.0,2.0,910 - Kitale,Outerwear,64.0,455344.8,52
2024.0,2.0,910 - Kitale,Pants & Bottoms,68.0,589310.3,48
2024.0,2.0,910 - Kitale,Shirts & Tops,60.0,506465.52,49
2024.0,2.0,910 - Kitale,Sports Wear,7.0,63793.11,5
2024.0,2.0,910 - Kitale,Work Wear,1.0,13793.1,1
2024.0,2.0,913 -Kakamega WS,Bags & Accessories,5.0,43793.1,5
2024.0,2.0,913 -Kakamega WS,Bath & Linens,4.0,50862.07,3
2024.0,2.0,913 -Kakamega WS,Bulk Items,11.0,143965.55,10
2024.0,2.0,913 -Kakamega WS,Dresses & Skirts,11.0,91810.34000000001,9
2024.0,2.0,913 -Kakamega WS,Footwear,9.0,46551.71,5
2024.0,2.0,913 -Kakamega WS,Home Textiles,6.0,50431.03,6
2024.0,2.0,913 -Kakamega WS,Kids Wear,119.0,1023534.47,52
2024.0,2.0,913 -Kakamega WS,Miscellaneous,55.0,309224.11,24
2024.0,2.0,913 -Kakamega WS,Mixed Clothing,13.0,68103.44,8
2024.0,2.0,913 -Kakamega WS,Outerwear,53.0,410258.62,39
2024.0,2.0,913 -Kakamega WS,Pants & Bottoms,77.0,639137.9,57
2024.0,2.0,913 -Kakamega WS,Shirts & Tops,50.0,414224.18,47
2024.0,2.0,913 -Kakamega WS,Underwear & Basics,1.0,7327.59,1
2024.0,2.0,913 -Kakamega WS,Work Wear,2.0,27586.2,2
2024.0,2.0,914-EMBU WS,Bags & Accessories,3.0,26982.760000000002,3
2024.0,2.0,914-EMBU WS,Bath & Linens,2.0,27155.17,2
2024.0,2.0,914-EMBU WS,Bulk Items,3.0,47844.840000000004,3
2024.0,2.0,914-EMBU WS,Dresses & Skirts,4.0,37931.03,4
2024.0,2.0,914-EMBU WS,Footwear,6.0,31034.48,4
2024.0,2.0,914-EMBU WS,Home Textiles,1.0,9051.72,1
2024.0,2.0,914-EMBU WS,Kids Wear,43.0,401724.12,39
2024.0,2.0,914-EMBU WS,Miscellaneous,10.0,67931.01999999999,7
2024.0,2.0,914-EMBU WS,Mixed Clothing,10.0,65431.04,8
2024.0,2.0,914-EMBU WS,Outerwear,34.0,223362.06,31
2024.0,2.0,914-EMBU WS,Pants & Bottoms,28.0,237241.37,25
2024.0,2.0,914-EMBU WS,Shirts & Tops,30.0,263534.5,29
2024.0,2.0,914-EMBU WS,Sports Wear,1.0,9482.76,1
2024.0,2.0,914-EMBU WS,Underwear & Basics,2.0,15517.24,2
2024.0,2.0,914-EMBU WS,Work Wear,2.0,27586.2,2
2024.0,2.0,915-NANYUKI WS,Footwear,1.0,5172.41,1
2024.0,2.0,915-NANYUKI WS,Kids Wear,1.0,7327.59,1
2024.0,2.0,915-NANYUKI WS,Miscellaneous,1.0,6034.48,1
2024.0,2.0,915-NANYUKI WS,Outerwear,2.0,14224.14,2
2024.0,2.0,99 Warehouse,Bags & Accessories,37.0,325474.14,14
2024.0,2.0,99 Warehouse,Bath & Linens,39.0,522456.87,25
2024.0,2.0,99 Warehouse,Bulk Items,647.0,2221624.93,158
2024.0,2.0,99 Warehouse,Dresses & Skirts,79.0,642025.82,37
2024.0,2.0,99 Warehouse,Footwear,169.0,1003275.87,9
2024.0,2.0,99 Warehouse,Home Textiles,11.0,121185.34,7
2024.0,2.0,99 Warehouse,Kids Wear,616.0,6585788.7299999995,182
2024.0,2.0,99 Warehouse,Leather Goods,9.0,72413.79000000001,2
2024.0,2.0,99 Warehouse,Miscellaneous,278.0,2092267.22,24
2024.0,2.0,99 Warehouse,Mixed Clothing,6.0,54245.69,2
2024.0,2.0,99 Warehouse,Outerwear,441.0,3007663.87,107
2024.0,2.0,99 Warehouse,Pants & Bottoms,542.0,4445016.42,278
2024.0,2.0,99 Warehouse,Shirts & Tops,678.0,5399896.71,260
2024.0,2.0,99 Warehouse,Sports Wear,32.0,280431.02,21
2024.0,2.0,99 Warehouse,Underwear & Basics,3.0,21982.760000000002,2
2024.0,2.0,99 Warehouse,Work Wear,44.0,574094.85,29
2024.0,3.0,901 - Gikomba,Bags & Accessories,17.0,163793.1,10
2024.0,3.0,901 - Gikomba,Bath & Linens,13.0,185775.87,11
2024.0,3.0,901 - Gikomba,Bulk Items,21.0,256034.48,8
2024.0,3.0,901 - Gikomba,Dresses & Skirts,23.0,192844.84,16
2024.0,3.0,901 - Gikomba,Footwear,5.0,25862.07,3
2024.0,3.0,901 - Gikomba,Home Textiles,39.0,632758.62,14
2024.0,3.0,901 - Gikomba,Kids Wear,58.0,680603.4299999999,23
2024.0,3.0,901 - Gikomba,Leather Goods,12.0,105172.42,5
2024.0,3.0,901 - Gikomba,Mixed Clothing,9.0,86637.93000000001,3
2024.0,3.0,901 - Gikomba,Outerwear,59.0,477844.82,25
2024.0,3.0,901 - Gikomba,Pants & Bottoms,154.0,1296724.17,66
2024.0,3.0,901 - Gikomba,Shirts & Tops,353.0,2866637.99,83
2024.0,3.0,901 - Gikomba,Sports Wear,5.0,43965.53,4
2024.0,3.0,901 - Gikomba,Underwear & Basics,3.0,50000.0,3
2024.0,3.0,901 - Gikomba,Work Wear,5.0,68965.51,3
2024.0,3.0,904 - Kericho,Bags & Accessories,19.0,145344.82,7
2024.0,3.0,904 - Kericho,Bath & Linens,4.0,53448.28,3
2024.0,3.0,904 - Kericho,Bulk Items,8.0,103879.34,8
2024.0,3.0,904 - Kericho,Dresses & Skirts,4.0,31034.48,4
2024.0,3.0,904 - Kericho,Footwear,31.0,158275.82,18
2024.0,3.0,904 - Kericho,Home Textiles,13.0,152586.23,9
2024.0,3.0,904 - Kericho,Kids Wear,115.0,1000517.3099999999,47
2024.0,3.0,904 - Kericho,Miscellaneous,51.0,307327.57,24
2024.0,3.0,904 - Kericho,Mixed Clothing,13.0,77586.19,10
2024.0,3.0,904 - Kericho,Outerwear,109.0,800172.4,67
2024.0,3.0,904 - Kericho,Pants & Bottoms,41.0,305172.39,28
2024.0,3.0,904 - Kericho,Shirts & Tops,48.0,403879.35000000003,35
2024.0,3.0,904 - Kericho,Sports Wear,1.0,9482.76,1
2024.0,3.0,904 - Kericho,Work Wear,2.0,27586.2,2
2024.0,3.0,904.5 Meru WS,Bags & Accessories,19.0,143534.52000000002,18
2024.0,3.0,904.5 Meru WS,Bath & Linens,6.0,81465.51,6
2024.0,3.0,904.5 Meru WS,Bulk Items,18.0,109482.79,9
2024.0,3.0,904.5 Meru WS,Dresses & Skirts,17.0,143879.3,15
2024.0,3.0,904.5 Meru WS,Footwear,36.0,186637.87,22
2024.0,3.0,904.5 Meru WS,Home Textiles,14.0,119396.59,14
2024.0,3.0,904.5 Meru WS,Kids Wear,57.0,605431.02,41
2024.0,3.0,904.5 Meru WS,Miscellaneous,35.0,230172.4,20
2024.0,3.0,904.5 Meru WS,Mixed Clothing,29.0,182758.65,21
2024.0,3.0,904.5 Meru WS,Outerwear,76.0,571551.72,49
2024.0,3.0,904.5 Meru WS,Pants & Bottoms,61.0,551120.6900000001,48
2024.0,3.0,904.5 Meru WS,Shirts & Tops,73.0,598103.52,55
2024.0,3.0,904.5 Meru WS,Sports Wear,7.0,70689.66,5
2024.0,3.0,904.5 Meru WS,Underwear & Basics,2.0,15517.24,2
2024.0,3.0,904.5 Meru WS,Work Wear,3.0,41379.3,3
2024.0,3.0,905 - Eldoret,Bags & Accessories,24.0,211379.3,15
2024.0,3.0,905 - Eldoret,Bath & Linens,7.0,95689.65,7
2024.0,3.0,905 - Eldoret,Bulk Items,15.0,161293.16,14
2024.0,3.0,905 - Eldoret,Dresses & Skirts,15.0,137500.0,9
2024.0,3.0,905 - Eldoret,Footwear,66.0,340086.17,26
2024.0,3.0,905 - Eldoret,Home Textiles,19.0,281034.48,9
2024.0,3.0,905 - Eldoret,Kids Wear,106.0,1086120.72,54
2024.0,3.0,905 - Eldoret,Miscellaneous,53.0,321465.5,17
2024.0,3.0,905 - Eldoret,Mixed Clothing,22.0,135775.86,16
2024.0,3.0,905 - Eldoret,Outerwear,73.0,543706.95,51
2024.0,3.0,905 - Eldoret,Pants & Bottoms,92.0,743620.67,45
2024.0,3.0,905 - Eldoret,Shirts & Tops,40.0,366034.5,33
2024.0,3.0,905 - Eldoret,Sports Wear,4.0,37931.04,2
2024.0,3.0,905 - Eldoret,Underwear & Basics,9.0,69827.58,7
2024.0,3.0,905 - Eldoret,Work Wear,3.0,41379.3,3
2024.0,3.0,906 - Kisii,Bags & Accessories,38.0,249396.55000000002,6
2024.0,3.0,906 - Kisii,Bath & Linens,8.0,105948.27,6
2024.0,3.0,906 - Kisii,Bulk Items,8.0,104310.37,7
2024.0,3.0,906 - Kisii,Dresses & Skirts,8.0,60775.86,6
2024.0,3.0,906 - Kisii,Footwear,9.0,46551.71,6
2024.0,3.0,906 - Kisii,Home Textiles,23.0,289051.79000000004,17
2024.0,3.0,906 - Kisii,Kids Wear,80.0,721637.96,31
2024.0,3.0,906 - Kisii,Miscellaneous,27.0,170344.8,15
2024.0,3.0,906 - Kisii,Mixed Clothing,21.0,119051.72,12
2024.0,3.0,906 - Kisii,Outerwear,9.0,59482.75,8
2024.0,3.0,906 - Kisii,Pants & Bottoms,47.0,399396.49,43
2024.0,3.0,906 - Kisii,Shirts & Tops,46.0,387931.05,34
2024.0,3.0,906 - Kisii,Sports Wear,1.0,9051.72,1
2024.0,3.0,906 - Kisii,Work Wear,2.0,27586.2,2
2024.0,3.0,907-Kisumu WS,Bags & Accessories,43.0,293965.53,13
2024.0,3.0,907-Kisumu WS,Bath & Linens,9.0,122844.84,7
2024.0,3.0,907-Kisumu WS,Bulk Items,16.0,150000.02,10
2024.0,3.0,907-Kisumu WS,Dresses & Skirts,17.0,131465.51,16
2024.0,3.0,907-Kisumu WS,Footwear,15.0,75862.03,14
2024.0,3.0,907-Kisumu WS,Home Textiles,35.0,333275.89,21
2024.0,3.0,907-Kisumu WS,Kids Wear,104.0,965431.01,48
2024.0,3.0,907-Kisumu WS,Miscellaneous,59.0,338448.25,15
2024.0,3.0,907-Kisumu WS,Mixed Clothing,24.0,120775.84,10
2024.0,3.0,907-Kisumu WS,Outerwear,50.0,371379.33,32
2024.0,3.0,907-Kisumu WS,Pants & Bottoms,57.0,474827.59,44
2024.0,3.0,907-Kisumu WS,Shirts & Tops,40.0,317931.07,29
2024.0,3.0,907-Kisumu WS,Sports Wear,4.0,36637.94,4
2024.0,3.0,907-Kisumu WS,Underwear & Basics,3.0,23275.86,3
2024.0,3.0,907-Kisumu WS,Work Wear,2.0,27586.2,2
2024.0,3.0,910 - Kitale,Bags & Accessories,15.0,144913.81,12
2024.0,3.0,910 - Kitale,Bath & Linens,9.0,120689.66,7
2024.0,3.0,910 - Kitale,Bulk Items,19.0,65086.21,4
2024.0,3.0,910 - Kitale,Dresses & Skirts,22.0,260775.86000000002,13
2024.0,3.0,910 - Kitale,Footwear,29.0,149655.13,20
2024.0,3.0,910 - Kitale,Home Textiles,8.0,113362.08,7
2024.0,3.0,910 - Kitale,Kids Wear,95.0,860689.72,56
2024.0,3.0,910 - Kitale,Miscellaneous,24.0,136982.75,15
2024.0,3.0,910 - Kitale,Mixed Clothing,32.0,177155.13,22
2024.0,3.0,910 - Kitale,Outerwear,60.0,425948.24,43
2024.0,3.0,910 - Kitale,Pants & Bottoms,65.0,529913.78,45
2024.0,3.0,910 - Kitale,Shirts & Tops,51.0,426293.06,41
2024.0,3.0,910 - Kitale,Sports Wear,1.0,7758.62,1
2024.0,3.0,910 - Kitale,Underwear & Basics,2.0,15517.24,2
2024.0,3.0,910 - Kitale,Work Wear,3.0,41379.31,2
2024.0,3.0,913 -Kakamega WS,Bags & Accessories,38.0,278017.25,12
2024.0,3.0,913 -Kakamega WS,Bath & Linens,3.0,41379.31,2
2024.0,3.0,913 -Kakamega WS,Bulk Items,11.0,146982.77,9
2024.0,3.0,913 -Kakamega WS,Dresses & Skirts,13.0,113362.08,11
2024.0,3.0,913 -Kakamega WS,Footwear,9.0,46551.71,7
2024.0,3.0,913 -Kakamega WS,Home Textiles,10.0,114655.18000000001,10
2024.0,3.0,913 -Kakamega WS,Kids Wear,115.0,956034.45,52
2024.0,3.0,913 -Kakamega WS,Miscellaneous,46.0,258275.85,16
2024.0,3.0,913 -Kakamega WS,Mixed Clothing,6.0,31034.47,4
2024.0,3.0,913 -Kakamega WS,Outerwear,81.0,590517.22,49
2024.0,3.0,913 -Kakamega WS,Pants & Bottoms,73.0,610344.84,49
2024.0,3.0,913 -Kakamega WS,Shirts & Tops,60.0,501379.31,43
2024.0,3.0,913 -Kakamega WS,Underwear & Basics,1.0,7327.59,1
2024.0,3.0,913 -Kakamega WS,Work Wear,3.0,41379.31,2
2024.0,3.0,914-EMBU WS,Bags & Accessories,6.0,45775.87,3
2024.0,3.0,914-EMBU WS,Bath & Linens,2.0,27155.17,2
2024.0,3.0,914-EMBU WS,Bulk Items,3.0,40086.22,3
2024.0,3.0,914-EMBU WS,Dresses & Skirts,6.0,49568.97,6
2024.0,3.0,914-EMBU WS,Footwear,7.0,36206.869999999995,7
2024.0,3.0,914-EMBU WS,Home Textiles,2.0,35344.83,2
2024.0,3.0,914-EMBU WS,Kids Wear,31.0,322931.02,25
2024.0,3.0,914-EMBU WS,Miscellaneous,13.0,85517.23,8
2024.0,3.0,914-EMBU WS,Mixed Clothing,5.0,28017.25,3
2024.0,3.0,914-EMBU WS,Outerwear,33.0,234913.77,26
2024.0,3.0,914-EMBU WS,Pants & Bottoms,26.0,230689.64,26
2024.0,3.0,914-EMBU WS,Shirts & Tops,33.0,280000.02,29
2024.0,3.0,914-EMBU WS,Sports Wear,2.0,18965.52,2
2024.0,3.0,914-EMBU WS,Underwear & Basics,3.0,23275.86,3
2024.0,3.0,914-EMBU WS,Work Wear,2.0,27586.2,2
2024.0,3.0,915-NANYUKI WS,Bags & Accessories,2.0,12931.03,1
2024.0,3.0,915-NANYUKI WS,Footwear,2.0,10344.82,2
2024.0,3.0,915-NANYUKI WS,Kids Wear,4.0,28448.27,3
2024.0,3.0,915-NANYUKI WS,Mixed Clothing,1.0,5603.45,1
2024.0,3.0,915-NANYUKI WS,Outerwear,7.0,55086.2,5
2024.0,3.0,915-NANYUKI WS,Shirts & Tops,5.0,56034.490000000005,3
2024.0,3.0,99 Warehouse,Bags & Accessories,48.0,540896.48,34
2024.0,3.0,99 Warehouse,Bath & Linens,119.0,1622465.52,69
2024.0,3.0,99 Warehouse,Bulk Items,746.0,1681594.9000000001,134
2024.0,3.0,99 Warehouse,Dresses & Skirts,46.0,433689.7,28
2024.0,3.0,99 Warehouse,Footwear,703.0,3970258.63,23
2024.0,3.0,99 Warehouse,Home Textiles,18.0,190086.21,10
2024.0,3.0,99 Warehouse,Kids Wear,545.0,5764814.65,198
2024.0,3.0,99 Warehouse,Leather Goods,28.0,225000.01,4
2024.0,3.0,99 Warehouse,Miscellaneous,474.0,3540241.38,35
2024.0,3.0,99 Warehouse,Mixed Clothing,16.0,163103.46,6
2024.0,3.0,99 Warehouse,Outerwear,314.0,2070905.13,69
2024.0,3.0,99 Warehouse,Pants & Bottoms,436.0,3764452.66,232
2024.0,3.0,99 Warehouse,Shirts & Tops,730.0,5940120.66,282
2024.0,3.0,99 Warehouse,Sports Wear,19.0,168620.68,12
2024.0,3.0,99 Warehouse,Underwear & Basics,11.0,131913.8,3
2024.0,3.0,99 Warehouse,Work Wear,57.0,747586.25,30
2024.0,4.0,901 - Gikomba,Bags & Accessories,12.0,113793.11,6
2024.0,4.0,901 - Gikomba,Bath & Linens,16.0,223706.9,13
2024.0,4.0,901 - Gikomba,Bulk Items,7.0,82327.59,4
2024.0,4.0,901 - Gikomba,Dresses & Skirts,15.0,138362.06,10
2024.0,4.0,901 - Gikomba,Footwear,58.0,299999.98,14
2024.0,4.0,901 - Gikomba,Home Textiles,20.0,277155.18,14
2024.0,4.0,901 - Gikomba,Kids Wear,44.0,417327.57,21
2024.0,4.0,901 - Gikomba,Leather Goods,5.0,40948.28,1
2024.0,4.0,901 - Gikomba,Miscellaneous,5.0,29741.379999999997,4
2024.0,4.0,901 - Gikomba,Mixed Clothing,2.0,17672.41,2
2024.0,4.0,901 - Gikomba,Outerwear,58.0,488448.26,18
2024.0,4.0,901 - Gikomba,Pants & Bottoms,88.0,759568.94,49
2024.0,4.0,901 - Gikomba,Shirts & Tops,322.0,2312931.06,54
2024.0,4.0,901 - Gikomba,Sports Wear,9.0,85344.83,4
2024.0,4.0,901 - Gikomba,Underwear & Basics,2.0,28448.28,2
2024.0,4.0,901 - Gikomba,Work Wear,2.0,28448.27,2
2024.0,4.0,904 - Kericho,Bags & Accessories,13.0,114051.73000000001,8
2024.0,4.0,904 - Kericho,Bath & Linens,3.0,41379.31,2
2024.0,4.0,904 - Kericho,Bulk Items,3.0,36206.909999999996,3
2024.0,4.0,904 - Kericho,Dresses & Skirts,5.0,48275.87,5
2024.0,4.0,904 - Kericho,Footwear,48.0,247413.71,35
2024.0,4.0,904 - Kericho,Home Textiles,12.0,163362.08000000002,9
2024.0,4.0,904 - Kericho,Kids Wear,86.0,729310.4,45
2024.0,4.0,904 - Kericho,Miscellaneous,27.0,169396.54,7
2024.0,4.0,904 - Kericho,Mixed Clothing,16.0,101724.11,13
2024.0,4.0,904 - Kericho,Outerwear,141.0,1004051.76,78
2024.0,4.0,904 - Kericho,Pants & Bottoms,50.0,392413.76,28
2024.0,4.0,904 - Kericho,Shirts & Tops,47.0,414568.94,28
2024.0,4.0,904 - Kericho,Sports Wear,1.0,9051.72,1
2024.0,4.0,904.5 Meru WS,Bags & Accessories,16.0,115517.25,15
2024.0,4.0,904.5 Meru WS,Bath & Linens,4.0,53879.31,4
2024.0,4.0,904.5 Meru WS,Bulk Items,20.0,119396.56999999999,10
2024.0,4.0,904.5 Meru WS,Dresses & Skirts,4.0,32586.21,4
2024.0,4.0,904.5 Meru WS,Footwear,56.0,305172.29,40
2024.0,4.0,904.5 Meru WS,Home Textiles,10.0,113965.53,9
2024.0,4.0,904.5 Meru WS,Kids Wear,50.0,495603.43,35
2024.0,4.0,904.5 Meru WS,Miscellaneous,30.0,186120.63999999998,27
2024.0,4.0,904.5 Meru WS,Mixed Clothing,16.0,102586.22,15
2024.0,4.0,904.5 Meru WS,Outerwear,64.0,473103.46,50
2024.0,4.0,904.5 Meru WS,Pants & Bottoms,71.0,607068.99,58
2024.0,4.0,904.5 Meru WS,Shirts & Tops,80.0,650862.12,66
2024.0,4.0,904.5 Meru WS,Sports Wear,2.0,18965.52,2
2024.0,4.0,904.5 Meru WS,Underwear & Basics,2.0,15517.24,1
2024.0,4.0,904.5 Meru WS,Work Wear,1.0,13793.1,1
2024.0,4.0,905 - Eldoret,Bags & Accessories,24.0,198706.91,16
2024.0,4.0,905 - Eldoret,Bath & Linens,3.0,39224.14,3
2024.0,4.0,905 - Eldoret,Bulk Items,9.0,125000.03,9
2024.0,4.0,905 - Eldoret,Dresses & Skirts,5.0,41379.32,4
2024.0,4.0,905 - Eldoret,Footwear,64.0,328879.27999999997,35
2024.0,4.0,905 - Eldoret,Home Textiles,15.0,231206.9,8
2024.0,4.0,905 - Eldoret,Kids Wear,77.0,777413.82,46
2024.0,4.0,905 - Eldoret,Miscellaneous,23.0,125862.07,7
2024.0,4.0,905 - Eldoret,Mixed Clothing,17.0,106465.53,14
2024.0,4.0,905 - Eldoret,Outerwear,82.0,597844.87,66
2024.0,4.0,905 - Eldoret,Pants & Bottoms,83.0,672327.5599999999,43
2024.0,4.0,905 - Eldoret,Shirts & Tops,50.0,391379.26,45
2024.0,4.0,905 - Eldoret,Sports Wear,7.0,63793.11,6
2024.0,4.0,905 - Eldoret,Underwear & Basics,8.0,62068.96,7
2024.0,4.0,905 - Eldoret,Work Wear,1.0,13793.1,1
2024.0,4.0,906 - Kisii,Bags & Accessories,10.0,62931.04,6
2024.0,4.0,906 - Kisii,Bath & Linens,3.0,40517.24,2
2024.0,4.0,906 - Kisii,Bulk Items,3.0,36206.9,2
2024.0,4.0,906 - Kisii,Dresses & Skirts,10.0,72241.37000000001,8
2024.0,4.0,906 - Kisii,Footwear,15.0,77586.2,9
2024.0,4.0,906 - Kisii,Home Textiles,20.0,262758.66000000003,16
2024.0,4.0,906 - Kisii,Kids Wear,69.0,577499.99,32
2024.0,4.0,906 - Kisii,Miscellaneous,47.0,283793.1,18
2024.0,4.0,906 - Kisii,Mixed Clothing,15.0,87413.81,11
2024.0,4.0,906 - Kisii,Outerwear,27.0,171379.31,17
2024.0,4.0,906 - Kisii,Pants & Bottoms,61.0,501379.27,39
2024.0,4.0,906 - Kisii,Shirts & Tops,39.0,325431.01,31
2024.0,4.0,906 - Kisii,Sports Wear,1.0,8620.69,1
2024.0,4.0,907-Kisumu WS,Bags & Accessories,38.0,305689.66,13
2024.0,4.0,907-Kisumu WS,Bath & Linens,4.0,56896.55,3
2024.0,4.0,907-Kisumu WS,Bulk Items,7.0,91810.35,5
2024.0,4.0,907-Kisumu WS,Dresses & Skirts,16.0,121982.75,8
2024.0,4.0,907-Kisumu WS,Footwear,37.0,184913.76,20
2024.0,4.0,907-Kisumu WS,Home Textiles,17.0,203534.53,17
2024.0,4.0,907-Kisumu WS,Kids Wear,79.0,645517.24,39
2024.0,4.0,907-Kisumu WS,Miscellaneous,31.0,180603.45,8
2024.0,4.0,907-Kisumu WS,Mixed Clothing,20.0,114224.15,5
2024.0,4.0,907-Kisumu WS,Outerwear,67.0,473965.52999999997,46
2024.0,4.0,907-Kisumu WS,Pants & Bottoms,92.0,759224.16,67
2024.0,4.0,907-Kisumu WS,Shirts & Tops,42.0,345517.22,36
2024.0,4.0,907-Kisumu WS,Sports Wear,3.0,28017.239999999998,3
2024.0,4.0,907-Kisumu WS,Underwear & Basics,2.0,15517.24,2
2024.0,4.0,907-Kisumu WS,Work Wear,2.0,27586.2,2
2024.0,4.0,910 - Kitale,Bags & Accessories,20.0,137068.95,17
2024.0,4.0,910 - Kitale,Bath & Linens,4.0,50431.049999999996,4
2024.0,4.0,910 - Kitale,Bulk Items,22.0,100000.01000000001,5
2024.0,4.0,910 - Kitale,Dresses & Skirts,7.0,74568.97,6
2024.0,4.0,910 - Kitale,Footwear,47.0,249568.87,38
2024.0,4.0,910 - Kitale,Home Textiles,8.0,109482.77,8
2024.0,4.0,910 - Kitale,Kids Wear,105.0,897500.0,72
2024.0,4.0,910 - Kitale,Miscellaneous,25.0,147413.79,17
2024.0,4.0,910 - Kitale,Mixed Clothing,24.0,132327.55,20
2024.0,4.0,910 - Kitale,Outerwear,67.0,474568.97000000003,52
2024.0,4.0,910 - Kitale,Pants & Bottoms,66.0,544396.55,46
2024.0,4.0,910 - Kitale,Shirts & Tops,65.0,559051.67,54
2024.0,4.0,910 - Kitale,Sports Wear,3.0,28448.28,3
2024.0,4.0,910 - Kitale,Underwear & Basics,2.0,15517.24,2
2024.0,4.0,913 -Kakamega WS,Bags & Accessories,15.0,127586.2,14
2024.0,4.0,913 -Kakamega WS,Bath & Linens,2.0,29310.34,1
2024.0,4.0,913 -Kakamega WS,Bulk Items,6.0,75862.07,4
2024.0,4.0,913 -Kakamega WS,Dresses & Skirts,10.0,85344.83,10
2024.0,4.0,913 -Kakamega WS,Footwear,12.0,62068.94,10
2024.0,4.0,913 -Kakamega WS,Home Textiles,4.0,57327.58,4
2024.0,4.0,913 -Kakamega WS,Kids Wear,86.0,663706.9,41
2024.0,4.0,913 -Kakamega WS,Miscellaneous,17.0,96551.72,10
2024.0,4.0,913 -Kakamega WS,Mixed Clothing,8.0,42241.369999999995,6
2024.0,4.0,913 -Kakamega WS,Outerwear,62.0,458534.5,43
2024.0,4.0,913 -Kakamega WS,Pants & Bottoms,64.0,518362.08,39
2024.0,4.0,913 -Kakamega WS,Shirts & Tops,55.0,439224.13,40
2024.0,4.0,913 -Kakamega WS,Sports Wear,2.0,18965.52,2
2024.0,4.0,913 -Kakamega WS,Underwear & Basics,2.0,14655.18,2
2024.0,4.0,913 -Kakamega WS,Work Wear,1.0,13793.1,1
2024.0,4.0,914-EMBU WS,Bags & Accessories,5.0,40775.87,5
2024.0,4.0,914-EMBU WS,Bath & Linens,3.0,43965.51,3
2024.0,4.0,914-EMBU WS,Bulk Items,10.0,42672.4,5
2024.0,4.0,914-EMBU WS,Dresses & Skirts,5.0,44051.72,4
2024.0,4.0,914-EMBU WS,Footwear,10.0,51724.1,10
2024.0,4.0,914-EMBU WS,Home Textiles,6.0,59482.770000000004,6
2024.0,4.0,914-EMBU WS,Kids Wear,38.0,341379.28,32
2024.0,4.0,914-EMBU WS,Miscellaneous,10.0,59655.149999999994,10
2024.0,4.0,914-EMBU WS,Mixed Clothing,16.0,104051.73,14
2024.0,4.0,914-EMBU WS,Outerwear,43.0,300948.24,40
2024.0,4.0,914-EMBU WS,Pants & Bottoms,25.0,197155.15,20
2024.0,4.0,914-EMBU WS,Shirts & Tops,30.0,245431.04,29
2024.0,4.0,914-EMBU WS,Underwear & Basics,1.0,7758.62,1
2024.0,4.0,915-NANYUKI WS,Kids Wear,1.0,11637.93,1
2024.0,4.0,915-NANYUKI WS,Miscellaneous,1.0,6034.48,1
2024.0,4.0,915-NANYUKI WS,Outerwear,9.0,77155.18000000001,8
2024.0,4.0,915-NANYUKI WS,Pants & Bottoms,2.0,36637.93,2
2024.0,4.0,915-NANYUKI WS,Shirts & Tops,2.0,18965.52,1
2024.0,4.0,99 Warehouse,Bags & Accessories,159.0,1378120.7,24
2024.0,4.0,99 Warehouse,Bath & Linens,21.0,289482.72,17
2024.0,4.0,99 Warehouse,Bulk Items,685.0,1248254.32,131
2024.0,4.0,99 Warehouse,Dresses & Skirts,30.0,248965.52000000002,10
2024.0,4.0,99 Warehouse,Footwear,318.0,1892586.23,18
2024.0,4.0,99 Warehouse,Home Textiles,8.0,143103.45,2
2024.0,4.0,99 Warehouse,Kids Wear,193.0,2037883.59,83
2024.0,4.0,99 Warehouse,Leather Goods,7.0,57327.59,2
2024.0,4.0,99 Warehouse,Miscellaneous,117.0,887793.06,16
2024.0,4.0,99 Warehouse,Mixed Clothing,20.0,170689.65,4
2024.0,4.0,99 Warehouse,Outerwear,122.0,844172.37,50
2024.0,4.0,99 Warehouse,Pants & Bottoms,172.0,1479965.59,100
2024.0,4.0,99 Warehouse,Shirts & Tops,514.0,4077646.65,170
2024.0,4.0,99 Warehouse,Sports Wear,9.0,77586.21,5
2024.0,4.0,99 Warehouse,Work Wear,7.0,88232.76,7
2024.0,5.0,901 - Gikomba,Bags & Accessories,33.0,329741.38,16
2024.0,5.0,901 - Gikomba,Bath & Linens,27.0,392672.4,19
2024.0,5.0,901 - Gikomba,Bulk Items,30.0,375431.05,16
2024.0,5.0,901 - Gikomba,Dresses & Skirts,20.0,199137.93,11
2024.0,5.0,901 - Gikomba,Footwear,27.0,139655.16,11
2024.0,5.0,901 - Gikomba,Home Textiles,39.0,365431.04,12
2024.0,5.0,901 - Gikomba,Kids Wear,135.0,1447155.1600000001,41
2024.0,5.0,901 - Gikomba,Leather Goods,7.0,59482.770000000004,4
2024.0,5.0,901 - Gikomba,Miscellaneous,3.0,18103.45,1
2024.0,5.0,901 - Gikomba,Mixed Clothing,7.0,69396.55,5
2024.0,5.0,901 - Gikomba,Outerwear,198.0,1590948.24,50
2024.0,5.0,901 - Gikomba,Pants & Bottoms,269.0,2209396.51,97
2024.0,5.0,901 - Gikomba,Shirts & Tops,732.0,5426293.140000001,121
2024.0,5.0,901 - Gikomba,Sports Wear,10.0,95689.67,8
2024.0,5.0,901 - Gikomba,Underwear & Basics,2.0,15517.24,2
2024.0,5.0,901 - Gikomba,Work Wear,7.0,92672.41,5
2024.0,5.0,904 - Kericho,Bags & Accessories,8.0,79568.97,6
2024.0,5.0,904 - Kericho,Bath & Linens,13.0,171120.7,10
2024.0,5.0,904 - Kericho,Bulk Items,15.0,184482.81,14
2024.0,5.0,904 - Kericho,Dresses & Skirts,9.0,76293.1,8
2024.0,5.0,904 - Kericho,Footwear,21.0,107068.95,9
2024.0,5.0,904 - Kericho,Home Textiles,24.0,254396.61000000002,21
2024.0,5.0,904 - Kericho,Kids Wear,247.0,2101638.0,79
2024.0,5.0,904 - Kericho,Miscellaneous,55.0,313017.24,21
2024.0,5.0,904 - Kericho,Mixed Clothing,10.0,65948.25,9
2024.0,5.0,904 - Kericho,Outerwear,166.0,1237068.93,76
2024.0,5.0,904 - Kericho,Pants & Bottoms,81.0,648965.52,47
2024.0,5.0,904 - Kericho,Shirts & Tops,78.0,642586.23,49
2024.0,5.0,904 - Kericho,Sports Wear,1.0,9482.76,1
2024.0,5.0,904 - Kericho,Work Wear,1.0,13793.1,1
2024.0,5.0,904.5 Meru WS,Bags & Accessories,17.0,134741.41,15
2024.0,5.0,904.5 Meru WS,Bath & Linens,17.0,246120.7,17
2024.0,5.0,904.5 Meru WS,Bulk Items,40.0,121982.78,10
2024.0,5.0,904.5 Meru WS,Dresses & Skirts,20.0,162155.16,12
2024.0,5.0,904.5 Meru WS,Footwear,45.0,239224.09,26
2024.0,5.0,904.5 Meru WS,Home Textiles,17.0,189827.61000000002,15
2024.0,5.0,904.5 Meru WS,Kids Wear,71.0,781034.49,48
2024.0,5.0,904.5 Meru WS,Miscellaneous,75.0,469137.88,55
2024.0,5.0,904.5 Meru WS,Mixed Clothing,28.0,175431.05,26
2024.0,5.0,904.5 Meru WS,Outerwear,132.0,1018793.08,84
2024.0,5.0,904.5 Meru WS,Pants & Bottoms,155.0,1329913.8,120
2024.0,5.0,904.5 Meru WS,Shirts & Tops,148.0,1246207.04,110
2024.0,5.0,904.5 Meru WS,Sports Wear,11.0,104310.36,8
2024.0,5.0,904.5 Meru WS,Underwear & Basics,5.0,38793.1,5
2024.0,5.0,904.5 Meru WS,Work Wear,2.0,27586.2,2
2024.0,5.0,905 - Eldoret,Bags & Accessories,16.0,148965.54,11
2024.0,5.0,905 - Eldoret,Bath & Linens,17.0,207327.59,14
2024.0,5.0,905 - Eldoret,Bulk Items,26.0,306896.62,22
2024.0,5.0,905 - Eldoret,Dresses & Skirts,14.0,111206.9,10
2024.0,5.0,905 - Eldoret,Footwear,90.0,445689.65,24
2024.0,5.0,905 - Eldoret,Home Textiles,45.0,754913.8,17
2024.0,5.0,905 - Eldoret,Kids Wear,180.0,1943189.68,86
2024.0,5.0,905 - Eldoret,Miscellaneous,127.0,777586.18,21
2024.0,5.0,905 - Eldoret,Mixed Clothing,14.0,82758.63,10
2024.0,5.0,905 - Eldoret,Outerwear,109.0,804569.01,84
2024.0,5.0,905 - Eldoret,Pants & Bottoms,165.0,1305129.29,66
2024.0,5.0,905 - Eldoret,Shirts & Tops,91.0,796551.71,74
2024.0,5.0,905 - Eldoret,Sports Wear,4.0,37931.04,3
2024.0,5.0,905 - Eldoret,Underwear & Basics,14.0,107974.13,12
2024.0,5.0,905 - Eldoret,Work Wear,4.0,53448.270000000004,3
2024.0,5.0,906 - Kisii,Bags & Accessories,8.0,58620.7,8
2024.0,5.0,906 - Kisii,Bath & Linens,13.0,175172.41,9
2024.0,5.0,906 - Kisii,Bulk Items,12.0,148706.91,8
2024.0,5.0,906 - Kisii,Dresses & Skirts,7.0,59482.76,6
2024.0,5.0,906 - Kisii,Footwear,10.0,51724.130000000005,4
2024.0,5.0,906 - Kisii,Home Textiles,32.0,489827.61,16
2024.0,5.0,906 - Kisii,Kids Wear,127.0,1307844.77,39
2024.0,5.0,906 - Kisii,Miscellaneous,80.0,521810.32,24
2024.0,5.0,906 - Kisii,Mixed Clothing,17.0,97672.41,11
2024.0,5.0,906 - Kisii,Outerwear,37.0,281810.36,21
2024.0,5.0,906 - Kisii,Pants & Bottoms,65.0,578060.3,42
2024.0,5.0,906 - Kisii,Shirts & Tops,58.0,495517.24,45
2024.0,5.0,906 - Kisii,Work Wear,2.0,27155.17,2
2024.0,5.0,907-Kisumu WS,Bags & Accessories,47.0,360431.05,24
2024.0,5.0,907-Kisumu WS,Bath & Linens,21.0,286206.91,16
2024.0,5.0,907-Kisumu WS,Bulk Items,32.0,316379.35,17
2024.0,5.0,907-Kisumu WS,Dresses & Skirts,24.0,198534.49,22
2024.0,5.0,907-Kisumu WS,Footwear,19.0,96120.65,14
2024.0,5.0,907-Kisumu WS,Home Textiles,33.0,376982.81,26
2024.0,5.0,907-Kisumu WS,Kids Wear,172.0,1545344.79,66
2024.0,5.0,907-Kisumu WS,Leather Goods,1.0,8620.69,1
2024.0,5.0,907-Kisumu WS,Miscellaneous,71.0,423362.06,17
2024.0,5.0,907-Kisumu WS,Mixed Clothing,8.0,45258.62,4
2024.0,5.0,907-Kisumu WS,Outerwear,70.0,509741.36,45
2024.0,5.0,907-Kisumu WS,Pants & Bottoms,178.0,1477499.96,98
2024.0,5.0,907-Kisumu WS,Shirts & Tops,76.0,616551.76,52
2024.0,5.0,907-Kisumu WS,Underwear & Basics,6.0,46551.72,6
2024.0,5.0,907-Kisumu WS,Work Wear,3.0,40948.270000000004,3
2024.0,5.0,910 - Kitale,Bags & Accessories,15.0,109310.35,9
2024.0,5.0,910 - Kitale,Bath & Linens,14.0,177586.23,12
2024.0,5.0,910 - Kitale,Bulk Items,49.0,148275.88,9
2024.0,5.0,910 - Kitale,Dresses & Skirts,18.0,150431.06,16
2024.0,5.0,910 - Kitale,Footwear,34.0,175344.8,17
2024.0,5.0,910 - Kitale,Home Textiles,18.0,180172.43,15
2024.0,5.0,910 - Kitale,Kids Wear,183.0,1685000.02,111
2024.0,5.0,910 - Kitale,Miscellaneous,75.0,432844.86,34
2024.0,5.0,910 - Kitale,Mixed Clothing,26.0,149999.94,21
2024.0,5.0,910 - Kitale,Outerwear,80.0,582241.35,63
2024.0,5.0,910 - Kitale,Pants & Bottoms,104.0,821034.48,69
2024.0,5.0,910 - Kitale,Shirts & Tops,82.0,721120.67,68
2024.0,5.0,910 - Kitale,Sports Wear,1.0,9482.76,1
2024.0,5.0,910 - Kitale,Underwear & Basics,1.0,7758.62,1
2024.0,5.0,910 - Kitale,Work Wear,1.0,13793.1,1
2024.0,5.0,913 -Kakamega WS,Bags & Accessories,19.0,179827.6,16
2024.0,5.0,913 -Kakamega WS,Bath & Linens,12.0,161465.52,11
2024.0,5.0,913 -Kakamega WS,Bulk Items,12.0,148275.87,8
2024.0,5.0,913 -Kakamega WS,Dresses & Skirts,17.0,160086.2,15
2024.0,5.0,913 -Kakamega WS,Footwear,3.0,15517.24,1
2024.0,5.0,913 -Kakamega WS,Home Textiles,7.0,72155.17,7
2024.0,5.0,913 -Kakamega WS,Kids Wear,123.0,1090862.06,55
2024.0,5.0,913 -Kakamega WS,Miscellaneous,69.0,411551.75,26
2024.0,5.0,913 -Kakamega WS,Mixed Clothing,14.0,86206.9,11
2024.0,5.0,913 -Kakamega WS,Outerwear,60.0,447327.66000000003,44
2024.0,5.0,913 -Kakamega WS,Pants & Bottoms,87.0,719137.86,70
2024.0,5.0,913 -Kakamega WS,Shirts & Tops,101.0,840086.24,71
2024.0,5.0,913 -Kakamega WS,Sports Wear,1.0,9482.76,1
2024.0,5.0,913 -Kakamega WS,Underwear & Basics,2.0,14655.18,2
2024.0,5.0,913 -Kakamega WS,Work Wear,2.0,26724.13,2
2024.0,5.0,914-EMBU WS,Bags & Accessories,4.0,47758.61,3
2024.0,5.0,914-EMBU WS,Bath & Linens,7.0,99396.55,7
2024.0,5.0,914-EMBU WS,Bulk Items,9.0,67327.59,8
2024.0,5.0,914-EMBU WS,Dresses & Skirts,9.0,76724.15000000001,9
2024.0,5.0,914-EMBU WS,Footwear,3.0,15517.23,3
2024.0,5.0,914-EMBU WS,Home Textiles,5.0,45431.03,5
2024.0,5.0,914-EMBU WS,Kids Wear,60.0,587931.05,49
2024.0,5.0,914-EMBU WS,Miscellaneous,9.0,60258.6,7
2024.0,5.0,914-EMBU WS,Mixed Clothing,8.0,62068.97,7
2024.0,5.0,914-EMBU WS,Outerwear,59.0,419137.85,44
2024.0,5.0,914-EMBU WS,Pants & Bottoms,35.0,295948.25,31
2024.0,5.0,914-EMBU WS,Shirts & Tops,42.0,368620.7,37
2024.0,5.0,914-EMBU WS,Sports Wear,4.0,37931.04,3
2024.0,5.0,914-EMBU WS,Underwear & Basics,1.0,7758.62,1
2024.0,5.0,914-EMBU WS,Work Wear,2.0,27155.17,2
2024.0,5.0,915-NANYUKI WS,Bags & Accessories,1.0,6465.52,1
2024.0,5.0,915-NANYUKI WS,Bath & Linens,4.0,48706.909999999996,4
2024.0,5.0,915-NANYUKI WS,Bulk Items,1.0,12068.97,1
2024.0,5.0,915-NANYUKI WS,Footwear,6.0,29741.38,2
2024.0,5.0,915-NANYUKI WS,Home Textiles,1.0,7758.62,1
2024.0,5.0,915-NANYUKI WS,Kids Wear,4.0,37672.41,3
2024.0,5.0,915-NANYUKI WS,Miscellaneous,3.0,15086.2,3
2024.0,5.0,915-NANYUKI WS,Mixed Clothing,4.0,28103.45,3
2024.0,5.0,915-NANYUKI WS,Outerwear,13.0,101241.37,9
2024.0,5.0,915-NANYUKI WS,Pants & Bottoms,13.0,108534.47,11
2024.0,5.0,915-NANYUKI WS,Shirts & Tops,9.0,64137.94,5
2024.0,5.0,915-NANYUKI WS,Sports Wear,2.0,18017.24,1
2024.0,5.0,915-NANYUKI WS,Work Wear,1.0,13793.1,1
2024.0,5.0,99 Warehouse,Bags & Accessories,70.0,832254.27,47
2024.0,5.0,99 Warehouse,Bath & Linens,215.0,2902392.0300000003,150
2024.0,5.0,99 Warehouse,Bulk Items,716.0,2195094.83,174
2024.0,5.0,99 Warehouse,Dresses & Skirts,202.0,1650512.86,91
2024.0,5.0,99 Warehouse,Footwear,788.0,4723922.43,24
2024.0,5.0,99 Warehouse,Home Textiles,94.0,1278379.29,24
2024.0,5.0,99 Warehouse,Kids Wear,1092.0,12337814.6,340
2024.0,5.0,99 Warehouse,Leather Goods,31.0,243663.79,7
2024.0,5.0,99 Warehouse,Miscellaneous,435.0,3212892.19,56
2024.0,5.0,99 Warehouse,Mixed Clothing,108.0,1105375.04,32
2024.0,5.0,99 Warehouse,Outerwear,218.0,1702637.93,102
2024.0,5.0,99 Warehouse,Pants & Bottoms,842.0,6919707.0600000005,456
2024.0,5.0,99 Warehouse,Shirts & Tops,1386.0,12550560.31,632
2024.0,5.0,99 Warehouse,Sports Wear,74.0,646681.03,46
2024.0,5.0,99 Warehouse,Underwear & Basics,7.0,53068.97,3
2024.0,5.0,99 Warehouse,Work Wear,68.0,864655.19,39
2024.0,6.0,901 - Gikomba,Bags & Accessories,14.0,129741.39,10
2024.0,6.0,901 - Gikomba,Bath & Linens,7.0,96120.68,6
2024.0,6.0,901 - Gikomba,Bulk Items,8.0,109482.76999999999,5
2024.0,6.0,901 - Gikomba,Dresses & Skirts,19.0,190086.18,15
2024.0,6.0,901 - Gikomba,Home Textiles,14.0,178017.25,9
2024.0,6.0,901 - Gikomba,Kids Wear,45.0,493103.45,18
2024.0,6.0,901 - Gikomba,Leather Goods,7.0,57327.59,2
2024.0,6.0,901 - Gikomba,Miscellaneous,9.0,50000.0,4
2024.0,6.0,901 - Gikomba,Mixed Clothing,2.0,17241.38,2
2024.0,6.0,901 - Gikomba,Outerwear,99.0,834051.73,23
2024.0,6.0,901 - Gikomba,Pants & Bottoms,126.0,1048965.47,62
2024.0,6.0,901 - Gikomba,Shirts & Tops,389.0,2783017.24,51
2024.0,6.0,901 - Gikomba,Sports Wear,16.0,238793.1,5
2024.0,6.0,901 - Gikomba,Underwear & Basics,2.0,15517.24,2
2024.0,6.0,901 - Gikomba,Work Wear,3.0,41379.31,1
2024.0,6.0,904 - Kericho,Bags & Accessories,8.0,68965.51999999999,3
2024.0,6.0,904 - Kericho,Bath & Linens,6.0,72413.81999999999,6
2024.0,6.0,904 - Kericho,Bulk Items,5.0,63793.11,4
2024.0,6.0,904 - Kericho,Dresses & Skirts,2.0,15086.21,2
2024.0,6.0,904 - Kericho,Footwear,27.0,136810.3,20
2024.0,6.0,904 - Kericho,Home Textiles,13.0,159051.74,11
2024.0,6.0,904 - Kericho,Kids Wear,170.0,1345517.27,54
2024.0,6.0,904 - Kericho,Miscellaneous,33.0,180000.0,16
2024.0,6.0,904 - Kericho,Mixed Clothing,11.0,81896.54,11
2024.0,6.0,904 - Kericho,Outerwear,148.0,1056120.69,73
2024.0,6.0,904 - Kericho,Pants & Bottoms,72.0,532327.56,35
2024.0,6.0,904 - Kericho,Shirts & Tops,50.0,396551.71,35
2024.0,6.0,904 - Kericho,Underwear & Basics,2.0,14655.18,2
2024.0,6.0,904 - Kericho,Work Wear,3.0,160344.83000000002,2
2024.0,6.0,904.5 Meru WS,Bags & Accessories,35.0,258793.15,28
2024.0,6.0,904.5 Meru WS,Bath & Linens,5.0,64224.14,5
2024.0,6.0,904.5 Meru WS,Bulk Items,18.0,68017.26,9
2024.0,6.0,904.5 Meru WS,Dresses & Skirts,17.0,139051.73,12
2024.0,6.0,904.5 Meru WS,Footwear,28.0,145258.57,21
2024.0,6.0,904.5 Meru WS,Home Textiles,20.0,201293.12,20
2024.0,6.0,904.5 Meru WS,Kids Wear,36.0,362586.25,33
2024.0,6.0,904.5 Meru WS,Leather Goods,1.0,8620.69,1
2024.0,6.0,904.5 Meru WS,Miscellaneous,47.0,292672.37,40
2024.0,6.0,904.5 Meru WS,Mixed Clothing,17.0,114655.18,16
2024.0,6.0,904.5 Meru WS,Outerwear,106.0,792844.85,77
2024.0,6.0,904.5 Meru WS,Pants & Bottoms,73.0,604482.72,59
2024.0,6.0,904.5 Meru WS,Shirts & Tops,101.0,850172.5,80
2024.0,6.0,904.5 Meru WS,Sports Wear,2.0,28448.28,2
2024.0,6.0,904.5 Meru WS,Underwear & Basics,1.0,7758.62,1
2024.0,6.0,904.5 Meru WS,Work Wear,3.0,41379.3,3
2024.0,6.0,905 - Eldoret,Bags & Accessories,10.0,86206.90000000001,8
2024.0,6.0,905 - Eldoret,Bath & Linens,6.0,79310.34,6
2024.0,6.0,905 - Eldoret,Bulk Items,8.0,105172.44,7
2024.0,6.0,905 - Eldoret,Dresses & Skirts,9.0,75431.03,5
2024.0,6.0,905 - Eldoret,Footwear,67.0,343448.24,28
2024.0,6.0,905 - Eldoret,Home Textiles,43.0,512499.99000000005,9
2024.0,6.0,905 - Eldoret,Kids Wear,101.0,959568.97,60
2024.0,6.0,905 - Eldoret,Miscellaneous,54.0,335948.26,16
2024.0,6.0,905 - Eldoret,Mixed Clothing,8.0,47413.79,6
2024.0,6.0,905 - Eldoret,Outerwear,130.0,896551.84,74
2024.0,6.0,905 - Eldoret,Pants & Bottoms,106.0,833965.53,43
2024.0,6.0,905 - Eldoret,Shirts & Tops,62.0,498534.47,44
2024.0,6.0,905 - Eldoret,Sports Wear,7.0,63793.11,5
2024.0,6.0,905 - Eldoret,Underwear & Basics,6.0,46551.72,4
2024.0,6.0,905 - Eldoret,Work Wear,4.0,55172.4,4
2024.0,6.0,906 - Kisii,Bags & Accessories,28.0,168534.5,9
2024.0,6.0,906 - Kisii,Bath & Linens,6.0,77844.82,5
2024.0,6.0,906 - Kisii,Bulk Items,3.0,36206.9,2
2024.0,6.0,906 - Kisii,Dresses & Skirts,8.0,60775.87,7
2024.0,6.0,906 - Kisii,Footwear,13.0,67241.36,10
2024.0,6.0,906 - Kisii,Home Textiles,13.0,157327.62,13
2024.0,6.0,906 - Kisii,Kids Wear,71.0,616206.87,35
2024.0,6.0,906 - Kisii,Miscellaneous,36.0,233879.28999999998,20
2024.0,6.0,906 - Kisii,Mixed Clothing,14.0,81465.53,11
2024.0,6.0,906 - Kisii,Outerwear,30.0,188534.47,14
2024.0,6.0,906 - Kisii,Pants & Bottoms,76.0,621465.48,42
2024.0,6.0,906 - Kisii,Shirts & Tops,48.0,364655.15,33
2024.0,6.0,906 - Kisii,Work Wear,3.0,40948.270000000004,3
2024.0,6.0,907-Kisumu WS,Bags & Accessories,33.0,208189.66,19
2024.0,6.0,907-Kisumu WS,Bath & Linens,7.0,94396.56999999999,6
2024.0,6.0,907-Kisumu WS,Bulk Items,4.0,44827.6,4
2024.0,6.0,907-Kisumu WS,Dresses & Skirts,10.0,72586.22,9
2024.0,6.0,907-Kisumu WS,Footwear,9.0,61206.88,8
2024.0,6.0,907-Kisumu WS,Home Textiles,33.0,325172.46,23
2024.0,6.0,907-Kisumu WS,Kids Wear,125.0,1039827.5700000001,55
2024.0,6.0,907-Kisumu WS,Miscellaneous,37.0,208534.46,14
2024.0,6.0,907-Kisumu WS,Mixed Clothing,28.0,160172.4,12
2024.0,6.0,907-Kisumu WS,Outerwear,77.0,561637.93,46
2024.0,6.0,907-Kisumu WS,Pants & Bottoms,105.0,835775.82,69
2024.0,6.0,907-Kisumu WS,Shirts & Tops,34.0,304310.35,30
2024.0,6.0,907-Kisumu WS,Sports Wear,3.0,26724.14,3
2024.0,6.0,907-Kisumu WS,Underwear & Basics,3.0,23275.86,3
2024.0,6.0,907-Kisumu WS,Work Wear,6.0,82327.58,4
2024.0,6.0,910 - Kitale,Bags & Accessories,5.0,34913.8,5
2024.0,6.0,910 - Kitale,Bath & Linens,12.0,162500.03,10
2024.0,6.0,910 - Kitale,Bulk Items,9.0,112500.03,8
2024.0,6.0,910 - Kitale,Dresses & Skirts,14.0,157327.58,10
2024.0,6.0,910 - Kitale,Footwear,35.0,179655.1,26
2024.0,6.0,910 - Kitale,Home Textiles,10.0,140948.29,10
2024.0,6.0,910 - Kitale,Kids Wear,125.0,1075172.4,80
2024.0,6.0,910 - Kitale,Miscellaneous,49.0,271637.95,33
2024.0,6.0,910 - Kitale,Mixed Clothing,20.0,113793.06,18
2024.0,6.0,910 - Kitale,Outerwear,51.0,356896.54,44
2024.0,6.0,910 - Kitale,Pants & Bottoms,75.0,686465.51,55
2024.0,6.0,910 - Kitale,Shirts & Tops,66.0,547844.78,53
2024.0,6.0,910 - Kitale,Sports Wear,3.0,28017.23,3
2024.0,6.0,910 - Kitale,Underwear & Basics,1.0,7758.62,1
2024.0,6.0,910 - Kitale,Work Wear,3.0,41379.31,2
2024.0,6.0,913 -Kakamega WS,Bags & Accessories,9.0,81034.49,8
2024.0,6.0,913 -Kakamega WS,Bath & Linens,4.0,48706.909999999996,4
2024.0,6.0,913 -Kakamega WS,Bulk Items,5.0,68103.45999999999,4
2024.0,6.0,913 -Kakamega WS,Dresses & Skirts,8.0,78879.31,7
2024.0,6.0,913 -Kakamega WS,Footwear,2.0,10344.82,2
2024.0,6.0,913 -Kakamega WS,Home Textiles,5.0,50000.0,5
2024.0,6.0,913 -Kakamega WS,Kids Wear,111.0,902413.8099999999,61
2024.0,6.0,913 -Kakamega WS,Miscellaneous,57.0,323448.29,24
2024.0,6.0,913 -Kakamega WS,Mixed Clothing,8.0,47844.83,6
2024.0,6.0,913 -Kakamega WS,Outerwear,79.0,552931.04,47
2024.0,6.0,913 -Kakamega WS,Pants & Bottoms,83.0,658189.66,57
2024.0,6.0,913 -Kakamega WS,Shirts & Tops,52.0,426724.17,47
2024.0,6.0,913 -Kakamega WS,Work Wear,3.0,41379.31,2
2024.0,6.0,914-EMBU WS,Bags & Accessories,8.0,60344.83,8
2024.0,6.0,914-EMBU WS,Bath & Linens,3.0,39655.17,3
2024.0,6.0,914-EMBU WS,Bulk Items,4.0,48275.87,4
2024.0,6.0,914-EMBU WS,Dresses & Skirts,11.0,91293.11,10
2024.0,6.0,914-EMBU WS,Footwear,5.0,25862.05,5
2024.0,6.0,914-EMBU WS,Home Textiles,3.0,23879.31,3
2024.0,6.0,914-EMBU WS,Kids Wear,27.0,236465.49,27
2024.0,6.0,914-EMBU WS,Miscellaneous,17.0,107758.59999999999,14
2024.0,6.0,914-EMBU WS,Mixed Clothing,7.0,45258.619999999995,7
2024.0,6.0,914-EMBU WS,Outerwear,62.0,403232.72000000003,47
2024.0,6.0,914-EMBU WS,Pants & Bottoms,32.0,248965.5,23
2024.0,6.0,914-EMBU WS,Shirts & Tops,37.0,296810.34,34
2024.0,6.0,914-EMBU WS,Sports Wear,3.0,27413.79,1
2024.0,6.0,914-EMBU WS,Underwear & Basics,1.0,7758.62,1
2024.0,6.0,914-EMBU WS,Work Wear,1.0,13793.1,1
2024.0,6.0,915-NANYUKI WS,Bags & Accessories,3.0,27586.21,3
2024.0,6.0,915-NANYUKI WS,Bulk Items,1.0,12068.97,1
2024.0,6.0,915-NANYUKI WS,Kids Wear,3.0,22844.83,3
2024.0,6.0,915-NANYUKI WS,Miscellaneous,4.0,28793.1,3
2024.0,6.0,915-NANYUKI WS,Outerwear,9.0,69655.16,8
2024.0,6.0,915-NANYUKI WS,Pants & Bottoms,4.0,30172.41,3
2024.0,6.0,915-NANYUKI WS,Shirts & Tops,7.0,53879.31,7
2024.0,6.0,915-NANYUKI WS,Sports Wear,2.0,18534.48,2
2024.0,6.0,915-NANYUKI WS,Work Wear,1.0,13793.1,1
2024.0,6.0,99 Warehouse,Bags & Accessories,63.0,602383.63,32
2024.0,6.0,99 Warehouse,Bath & Linens,91.0,1235818.91,73
2024.0,6.0,99 Warehouse,Bulk Items,386.0,1290237.15,118
2024.0,6.0,99 Warehouse,Dresses & Skirts,120.0,981918.09,50
2024.0,6.0,99 Warehouse,Footwear,845.0,5880258.64,24
2024.0,6.0,99 Warehouse,Home Textiles,74.0,905344.86,22
2024.0,6.0,99 Warehouse,Kids Wear,575.0,5801874.98,138
2024.0,6.0,99 Warehouse,Leather Goods,9.0,72068.96,2
2024.0,6.0,99 Warehouse,Miscellaneous,422.0,3027443.96,21
2024.0,6.0,99 Warehouse,Mixed Clothing,84.0,836637.94,15
2024.0,6.0,99 Warehouse,Outerwear,272.0,1886616.3800000001,88
2024.0,6.0,99 Warehouse,Pants & Bottoms,513.0,4322926.88,268
2024.0,6.0,99 Warehouse,Shirts & Tops,666.0,5493026.04,235
2024.0,6.0,99 Warehouse,Sports Wear,37.0,320258.64,25
2024.0,6.0,99 Warehouse,Underwear & Basics,5.0,59956.89,4
2024.0,6.0,99 Warehouse,Work Wear,36.0,470344.85000000003,23
2024.0,7.0,901 - Gikomba,Bags & Accessories,38.0,296982.76,28
2024.0,7.0,901 - Gikomba,Bath & Linens,22.0,334051.72,17
2024.0,7.0,901 - Gikomba,Bulk Items,6.0,72413.8,4
2024.0,7.0,901 - Gikomba,Dresses & Skirts,14.0,148275.85,9
2024.0,7.0,901 - Gikomba,Footwear,181.0,875000.0,2
2024.0,7.0,901 - Gikomba,Home Textiles,22.0,352586.22000000003,12
2024.0,7.0,901 - Gikomba,Kids Wear,45.0,500258.60000000003,25
2024.0,7.0,901 - Gikomba,Leather Goods,2.0,16379.31,1
2024.0,7.0,901 - Gikomba,Miscellaneous,8.0,54310.32,8
2024.0,7.0,901 - Gikomba,Mixed Clothing,4.0,37068.97,2
2024.0,7.0,901 - Gikomba,Outerwear,108.0,893793.11,30
2024.0,7.0,901 - Gikomba,Pants & Bottoms,87.0,736465.47,45
2024.0,7.0,901 - Gikomba,Shirts & Tops,776.0,5219224.16,52
2024.0,7.0,901 - Gikomba,Sports Wear,2.0,18965.52,2
2024.0,7.0,901 - Gikomba,Work Wear,3.0,41379.31,2
2024.0,7.0,904 - Kericho,Bags & Accessories,16.0,141379.32,10
2024.0,7.0,904 - Kericho,Bath & Linens,4.0,52586.22,4
2024.0,7.0,904 - Kericho,Bulk Items,3.0,39655.18,3
2024.0,7.0,904 - Kericho,Dresses & Skirts,8.0,67241.37,7
2024.0,7.0,904 - Kericho,Footwear,12.0,62068.93,11
2024.0,7.0,904 - Kericho,Home Textiles,5.0,67672.42,5
2024.0,7.0,904 - Kericho,Kids Wear,87.0,740431.01,42
2024.0,7.0,904 - Kericho,Miscellaneous,24.0,128017.20999999999,18
2024.0,7.0,904 - Kericho,Mixed Clothing,9.0,51724.11,9
2024.0,7.0,904 - Kericho,Outerwear,102.0,732241.38,49
2024.0,7.0,904 - Kericho,Pants & Bottoms,38.0,284913.79,20
2024.0,7.0,904 - Kericho,Shirts & Tops,31.0,238793.11,25
2024.0,7.0,904 - Kericho,Underwear & Basics,2.0,14224.14,2
2024.0,7.0,904 - Kericho,Work Wear,1.0,13362.07,1
2024.0,7.0,904.5 Meru WS,Bags & Accessories,37.0,271551.74,28
2024.0,7.0,904.5 Meru WS,Bath & Linens,12.0,173275.86,11
2024.0,7.0,904.5 Meru WS,Bulk Items,11.0,77586.22,9
2024.0,7.0,904.5 Meru WS,Dresses & Skirts,10.0,80948.27,7
2024.0,7.0,904.5 Meru WS,Footwear,43.0,222413.72999999998,30
2024.0,7.0,904.5 Meru WS,Home Textiles,9.0,82327.58,9
2024.0,7.0,904.5 Meru WS,Kids Wear,46.0,438965.55,36
2024.0,7.0,904.5 Meru WS,Leather Goods,1.0,8620.69,1
2024.0,7.0,904.5 Meru WS,Miscellaneous,60.0,369482.74,44
2024.0,7.0,904.5 Meru WS,Mixed Clothing,24.0,146551.75,23
2024.0,7.0,904.5 Meru WS,Outerwear,131.0,981637.93,107
2024.0,7.0,904.5 Meru WS,Pants & Bottoms,84.0,736379.28,63
2024.0,7.0,904.5 Meru WS,Shirts & Tops,68.0,567241.44,52
2024.0,7.0,904.5 Meru WS,Sports Wear,3.0,28448.28,3
2024.0,7.0,904.5 Meru WS,Underwear & Basics,2.0,15517.24,2
2024.0,7.0,904.5 Meru WS,Work Wear,2.0,26293.1,2
2024.0,7.0,905 - Eldoret,Bags & Accessories,14.0,111982.77,13
2024.0,7.0,905 - Eldoret,Bath & Linens,6.0,83620.68,6
2024.0,7.0,905 - Eldoret,Bulk Items,9.0,122413.81,7
2024.0,7.0,905 - Eldoret,Dresses & Skirts,7.0,53448.270000000004,3
2024.0,7.0,905 - Eldoret,Footwear,92.0,463362.02999999997,28
2024.0,7.0,905 - Eldoret,Home Textiles,26.0,414396.55000000005,10
2024.0,7.0,905 - Eldoret,Kids Wear,89.0,951724.12,41
2024.0,7.0,905 - Eldoret,Miscellaneous,30.0,190517.25,17
2024.0,7.0,905 - Eldoret,Mixed Clothing,19.0,115948.29,15
2024.0,7.0,905 - Eldoret,Outerwear,73.0,537069.03,50
2024.0,7.0,905 - Eldoret,Pants & Bottoms,75.0,579913.8,35
2024.0,7.0,905 - Eldoret,Shirts & Tops,40.0,361293.08999999997,36
2024.0,7.0,905 - Eldoret,Sports Wear,4.0,37931.04,3
2024.0,7.0,905 - Eldoret,Underwear & Basics,11.0,85344.81999999999,6
2024.0,7.0,905 - Eldoret,Work Wear,1.0,13793.1,1
2024.0,7.0,906 - Kisii,Bags & Accessories,6.0,52413.8,6
2024.0,7.0,906 - Kisii,Bath & Linens,7.0,90517.23999999999,6
2024.0,7.0,906 - Kisii,Bulk Items,4.0,55603.46,4
2024.0,7.0,906 - Kisii,Dresses & Skirts,7.0,51724.14,6
2024.0,7.0,906 - Kisii,Footwear,10.0,51724.14,6
2024.0,7.0,906 - Kisii,Home Textiles,17.0,215086.22,13
2024.0,7.0,906 - Kisii,Kids Wear,51.0,529396.55,26
2024.0,7.0,906 - Kisii,Miscellaneous,67.0,396293.05,24
2024.0,7.0,906 - Kisii,Mixed Clothing,19.0,106034.48,12
2024.0,7.0,906 - Kisii,Outerwear,30.0,210603.44,14
2024.0,7.0,906 - Kisii,Pants & Bottoms,46.0,376293.09,23
2024.0,7.0,906 - Kisii,Shirts & Tops,32.0,253879.29,25
2024.0,7.0,906 - Kisii,Work Wear,1.0,13793.1,1
2024.0,7.0,907-Kisumu WS,Bags & Accessories,23.0,187500.0,17
2024.0,7.0,907-Kisumu WS,Bath & Linens,7.0,97413.79,6
2024.0,7.0,907-Kisumu WS,Bulk Items,8.0,111206.91,6
2024.0,7.0,907-Kisumu WS,Dresses & Skirts,9.0,68189.66,9
2024.0,7.0,907-Kisumu WS,Footwear,11.0,55172.4,7
2024.0,7.0,907-Kisumu WS,Home Textiles,25.0,310603.51,23
2024.0,7.0,907-Kisumu WS,Kids Wear,87.0,761896.55,45
2024.0,7.0,907-Kisumu WS,Miscellaneous,42.0,236206.89,8
2024.0,7.0,907-Kisumu WS,Mixed Clothing,20.0,110344.81,12
2024.0,7.0,907-Kisumu WS,Outerwear,58.0,402586.2,34
2024.0,7.0,907-Kisumu WS,Pants & Bottoms,85.0,704568.95,45
2024.0,7.0,907-Kisumu WS,Shirts & Tops,23.0,200431.03999999998,15
2024.0,7.0,907-Kisumu WS,Sports Wear,3.0,28448.28,1
2024.0,7.0,907-Kisumu WS,Underwear & Basics,2.0,15517.24,2
2024.0,7.0,907-Kisumu WS,Work Wear,2.0,27586.2,2
2024.0,7.0,910 - Kitale,Bags & Accessories,26.0,197844.85,24
2024.0,7.0,910 - Kitale,Bath & Linens,9.0,122413.79999999999,8
2024.0,7.0,910 - Kitale,Bulk Items,15.0,81465.53,6
2024.0,7.0,910 - Kitale,Dresses & Skirts,13.0,95689.66,10
2024.0,7.0,910 - Kitale,Footwear,19.0,98275.83,14
2024.0,7.0,910 - Kitale,Home Textiles,8.0,107758.63,8
2024.0,7.0,910 - Kitale,Kids Wear,105.0,952155.21,77
2024.0,7.0,910 - Kitale,Miscellaneous,56.0,335775.88,37
2024.0,7.0,910 - Kitale,Mixed Clothing,19.0,104310.31,12
2024.0,7.0,910 - Kitale,Outerwear,81.0,562499.95,66
2024.0,7.0,910 - Kitale,Pants & Bottoms,72.0,602327.5800000001,47
2024.0,7.0,910 - Kitale,Shirts & Tops,65.0,521982.73,46
2024.0,7.0,910 - Kitale,Sports Wear,3.0,27586.21,2
2024.0,7.0,910 - Kitale,Underwear & Basics,3.0,22413.79,2
2024.0,7.0,910 - Kitale,Work Wear,1.0,13793.1,1
2024.0,7.0,913 -Kakamega WS,Bags & Accessories,12.0,108620.69,10
2024.0,7.0,913 -Kakamega WS,Bath & Linens,1.0,12068.97,1
2024.0,7.0,913 -Kakamega WS,Bulk Items,7.0,102586.22,6
2024.0,7.0,913 -Kakamega WS,Dresses & Skirts,7.0,64224.14,5
2024.0,7.0,913 -Kakamega WS,Footwear,14.0,72413.8,5
2024.0,7.0,913 -Kakamega WS,Home Textiles,6.0,91379.31,5
2024.0,7.0,913 -Kakamega WS,Kids Wear,100.0,810000.0,54
2024.0,7.0,913 -Kakamega WS,Miscellaneous,39.0,227931.04,26
2024.0,7.0,913 -Kakamega WS,Mixed Clothing,13.0,67672.41,8
2024.0,7.0,913 -Kakamega WS,Outerwear,64.0,454913.79,39
2024.0,7.0,913 -Kakamega WS,Pants & Bottoms,41.0,325431.04,21
2024.0,7.0,913 -Kakamega WS,Shirts & Tops,37.0,297413.81,28
2024.0,7.0,913 -Kakamega WS,Sports Wear,2.0,18103.45,2
2024.0,7.0,913 -Kakamega WS,Underwear & Basics,1.0,7758.62,1
2024.0,7.0,913 -Kakamega WS,Work Wear,1.0,13793.1,1
2024.0,7.0,914-EMBU WS,Bags & Accessories,12.0,85344.84,12
2024.0,7.0,914-EMBU WS,Bath & Linens,3.0,41810.34,2
2024.0,7.0,914-EMBU WS,Bulk Items,4.0,56034.49,4
2024.0,7.0,914-EMBU WS,Dresses & Skirts,8.0,64913.8,7
2024.0,7.0,914-EMBU WS,Footwear,5.0,25862.07,3
2024.0,7.0,914-EMBU WS,Home Textiles,1.0,9051.72,1
2024.0,7.0,914-EMBU WS,Kids Wear,28.0,260603.45,26
2024.0,7.0,914-EMBU WS,Miscellaneous,6.0,35344.81,6
2024.0,7.0,914-EMBU WS,Mixed Clothing,5.0,32758.629999999997,5
2024.0,7.0,914-EMBU WS,Outerwear,70.0,524137.91000000003,60
2024.0,7.0,914-EMBU WS,Pants & Bottoms,28.0,236637.92,22
2024.0,7.0,914-EMBU WS,Shirts & Tops,47.0,355862.06,40
2024.0,7.0,914-EMBU WS,Sports Wear,3.0,27586.199999999997,3
2024.0,7.0,914-EMBU WS,Underwear & Basics,1.0,7758.62,1
2024.0,7.0,914-EMBU WS,Work Wear,1.0,13793.1,1
2024.0,7.0,915-NANYUKI WS,Dresses & Skirts,1.0,8620.69,1
2024.0,7.0,915-NANYUKI WS,Footwear,3.0,16810.35,2
2024.0,7.0,915-NANYUKI WS,Kids Wear,2.0,13793.1,2
2024.0,7.0,915-NANYUKI WS,Miscellaneous,1.0,7327.59,1
2024.0,7.0,915-NANYUKI WS,Outerwear,5.0,39137.93,5
2024.0,7.0,915-NANYUKI WS,Pants & Bottoms,5.0,34051.73,3
2024.0,7.0,915-NANYUKI WS,Shirts & Tops,7.0,62500.0,6
2024.0,7.0,99 Warehouse,Bags & Accessories,75.0,752525.85,33
2024.0,7.0,99 Warehouse,Bath & Linens,71.0,979288.75,36
2024.0,7.0,99 Warehouse,Bulk Items,448.0,1517478.45,99
2024.0,7.0,99 Warehouse,Dresses & Skirts,27.0,212499.99,12
2024.0,7.0,99 Warehouse,Footwear,310.0,1968103.44,14
2024.0,7.0,99 Warehouse,Home Textiles,41.0,446982.77,9
2024.0,7.0,99 Warehouse,Kids Wear,335.0,3257198.27,93
2024.0,7.0,99 Warehouse,Leather Goods,43.0,343534.48000000004,6
2024.0,7.0,99 Warehouse,Miscellaneous,412.0,3027443.93,26
2024.0,7.0,99 Warehouse,Mixed Clothing,19.0,190431.03,6
2024.0,7.0,99 Warehouse,Outerwear,234.0,1571129.29,60
2024.0,7.0,99 Warehouse,Pants & Bottoms,329.0,2684943.99,148
2024.0,7.0,99 Warehouse,Shirts & Tops,442.0,3691116.43,153
2024.0,7.0,99 Warehouse,Sports Wear,16.0,138706.90000000002,11
2024.0,7.0,99 Warehouse,Work Wear,34.0,444568.99,29
2024.0,8.0,901 - Gikomba,Bags & Accessories,48.0,425000.02,28
2024.0,8.0,901 - Gikomba,Bath & Linens,13.0,197844.84,13
2024.0,8.0,901 - Gikomba,Bulk Items,9.0,136206.9,5
2024.0,8.0,901 - Gikomba,Dresses & Skirts,26.0,200689.65,15
2024.0,8.0,901 - Gikomba,Footwear,9.0,60344.82,4
2024.0,8.0,901 - Gikomba,Home Textiles,28.0,475862.08,10
2024.0,8.0,901 - Gikomba,Kids Wear,40.0,467500.0,24
2024.0,8.0,901 - Gikomba,Miscellaneous,8.0,57327.58,7
2024.0,8.0,901 - Gikomba,Mixed Clothing,12.0,167672.40999999997,6
2024.0,8.0,901 - Gikomba,Outerwear,129.0,1054482.77,34
2024.0,8.0,901 - Gikomba,Pants & Bottoms,151.0,1275689.68,65
2024.0,8.0,901 - Gikomba,Shirts & Tops,640.0,4674051.75,72
2024.0,8.0,901 - Gikomba,Sports Wear,10.0,93534.5,6
2024.0,8.0,901 - Gikomba,Underwear & Basics,1.0,7758.62,1
2024.0,8.0,901 - Gikomba,Work Wear,5.0,68965.52,3
2024.0,8.0,904 - Kericho,Bags & Accessories,15.0,121379.31,8
2024.0,8.0,904 - Kericho,Bath & Linens,2.0,24137.94,2
2024.0,8.0,904 - Kericho,Bulk Items,9.0,118965.54,9
2024.0,8.0,904 - Kericho,Dresses & Skirts,11.0,93534.5,11
2024.0,8.0,904 - Kericho,Footwear,32.0,163103.41999999998,17
2024.0,8.0,904 - Kericho,Home Textiles,11.0,165086.23,9
2024.0,8.0,904 - Kericho,Kids Wear,235.0,1917758.59,71
2024.0,8.0,904 - Kericho,Miscellaneous,58.0,328879.27999999997,31
2024.0,8.0,904 - Kericho,Mixed Clothing,8.0,43965.5,8
2024.0,8.0,904 - Kericho,Outerwear,135.0,982931.03,76
2024.0,8.0,904 - Kericho,Pants & Bottoms,99.0,759051.6900000001,48
2024.0,8.0,904 - Kericho,Shirts & Tops,91.0,665517.28,47
2024.0,8.0,904 - Kericho,Underwear & Basics,2.0,15517.24,2
2024.0,8.0,904 - Kericho,Work Wear,2.0,27586.2,2
2024.0,8.0,904.5 Meru WS,Bags & Accessories,35.0,283017.28,28
2024.0,8.0,904.5 Meru WS,Bath & Linens,5.0,64224.14,5
2024.0,8.0,904.5 Meru WS,Bulk Items,18.0,69827.6,8
2024.0,8.0,904.5 Meru WS,Dresses & Skirts,10.0,80172.41,10
2024.0,8.0,904.5 Meru WS,Footwear,64.0,334655.11,38
2024.0,8.0,904.5 Meru WS,Home Textiles,9.0,89224.15,9
2024.0,8.0,904.5 Meru WS,Kids Wear,69.0,579482.79,46
2024.0,8.0,904.5 Meru WS,Miscellaneous,65.0,396724.1,50
2024.0,8.0,904.5 Meru WS,Mixed Clothing,20.0,120431.05,20
2024.0,8.0,904.5 Meru WS,Outerwear,126.0,974827.5599999999,84
2024.0,8.0,904.5 Meru WS,Pants & Bottoms,94.0,810775.85,75
2024.0,8.0,904.5 Meru WS,Shirts & Tops,96.0,807500.05,78
2024.0,8.0,904.5 Meru WS,Sports Wear,4.0,37931.04,4
2024.0,8.0,904.5 Meru WS,Underwear & Basics,2.0,15517.24,2
2024.0,8.0,904.5 Meru WS,Work Wear,1.0,14224.14,1
2024.0,8.0,905 - Eldoret,Bags & Accessories,30.0,268879.32,21
2024.0,8.0,905 - Eldoret,Bath & Linens,5.0,67672.42,5
2024.0,8.0,905 - Eldoret,Bulk Items,10.0,124569.01,10
2024.0,8.0,905 - Eldoret,Dresses & Skirts,15.0,115258.62000000001,10
2024.0,8.0,905 - Eldoret,Footwear,109.0,546120.67,24
2024.0,8.0,905 - Eldoret,Home Textiles,13.0,187241.38,9
2024.0,8.0,905 - Eldoret,Kids Wear,154.0,1484224.12,61
2024.0,8.0,905 - Eldoret,Miscellaneous,133.0,766034.48,35
2024.0,8.0,905 - Eldoret,Mixed Clothing,20.0,116293.1,15
2024.0,8.0,905 - Eldoret,Outerwear,133.0,965689.7,93
2024.0,8.0,905 - Eldoret,Pants & Bottoms,116.0,934396.55,55
2024.0,8.0,905 - Eldoret,Shirts & Tops,62.0,537672.37,52
2024.0,8.0,905 - Eldoret,Sports Wear,6.0,56896.56,4
2024.0,8.0,905 - Eldoret,Underwear & Basics,8.0,62068.96,8
2024.0,8.0,905 - Eldoret,Work Wear,4.0,54827.58,3
2024.0,8.0,906 - Kisii,Bags & Accessories,5.0,37327.59,5
2024.0,8.0,906 - Kisii,Bath & Linens,8.0,109051.73,8
2024.0,8.0,906 - Kisii,Bulk Items,5.0,60344.84,4
2024.0,8.0,906 - Kisii,Dresses & Skirts,5.0,37500.0,4
2024.0,8.0,906 - Kisii,Footwear,10.0,51724.13,6
2024.0,8.0,906 - Kisii,Home Textiles,20.0,256724.16,14
2024.0,8.0,906 - Kisii,Kids Wear,92.0,778793.09,31
2024.0,8.0,906 - Kisii,Miscellaneous,97.0,568793.1,29
2024.0,8.0,906 - Kisii,Mixed Clothing,28.0,154224.13999999998,20
2024.0,8.0,906 - Kisii,Outerwear,36.0,248879.31,19
2024.0,8.0,906 - Kisii,Pants & Bottoms,61.0,507327.55,35
2024.0,8.0,906 - Kisii,Shirts & Tops,54.0,433189.64,42
2024.0,8.0,907-Kisumu WS,Bags & Accessories,21.0,171810.36,13
2024.0,8.0,907-Kisumu WS,Bath & Linens,4.0,50862.08,4
2024.0,8.0,907-Kisumu WS,Bulk Items,12.0,88793.12,7
2024.0,8.0,907-Kisumu WS,Dresses & Skirts,17.0,134913.79,14
2024.0,8.0,907-Kisumu WS,Footwear,29.0,144396.48,23
2024.0,8.0,907-Kisumu WS,Home Textiles,30.0,291293.15,24
2024.0,8.0,907-Kisumu WS,Kids Wear,206.0,1648620.68,73
2024.0,8.0,907-Kisumu WS,Miscellaneous,90.0,520344.80000000005,28
2024.0,8.0,907-Kisumu WS,Mixed Clothing,35.0,203793.07,23
2024.0,8.0,907-Kisumu WS,Outerwear,107.0,770258.66,63
2024.0,8.0,907-Kisumu WS,Pants & Bottoms,119.0,1004137.88,76
2024.0,8.0,907-Kisumu WS,Shirts & Tops,47.0,369310.37,29
2024.0,8.0,907-Kisumu WS,Sports Wear,5.0,45689.66,3
2024.0,8.0,907-Kisumu WS,Underwear & Basics,3.0,23275.86,3
2024.0,8.0,907-Kisumu WS,Work Wear,2.0,27586.2,2
2024.0,8.0,910 - Kitale,Bags & Accessories,22.0,165086.23,20
2024.0,8.0,910 - Kitale,Bath & Linens,7.0,93965.53,6
2024.0,8.0,910 - Kitale,Bulk Items,29.0,95689.66,7
2024.0,8.0,910 - Kitale,Dresses & Skirts,11.0,91379.32,10
2024.0,8.0,910 - Kitale,Footwear,34.0,188965.47,24
2024.0,8.0,910 - Kitale,Home Textiles,7.0,89655.18,7
2024.0,8.0,910 - Kitale,Kids Wear,148.0,1233275.92,100
2024.0,8.0,910 - Kitale,Miscellaneous,60.0,350000.01,48
2024.0,8.0,910 - Kitale,Mixed Clothing,28.0,149999.97,16
2024.0,8.0,910 - Kitale,Outerwear,78.0,552155.14,60
2024.0,8.0,910 - Kitale,Pants & Bottoms,91.0,783103.43,61
2024.0,8.0,910 - Kitale,Shirts & Tops,78.0,628017.25,57
2024.0,8.0,910 - Kitale,Sports Wear,8.0,72068.97,4
2024.0,8.0,910 - Kitale,Underwear & Basics,2.0,15517.24,2
2024.0,8.0,910 - Kitale,Work Wear,2.0,27586.2,2
2024.0,8.0,913 -Kakamega WS,Bags & Accessories,16.0,138793.1,14
2024.0,8.0,913 -Kakamega WS,Bath & Linens,1.0,12068.97,1
2024.0,8.0,913 -Kakamega WS,Bulk Items,5.0,63793.11,4
2024.0,8.0,913 -Kakamega WS,Dresses & Skirts,14.0,116551.73,12
2024.0,8.0,913 -Kakamega WS,Footwear,7.0,36206.89,4
2024.0,8.0,913 -Kakamega WS,Home Textiles,2.0,25862.07,2
2024.0,8.0,913 -Kakamega WS,Kids Wear,136.0,1105948.24,53
2024.0,8.0,913 -Kakamega WS,Miscellaneous,60.0,343534.49,21
2024.0,8.0,913 -Kakamega WS,Mixed Clothing,31.0,167413.78,12
2024.0,8.0,913 -Kakamega WS,Outerwear,92.0,674051.74,53
2024.0,8.0,913 -Kakamega WS,Pants & Bottoms,78.0,622844.85,44
2024.0,8.0,913 -Kakamega WS,Shirts & Tops,66.0,547844.89,51
2024.0,8.0,913 -Kakamega WS,Sports Wear,1.0,9051.72,1
2024.0,8.0,913 -Kakamega WS,Work Wear,1.0,13793.1,1
2024.0,8.0,914-EMBU WS,Bags & Accessories,7.0,48275.87,6
2024.0,8.0,914-EMBU WS,Bath & Linens,2.0,29310.34,2
2024.0,8.0,914-EMBU WS,Bulk Items,7.0,51293.11,6
2024.0,8.0,914-EMBU WS,Dresses & Skirts,14.0,130086.22,14
2024.0,8.0,914-EMBU WS,Footwear,1.0,5172.41,1
2024.0,8.0,914-EMBU WS,Home Textiles,4.0,57758.61,3
2024.0,8.0,914-EMBU WS,Kids Wear,46.0,429827.58,40
2024.0,8.0,914-EMBU WS,Miscellaneous,25.0,169396.53999999998,15
2024.0,8.0,914-EMBU WS,Mixed Clothing,15.0,90517.26,14
2024.0,8.0,914-EMBU WS,Outerwear,50.0,366637.9,49
2024.0,8.0,914-EMBU WS,Pants & Bottoms,39.0,320344.8,32
2024.0,8.0,914-EMBU WS,Shirts & Tops,49.0,423706.91,43
2024.0,8.0,914-EMBU WS,Sports Wear,1.0,10344.83,1
2024.0,8.0,914-EMBU WS,Work Wear,1.0,13793.1,1
2024.0,8.0,915-NANYUKI WS,Bath & Linens,1.0,12500.0,1
2024.0,8.0,915-NANYUKI WS,Bulk Items,1.0,5603.45,1
2024.0,8.0,915-NANYUKI WS,Footwear,6.0,35948.27,4
2024.0,8.0,915-NANYUKI WS,Home Textiles,1.0,7327.59,1
2024.0,8.0,915-NANYUKI WS,Kids Wear,1.0,7327.59,1
2024.0,8.0,915-NANYUKI WS,Miscellaneous,1.0,6465.52,1
2024.0,8.0,915-NANYUKI WS,Mixed Clothing,2.0,11206.9,2
2024.0,8.0,915-NANYUKI WS,Outerwear,18.0,148362.05,16
2024.0,8.0,915-NANYUKI WS,Pants & Bottoms,9.0,73706.9,7
2024.0,8.0,915-NANYUKI WS,Shirts & Tops,9.0,81034.49,6
2024.0,8.0,99 Warehouse,Bags & Accessories,65.0,676853.44,28
2024.0,8.0,99 Warehouse,Bath & Linens,45.0,584650.79,39
2024.0,8.0,99 Warehouse,Bulk Items,664.0,1986702.6300000001,137
2024.0,8.0,99 Warehouse,Dresses & Skirts,72.0,575172.4,46
2024.0,8.0,99 Warehouse,Footwear,593.0,3496120.68,17
2024.0,8.0,99 Warehouse,Home Textiles,38.0,555318.98,13
2024.0,8.0,99 Warehouse,Kids Wear,487.0,4661620.57,145
2024.0,8.0,99 Warehouse,Leather Goods,19.0,147844.83000000002,3
2024.0,8.0,99 Warehouse,Miscellaneous,335.0,2508870.65,46
2024.0,8.0,99 Warehouse,Mixed Clothing,22.0,274137.94,8
2024.0,8.0,99 Warehouse,Outerwear,342.0,2297633.61,102
2024.0,8.0,99 Warehouse,Pants & Bottoms,483.0,3932280.25,262
2024.0,8.0,99 Warehouse,Shirts & Tops,793.0,6367926.95,303
2024.0,8.0,99 Warehouse,Sports Wear,17.0,146551.73,10
2024.0,8.0,99 Warehouse,Underwear & Basics,11.0,153060.34,5
2024.0,8.0,99 Warehouse,Work Wear,40.0,525517.29,36
2024.0,9.0,901 - Gikomba,Bags & Accessories,29.0,260344.84,14
2024.0,9.0,901 - Gikomba,Bath & Linens,12.0,174568.95,11
2024.0,9.0,901 - Gikomba,Bulk Items,13.0,169827.59,8
2024.0,9.0,901 - Gikomba,Dresses & Skirts,26.0,246982.74000000002,16
2024.0,9.0,901 - Gikomba,Footwear,15.0,106896.56,7
2024.0,9.0,901 - Gikomba,Home Textiles,15.0,199137.95,10
2024.0,9.0,901 - Gikomba,Kids Wear,48.0,501379.29000000004,16
2024.0,9.0,901 - Gikomba,Miscellaneous,11.0,59051.719999999994,7
2024.0,9.0,901 - Gikomba,Mixed Clothing,11.0,160775.87,5
2024.0,9.0,901 - Gikomba,Outerwear,198.0,1838362.05,39
2024.0,9.0,901 - Gikomba,Pants & Bottoms,189.0,1576120.64,86
2024.0,9.0,901 - Gikomba,Shirts & Tops,380.0,2867844.92,67
2024.0,9.0,901 - Gikomba,Sports Wear,8.0,80172.42,4
2024.0,9.0,901 - Gikomba,Underwear & Basics,1.0,7758.62,1
2024.0,9.0,901 - Gikomba,Work Wear,6.0,82758.62,3
2024.0,9.0,904 - Kericho,Bags & Accessories,17.0,132155.17,14
2024.0,9.0,904 - Kericho,Bath & Linens,4.0,58620.69,3
2024.0,9.0,904 - Kericho,Bulk Items,9.0,112069.0,9
2024.0,9.0,904 - Kericho,Dresses & Skirts,11.0,97413.79000000001,9
2024.0,9.0,904 - Kericho,Footwear,34.0,189310.32,18
2024.0,9.0,904 - Kericho,Home Textiles,8.0,131465.53,7
2024.0,9.0,904 - Kericho,Kids Wear,200.0,1641465.49,68
2024.0,9.0,904 - Kericho,Miscellaneous,34.0,184482.74,16
2024.0,9.0,904 - Kericho,Mixed Clothing,16.0,96120.67,13
2024.0,9.0,904 - Kericho,Outerwear,203.0,1469827.6,73
2024.0,9.0,904 - Kericho,Pants & Bottoms,96.0,714655.16,44
2024.0,9.0,904 - Kericho,Shirts & Tops,78.0,603017.24,41
2024.0,9.0,904 - Kericho,Underwear & Basics,1.0,7758.62,1
2024.0,9.0,904 - Kericho,Work Wear,7.0,94396.55,5
2024.0,9.0,904.5 Meru WS,Bags & Accessories,15.0,118793.13,14
2024.0,9.0,904.5 Meru WS,Bath & Linens,8.0,117672.41,8
2024.0,9.0,904.5 Meru WS,Bulk Items,44.0,99655.19,15
2024.0,9.0,904.5 Meru WS,Dresses & Skirts,10.0,88448.28,9
2024.0,9.0,904.5 Meru WS,Footwear,37.0,195689.6,21
2024.0,9.0,904.5 Meru WS,Home Textiles,10.0,126120.72,10
2024.0,9.0,904.5 Meru WS,Kids Wear,46.0,479827.58,41
2024.0,9.0,904.5 Meru WS,Miscellaneous,55.0,338103.41,44
2024.0,9.0,904.5 Meru WS,Mixed Clothing,16.0,101724.15,13
2024.0,9.0,904.5 Meru WS,Outerwear,135.0,1034568.94,76
2024.0,9.0,904.5 Meru WS,Pants & Bottoms,88.0,768189.65,72
2024.0,9.0,904.5 Meru WS,Shirts & Tops,73.0,630344.91,58
2024.0,9.0,904.5 Meru WS,Sports Wear,5.0,47413.8,4
2024.0,9.0,904.5 Meru WS,Underwear & Basics,1.0,7758.62,1
2024.0,9.0,904.5 Meru WS,Work Wear,7.0,99137.91,7
2024.0,9.0,905 - Eldoret,Bags & Accessories,31.0,250517.26,23
2024.0,9.0,905 - Eldoret,Bath & Linens,8.0,112068.97,5
2024.0,9.0,905 - Eldoret,Bulk Items,11.0,143965.55,10
2024.0,9.0,905 - Eldoret,Dresses & Skirts,11.0,84913.79000000001,8
2024.0,9.0,905 - Eldoret,Footwear,65.0,333189.62,28
2024.0,9.0,905 - Eldoret,Home Textiles,23.0,317241.37,12
2024.0,9.0,905 - Eldoret,Kids Wear,139.0,1404224.1300000001,60
2024.0,9.0,905 - Eldoret,Miscellaneous,88.0,605948.26,22
2024.0,9.0,905 - Eldoret,Mixed Clothing,20.0,131896.54,19
2024.0,9.0,905 - Eldoret,Outerwear,136.0,975862.09,63
2024.0,9.0,905 - Eldoret,Pants & Bottoms,90.0,749913.82,45
2024.0,9.0,905 - Eldoret,Shirts & Tops,51.0,413793.08,42
2024.0,9.0,905 - Eldoret,Sports Wear,4.0,35344.83,3
2024.0,9.0,905 - Eldoret,Underwear & Basics,4.0,31034.48,3
2024.0,9.0,905 - Eldoret,Work Wear,6.0,81896.53,6
2024.0,9.0,906 - Kisii,Bags & Accessories,47.0,282327.59,6
2024.0,9.0,906 - Kisii,Bath & Linens,10.0,133275.87,9
2024.0,9.0,906 - Kisii,Bulk Items,7.0,87931.05,6
2024.0,9.0,906 - Kisii,Dresses & Skirts,6.0,43965.51,5
2024.0,9.0,906 - Kisii,Footwear,13.0,66379.3,7
2024.0,9.0,906 - Kisii,Home Textiles,23.0,323706.93,20
2024.0,9.0,906 - Kisii,Kids Wear,71.0,738793.09,36
2024.0,9.0,906 - Kisii,Miscellaneous,80.0,499137.93,23
2024.0,9.0,906 - Kisii,Mixed Clothing,14.0,77500.01,12
2024.0,9.0,906 - Kisii,Outerwear,36.0,242413.77,18
2024.0,9.0,906 - Kisii,Pants & Bottoms,78.0,641379.29,37
2024.0,9.0,906 - Kisii,Shirts & Tops,60.0,444827.58,36
2024.0,9.0,906 - Kisii,Work Wear,4.0,53448.270000000004,3
2024.0,9.0,907-Kisumu WS,Bags & Accessories,48.0,333362.08,23
2024.0,9.0,907-Kisumu WS,Bath & Linens,8.0,114224.13,7
2024.0,9.0,907-Kisumu WS,Bulk Items,9.0,116379.32,7
2024.0,9.0,907-Kisumu WS,Dresses & Skirts,14.0,108362.09,12
2024.0,9.0,907-Kisumu WS,Footwear,18.0,92241.34,15
2024.0,9.0,907-Kisumu WS,Home Textiles,25.0,240862.1,17
2024.0,9.0,907-Kisumu WS,Kids Wear,155.0,1338793.09,61
2024.0,9.0,907-Kisumu WS,Miscellaneous,67.0,375775.83999999997,24
2024.0,9.0,907-Kisumu WS,Mixed Clothing,46.0,261637.91999999998,18
2024.0,9.0,907-Kisumu WS,Outerwear,110.0,812155.17,48
2024.0,9.0,907-Kisumu WS,Pants & Bottoms,111.0,937155.14,73
2024.0,9.0,907-Kisumu WS,Shirts & Tops,53.0,427931.04,38
2024.0,9.0,907-Kisumu WS,Sports Wear,2.0,18965.52,2
2024.0,9.0,907-Kisumu WS,Underwear & Basics,3.0,23275.86,3
2024.0,9.0,907-Kisumu WS,Work Wear,6.0,82327.58,5
2024.0,9.0,910 - Kitale,Bags & Accessories,36.0,304568.99,26
2024.0,9.0,910 - Kitale,Bath & Linens,9.0,121120.70999999999,8
2024.0,9.0,910 - Kitale,Bulk Items,18.0,112500.02,8
2024.0,9.0,910 - Kitale,Dresses & Skirts,8.0,80172.42,7
2024.0,9.0,910 - Kitale,Footwear,30.0,162758.56,23
2024.0,9.0,910 - Kitale,Home Textiles,15.0,161206.91,14
2024.0,9.0,910 - Kitale,Kids Wear,152.0,1277844.76,108
2024.0,9.0,910 - Kitale,Miscellaneous,34.0,203448.3,27
2024.0,9.0,910 - Kitale,Mixed Clothing,34.0,184913.74,24
2024.0,9.0,910 - Kitale,Outerwear,85.0,617672.38,65
2024.0,9.0,910 - Kitale,Pants & Bottoms,94.0,781293.13,66
2024.0,9.0,910 - Kitale,Shirts & Tops,72.0,609051.7,68
2024.0,9.0,910 - Kitale,Sports Wear,6.0,50862.07,6
2024.0,9.0,910 - Kitale,Work Wear,5.0,68965.51999999999,3
2024.0,9.0,913 -Kakamega WS,Bags & Accessories,47.0,457327.58,20
2024.0,9.0,913 -Kakamega WS,Bath & Linens,6.0,83189.65,5
2024.0,9.0,913 -Kakamega WS,Bulk Items,6.0,75862.08,5
2024.0,9.0,913 -Kakamega WS,Dresses & Skirts,14.0,128448.29,12
2024.0,9.0,913 -Kakamega WS,Footwear,8.0,39655.16,5
2024.0,9.0,913 -Kakamega WS,Home Textiles,5.0,60344.83,5
2024.0,9.0,913 -Kakamega WS,Kids Wear,94.0,713448.29,51
2024.0,9.0,913 -Kakamega WS,Miscellaneous,27.0,150517.21,20
2024.0,9.0,913 -Kakamega WS,Mixed Clothing,19.0,100862.06,13
2024.0,9.0,913 -Kakamega WS,Outerwear,95.0,740431.03,44
2024.0,9.0,913 -Kakamega WS,Pants & Bottoms,91.0,754568.99,50
2024.0,9.0,913 -Kakamega WS,Shirts & Tops,53.0,433189.66000000003,46
2024.0,9.0,913 -Kakamega WS,Sports Wear,2.0,17672.41,2
2024.0,9.0,913 -Kakamega WS,Underwear & Basics,1.0,7758.62,1
2024.0,9.0,913 -Kakamega WS,Work Wear,6.0,82758.62,4
2024.0,9.0,914-EMBU WS,Bags & Accessories,2.0,14655.17,2
2024.0,9.0,914-EMBU WS,Bath & Linens,3.0,40517.25,3
2024.0,9.0,914-EMBU WS,Bulk Items,6.0,53017.24,6
2024.0,9.0,914-EMBU WS,Dresses & Skirts,9.0,82068.97,8
2024.0,9.0,914-EMBU WS,Footwear,3.0,15948.27,3
2024.0,9.0,914-EMBU WS,Home Textiles,5.0,42241.38,4
2024.0,9.0,914-EMBU WS,Kids Wear,25.0,260258.61000000002,23
2024.0,9.0,914-EMBU WS,Miscellaneous,20.0,137327.57,13
2024.0,9.0,914-EMBU WS,Mixed Clothing,10.0,69396.56,10
2024.0,9.0,914-EMBU WS,Outerwear,27.0,196724.09,23
2024.0,9.0,914-EMBU WS,Pants & Bottoms,27.0,228706.89,25
2024.0,9.0,914-EMBU WS,Shirts & Tops,35.0,263965.52999999997,33
2024.0,9.0,914-EMBU WS,Sports Wear,1.0,9482.76,1
2024.0,9.0,914-EMBU WS,Underwear & Basics,3.0,23275.86,3
2024.0,9.0,914-EMBU WS,Work Wear,3.0,41379.31,2
2024.0,9.0,915-NANYUKI WS,Dresses & Skirts,1.0,8620.69,1
2024.0,9.0,915-NANYUKI WS,Footwear,5.0,25862.05,5
2024.0,9.0,915-NANYUKI WS,Home Textiles,1.0,7758.62,1
2024.0,9.0,915-NANYUKI WS,Miscellaneous,1.0,6034.48,1
2024.0,9.0,915-NANYUKI WS,Mixed Clothing,1.0,6465.52,1
2024.0,9.0,915-NANYUKI WS,Outerwear,2.0,17241.38,2
2024.0,9.0,915-NANYUKI WS,Pants & Bottoms,2.0,19224.13,2
2024.0,9.0,915-NANYUKI WS,Shirts & Tops,1.0,12068.97,1
2024.0,9.0,99 Warehouse,Bags & Accessories,29.0,363336.18,24
2024.0,9.0,99 Warehouse,Bath & Linens,131.0,1828405.09,78
2024.0,9.0,99 Warehouse,Bulk Items,616.0,2081379.4,154
2024.0,9.0,99 Warehouse,Dresses & Skirts,61.0,463840.51,31
2024.0,9.0,99 Warehouse,Footwear,985.0,5569396.5600000005,28
2024.0,9.0,99 Warehouse,Home Textiles,52.0,552396.5700000001,11
2024.0,9.0,99 Warehouse,Kids Wear,470.0,4767793.07,143
2024.0,9.0,99 Warehouse,Leather Goods,29.0,222413.78999999998,6
2024.0,9.0,99 Warehouse,Miscellaneous,425.0,3083534.48,33
2024.0,9.0,99 Warehouse,Mixed Clothing,67.0,781896.56,13
2024.0,9.0,99 Warehouse,Outerwear,595.0,3864392.2600000002,113
2024.0,9.0,99 Warehouse,Pants & Bottoms,649.0,5227077.61,299
2024.0,9.0,99 Warehouse,Shirts & Tops,631.0,5358577.73,240
2024.0,9.0,99 Warehouse,Sports Wear,40.0,344655.18,28
2024.0,9.0,99 Warehouse,Underwear & Basics,13.0,191896.54,5
2024.0,9.0,99 Warehouse,Work Wear,55.0,715862.12,31
2024.0,10.0,901 - Gikomba,Bags & Accessories,18.0,128448.3,13
2024.0,10.0,901 - Gikomba,Bath & Linens,10.0,142672.41,8
2024.0,10.0,901 - Gikomba,Bulk Items,10.0,162931.04,5
2024.0,10.0,901 - Gikomba,Dresses & Skirts,11.0,93103.44,7
2024.0,10.0,901 - Gikomba,Footwear,33.0,187068.96,5
2024.0,10.0,901 - Gikomba,Home Textiles,17.0,145258.64,7
2024.0,10.0,901 - Gikomba,Kids Wear,22.0,218103.44,13
2024.0,10.0,901 - Gikomba,Leather Goods,2.0,16379.31,1
2024.0,10.0,901 - Gikomba,Miscellaneous,4.0,22844.829999999998,3
2024.0,10.0,901 - Gikomba,Mixed Clothing,14.0,131465.52000000002,6
2024.0,10.0,901 - Gikomba,Outerwear,79.0,686637.91,23
2024.0,10.0,901 - Gikomba,Pants & Bottoms,94.0,790517.22,42
2024.0,10.0,901 - Gikomba,Shirts & Tops,248.0,1747413.8,40
2024.0,10.0,901 - Gikomba,Sports Wear,3.0,27586.199999999997,3
2024.0,10.0,901 - Gikomba,Work Wear,6.0,82758.63,3
2024.0,10.0,904 - Kericho,Bags & Accessories,14.0,128275.86,12
2024.0,10.0,904 - Kericho,Bath & Linens,3.0,43103.45,3
2024.0,10.0,904 - Kericho,Bulk Items,4.0,48275.88,4
2024.0,10.0,904 - Kericho,Dresses & Skirts,4.0,34482.770000000004,4
2024.0,10.0,904 - Kericho,Footwear,22.0,113793.06999999999,14
2024.0,10.0,904 - Kericho,Home Textiles,9.0,117931.05,8
2024.0,10.0,904 - Kericho,Kids Wear,96.0,799913.77,40
2024.0,10.0,904 - Kericho,Miscellaneous,37.0,208275.82,22
2024.0,10.0,904 - Kericho,Mixed Clothing,14.0,79741.35,10
2024.0,10.0,904 - Kericho,Outerwear,122.0,881810.34,54
2024.0,10.0,904 - Kericho,Pants & Bottoms,34.0,274137.9,21
2024.0,10.0,904 - Kericho,Shirts & Tops,35.0,282327.57,22
2024.0,10.0,904 - Kericho,Sports Wear,1.0,8620.69,1
2024.0,10.0,904 - Kericho,Underwear & Basics,2.0,14224.14,2
2024.0,10.0,904 - Kericho,Work Wear,2.0,27155.17,2
2024.0,10.0,904.5 Meru WS,Bags & Accessories,17.0,111206.91,15
2024.0,10.0,904.5 Meru WS,Bath & Linens,6.0,83620.68,6
2024.0,10.0,904.5 Meru WS,Bulk Items,24.0,54568.979999999996,8
2024.0,10.0,904.5 Meru WS,Dresses & Skirts,4.0,32155.170000000002,3
2024.0,10.0,904.5 Meru WS,Footwear,59.0,307327.52999999997,37
2024.0,10.0,904.5 Meru WS,Home Textiles,4.0,41810.36,4
2024.0,10.0,904.5 Meru WS,Kids Wear,30.0,254137.91,25
2024.0,10.0,904.5 Meru WS,Miscellaneous,46.0,296120.67,32
2024.0,10.0,904.5 Meru WS,Mixed Clothing,15.0,101724.16,15
2024.0,10.0,904.5 Meru WS,Outerwear,76.0,578534.45,60
2024.0,10.0,904.5 Meru WS,Pants & Bottoms,86.0,768103.4500000001,70
2024.0,10.0,904.5 Meru WS,Shirts & Tops,46.0,386206.96,41
2024.0,10.0,904.5 Meru WS,Sports Wear,2.0,18965.52,1
2024.0,10.0,904.5 Meru WS,Work Wear,2.0,27586.2,2
2024.0,10.0,905 - Eldoret,Bags & Accessories,22.0,193793.11000000002,13
2024.0,10.0,905 - Eldoret,Bath & Linens,3.0,41810.34,3
2024.0,10.0,905 - Eldoret,Bulk Items,6.0,71982.78,6
2024.0,10.0,905 - Eldoret,Dresses & Skirts,11.0,92672.42,10
2024.0,10.0,905 - Eldoret,Footwear,68.0,344827.57,28
2024.0,10.0,905 - Eldoret,Home Textiles,9.0,120689.65000000001,5
2024.0,10.0,905 - Eldoret,Kids Wear,129.0,1140387.94,54
2024.0,10.0,905 - Eldoret,Miscellaneous,13.0,82500.0,9
2024.0,10.0,905 - Eldoret,Mixed Clothing,8.0,42241.369999999995,7
2024.0,10.0,905 - Eldoret,Outerwear,89.0,635344.85,63
2024.0,10.0,905 - Eldoret,Pants & Bottoms,63.0,484698.29,29
2024.0,10.0,905 - Eldoret,Shirts & Tops,43.0,340775.83999999997,38
2024.0,10.0,905 - Eldoret,Sports Wear,2.0,17241.38,2
2024.0,10.0,905 - Eldoret,Underwear & Basics,9.0,69827.58,8
2024.0,10.0,905 - Eldoret,Work Wear,3.0,41379.3,3
2024.0,10.0,906 - Kisii,Bags & Accessories,15.0,110603.45,9
2024.0,10.0,906 - Kisii,Bath & Linens,8.0,108620.69,6
2024.0,10.0,906 - Kisii,Bulk Items,3.0,36206.9,2
2024.0,10.0,906 - Kisii,Dresses & Skirts,7.0,53879.32,6
2024.0,10.0,906 - Kisii,Footwear,11.0,55172.42,5
2024.0,10.0,906 - Kisii,Home Textiles,14.0,166637.97,14
2024.0,10.0,906 - Kisii,Kids Wear,49.0,429827.58,29
2024.0,10.0,906 - Kisii,Miscellaneous,52.0,304008.6,18
2024.0,10.0,906 - Kisii,Mixed Clothing,11.0,69396.56,9
2024.0,10.0,906 - Kisii,Outerwear,52.0,357844.81,15
2024.0,10.0,906 - Kisii,Pants & Bottoms,41.0,325431.02,21
2024.0,10.0,906 - Kisii,Shirts & Tops,35.0,272844.8,27
2024.0,10.0,906 - Kisii,Sports Wear,1.0,9482.76,1
2024.0,10.0,906 - Kisii,Work Wear,2.0,27586.2,2
2024.0,10.0,907-Kisumu WS,Bags & Accessories,21.0,172068.96,16
2024.0,10.0,907-Kisumu WS,Bath & Linens,5.0,70689.65,5
2024.0,10.0,907-Kisumu WS,Bulk Items,11.0,77534.49,6
2024.0,10.0,907-Kisumu WS,Dresses & Skirts,8.0,60275.87,7
2024.0,10.0,907-Kisumu WS,Footwear,24.0,121551.69,16
2024.0,10.0,907-Kisumu WS,Home Textiles,13.0,150086.25,13
2024.0,10.0,907-Kisumu WS,Kids Wear,115.0,943620.66,66
2024.0,10.0,907-Kisumu WS,Miscellaneous,59.0,335775.86,20
2024.0,10.0,907-Kisumu WS,Mixed Clothing,23.0,117672.39,10
2024.0,10.0,907-Kisumu WS,Outerwear,73.0,524051.76,45
2024.0,10.0,907-Kisumu WS,Pants & Bottoms,67.0,572086.19,47
2024.0,10.0,907-Kisumu WS,Shirts & Tops,26.0,202689.67,21
2024.0,10.0,907-Kisumu WS,Sports Wear,2.0,18965.52,2
2024.0,10.0,907-Kisumu WS,Underwear & Basics,3.0,23275.86,3
2024.0,10.0,907-Kisumu WS,Work Wear,4.0,56034.479999999996,3
2024.0,10.0,910 - Kitale,Bags & Accessories,29.0,219827.61000000002,26
2024.0,10.0,910 - Kitale,Bath & Linens,6.0,79310.34,6
2024.0,10.0,910 - Kitale,Bulk Items,13.0,46551.73,2
2024.0,10.0,910 - Kitale,Dresses & Skirts,4.0,29310.34,3
2024.0,10.0,910 - Kitale,Footwear,19.0,96206.87,11
2024.0,10.0,910 - Kitale,Home Textiles,9.0,122844.84,9
2024.0,10.0,910 - Kitale,Kids Wear,123.0,982672.4400000001,92
2024.0,10.0,910 - Kitale,Miscellaneous,49.0,280517.3,41
2024.0,10.0,910 - Kitale,Mixed Clothing,22.0,120689.64,14
2024.0,10.0,910 - Kitale,Outerwear,74.0,503706.85,53
2024.0,10.0,910 - Kitale,Pants & Bottoms,47.0,409482.76,29
2024.0,10.0,910 - Kitale,Shirts & Tops,54.0,430775.87,44
2024.0,10.0,910 - Kitale,Sports Wear,4.0,35344.83,4
2024.0,10.0,910 - Kitale,Underwear & Basics,1.0,7327.59,1
2024.0,10.0,910 - Kitale,Work Wear,3.0,40517.23,3
2024.0,10.0,913 -Kakamega WS,Bags & Accessories,15.0,153017.24,13
2024.0,10.0,913 -Kakamega WS,Bath & Linens,5.0,67241.39,4
2024.0,10.0,913 -Kakamega WS,Bulk Items,7.0,91810.36,5
2024.0,10.0,913 -Kakamega WS,Dresses & Skirts,10.0,78448.29,10
2024.0,10.0,913 -Kakamega WS,Footwear,8.0,41379.28,8
2024.0,10.0,913 -Kakamega WS,Home Textiles,1.0,9913.79,1
2024.0,10.0,913 -Kakamega WS,Kids Wear,97.0,781637.92,52
2024.0,10.0,913 -Kakamega WS,Miscellaneous,42.0,231465.55,21
2024.0,10.0,913 -Kakamega WS,Mixed Clothing,16.0,89655.14,13
2024.0,10.0,913 -Kakamega WS,Outerwear,65.0,478620.7,37
2024.0,10.0,913 -Kakamega WS,Pants & Bottoms,56.0,459482.78,30
2024.0,10.0,913 -Kakamega WS,Shirts & Tops,39.0,324568.96,30
2024.0,10.0,913 -Kakamega WS,Work Wear,2.0,27586.2,2
2024.0,10.0,914-EMBU WS,Bags & Accessories,6.0,53448.28,6
2024.0,10.0,914-EMBU WS,Bath & Linens,3.0,41810.34,3
2024.0,10.0,914-EMBU WS,Bulk Items,17.0,91810.37,10
2024.0,10.0,914-EMBU WS,Dresses & Skirts,8.0,72844.83,7
2024.0,10.0,914-EMBU WS,Footwear,3.0,15517.23,3
2024.0,10.0,914-EMBU WS,Kids Wear,32.0,264051.7,29
2024.0,10.0,914-EMBU WS,Miscellaneous,15.0,93275.84999999999,15
2024.0,10.0,914-EMBU WS,Mixed Clothing,7.0,43103.45,7
2024.0,10.0,914-EMBU WS,Outerwear,30.0,206724.1,27
2024.0,10.0,914-EMBU WS,Pants & Bottoms,32.0,266896.54,26
2024.0,10.0,914-EMBU WS,Shirts & Tops,43.0,336637.94,42
2024.0,10.0,914-EMBU WS,Sports Wear,1.0,9482.76,1
2024.0,10.0,914-EMBU WS,Underwear & Basics,2.0,15517.24,2
2024.0,10.0,914-EMBU WS,Work Wear,2.0,27586.2,2
2024.0,10.0,915-NANYUKI WS,Footwear,1.0,5603.45,1
2024.0,10.0,915-NANYUKI WS,Kids Wear,5.0,74310.34,3
2024.0,10.0,915-NANYUKI WS,Pants & Bottoms,1.0,9482.76,1
2024.0,10.0,915-NANYUKI WS,Shirts & Tops,1.0,7758.62,1
2024.0,10.0,99 Warehouse,Bags & Accessories,29.0,315344.84,17
2024.0,10.0,99 Warehouse,Bath & Linens,34.0,472499.94,29
2024.0,10.0,99 Warehouse,Bulk Items,471.0,1075431.05,91
2024.0,10.0,99 Warehouse,Dresses & Skirts,60.0,524724.14,32
2024.0,10.0,99 Warehouse,Footwear,388.0,2105603.45,13
2024.0,10.0,99 Warehouse,Home Textiles,35.0,433189.66000000003,13
2024.0,10.0,99 Warehouse,Kids Wear,338.0,3235038.7800000003,92
2024.0,10.0,99 Warehouse,Leather Goods,15.0,118534.49,2
2024.0,10.0,99 Warehouse,Miscellaneous,183.0,1371939.65,15
2024.0,10.0,99 Warehouse,Mixed Clothing,18.0,196034.49000000002,6
2024.0,10.0,99 Warehouse,Outerwear,315.0,2051793.14,57
2024.0,10.0,99 Warehouse,Pants & Bottoms,359.0,2923974.18,145
2024.0,10.0,99 Warehouse,Shirts & Tops,471.0,3636982.81,137
2024.0,10.0,99 Warehouse,Sports Wear,20.0,176163.79,16
2024.0,10.0,99 Warehouse,Underwear & Basics,5.0,35905.17,3
2024.0,10.0,99 Warehouse,Work Wear,21.0,269181.05,14
2024.0,11.0,901 - Gikomba,Bags & Accessories,12.0,124568.97,8
2024.0,11.0,901 - Gikomba,Bath & Linens,10.0,142241.38,5
2024.0,11.0,901 - Gikomba,Bulk Items,10.0,129310.35,6
2024.0,11.0,901 - Gikomba,Dresses & Skirts,13.0,114224.12,11
2024.0,11.0,901 - Gikomba,Footwear,4.0,35344.83,2
2024.0,11.0,901 - Gikomba,Home Textiles,5.0,40948.29,3
2024.0,11.0,901 - Gikomba,Kids Wear,19.0,178017.25,9
2024.0,11.0,901 - Gikomba,Leather Goods,6.0,50431.04,3
2024.0,11.0,901 - Gikomba,Miscellaneous,6.0,34482.759999999995,5
2024.0,11.0,901 - Gikomba,Outerwear,61.0,569310.34,25
2024.0,11.0,901 - Gikomba,Pants & Bottoms,85.0,734482.75,36
2024.0,11.0,901 - Gikomba,Shirts & Tops,492.0,3370689.69,40
2024.0,11.0,901 - Gikomba,Sports Wear,7.0,68534.48,4
2024.0,11.0,901 - Gikomba,Work Wear,6.0,69827.58,4
2024.0,11.0,904 - Kericho,Bags & Accessories,17.0,121551.73000000001,11
2024.0,11.0,904 - Kericho,Bath & Linens,6.0,76724.16,6
2024.0,11.0,904 - Kericho,Bulk Items,10.0,127586.23999999999,10
2024.0,11.0,904 - Kericho,Dresses & Skirts,9.0,73706.9,9
2024.0,11.0,904 - Kericho,Footwear,22.0,130603.4,16
2024.0,11.0,904 - Kericho,Home Textiles,10.0,156896.57,9
2024.0,11.0,904 - Kericho,Kids Wear,188.0,1466379.27,56
2024.0,11.0,904 - Kericho,Miscellaneous,35.0,195258.6,11
2024.0,11.0,904 - Kericho,Mixed Clothing,14.0,80603.42,11
2024.0,11.0,904 - Kericho,Outerwear,176.0,1226465.51,59
2024.0,11.0,904 - Kericho,Pants & Bottoms,81.0,624568.96,33
2024.0,11.0,904 - Kericho,Shirts & Tops,60.0,473706.9,40
2024.0,11.0,904 - Kericho,Work Wear,3.0,40086.21,3
2024.0,11.0,904.5 Meru WS,Bags & Accessories,24.0,161465.54,22
2024.0,11.0,904.5 Meru WS,Bath & Linens,6.0,82758.62,6
2024.0,11.0,904.5 Meru WS,Bulk Items,38.0,91724.16,17
2024.0,11.0,904.5 Meru WS,Dresses & Skirts,3.0,23275.86,3
2024.0,11.0,904.5 Meru WS,Footwear,57.0,304741.31,42
2024.0,11.0,904.5 Meru WS,Home Textiles,8.0,115086.23000000001,8
2024.0,11.0,904.5 Meru WS,Kids Wear,46.0,413879.32,31
2024.0,11.0,904.5 Meru WS,Miscellaneous,41.0,250862.03999999998,32
2024.0,11.0,904.5 Meru WS,Mixed Clothing,12.0,84913.82,12
2024.0,11.0,904.5 Meru WS,Outerwear,77.0,578448.25,67
2024.0,11.0,904.5 Meru WS,Pants & Bottoms,96.0,808189.61,80
2024.0,11.0,904.5 Meru WS,Shirts & Tops,58.0,506724.18,47
2024.0,11.0,904.5 Meru WS,Sports Wear,2.0,18965.52,2
2024.0,11.0,904.5 Meru WS,Underwear & Basics,1.0,7758.62,1
2024.0,11.0,904.5 Meru WS,Work Wear,4.0,55172.4,4
2024.0,11.0,905 - Eldoret,Bags & Accessories,36.0,306120.71,23
2024.0,11.0,905 - Eldoret,Bath & Linens,5.0,65086.22,5
2024.0,11.0,905 - Eldoret,Bulk Items,14.0,175862.11,13
2024.0,11.0,905 - Eldoret,Dresses & Skirts,36.0,265948.26,11
2024.0,11.0,905 - Eldoret,Footwear,30.0,168793.08,19
2024.0,11.0,905 - Eldoret,Home Textiles,37.0,563362.06,18
2024.0,11.0,905 - Eldoret,Kids Wear,131.0,1390517.22,50
2024.0,11.0,905 - Eldoret,Miscellaneous,40.0,227155.16999999998,9
2024.0,11.0,905 - Eldoret,Mixed Clothing,17.0,102586.19,14
2024.0,11.0,905 - Eldoret,Outerwear,124.0,865517.29,69
2024.0,11.0,905 - Eldoret,Pants & Bottoms,142.0,1178017.23,48
2024.0,11.0,905 - Eldoret,Shirts & Tops,64.0,528534.46,52
2024.0,11.0,905 - Eldoret,Sports Wear,4.0,35344.83,3
2024.0,11.0,905 - Eldoret,Underwear & Basics,10.0,77586.2,9
2024.0,11.0,905 - Eldoret,Work Wear,4.0,55172.41,3
2024.0,11.0,906 - Kisii,Bags & Accessories,8.0,50862.08,8
2024.0,11.0,906 - Kisii,Bath & Linens,10.0,128017.25,7
2024.0,11.0,906 - Kisii,Bulk Items,6.0,72413.8,4
2024.0,11.0,906 - Kisii,Dresses & Skirts,6.0,53448.29,6
2024.0,11.0,906 - Kisii,Footwear,13.0,71551.72,7
2024.0,11.0,906 - Kisii,Home Textiles,24.0,363793.12,15
2024.0,11.0,906 - Kisii,Kids Wear,62.0,552499.96,29
2024.0,11.0,906 - Kisii,Miscellaneous,51.0,303017.25,21
2024.0,11.0,906 - Kisii,Mixed Clothing,21.0,112844.83,9
2024.0,11.0,906 - Kisii,Outerwear,32.0,227586.21,15
2024.0,11.0,906 - Kisii,Pants & Bottoms,74.0,653879.26,42
2024.0,11.0,906 - Kisii,Shirts & Tops,48.0,373706.89,39
2024.0,11.0,906 - Kisii,Sports Wear,2.0,22844.83,2
2024.0,11.0,906 - Kisii,Work Wear,2.0,27586.2,2
2024.0,11.0,907-Kisumu WS,Bags & Accessories,21.0,143534.47,10
2024.0,11.0,907-Kisumu WS,Bath & Linens,4.0,56896.55,3
2024.0,11.0,907-Kisumu WS,Bulk Items,14.0,107758.64,9
2024.0,11.0,907-Kisumu WS,Dresses & Skirts,17.0,132068.99,14
2024.0,11.0,907-Kisumu WS,Footwear,15.0,97413.76,13
2024.0,11.0,907-Kisumu WS,Home Textiles,40.0,438275.89,27
2024.0,11.0,907-Kisumu WS,Kids Wear,173.0,1455862.06,66
2024.0,11.0,907-Kisumu WS,Miscellaneous,57.0,327672.43,15
2024.0,11.0,907-Kisumu WS,Mixed Clothing,26.0,172413.79,17
2024.0,11.0,907-Kisumu WS,Outerwear,60.0,415862.08,34
2024.0,11.0,907-Kisumu WS,Pants & Bottoms,118.0,976551.73,73
2024.0,11.0,907-Kisumu WS,Shirts & Tops,55.0,414999.99,37
2024.0,11.0,907-Kisumu WS,Sports Wear,4.0,34741.380000000005,4
2024.0,11.0,907-Kisumu WS,Underwear & Basics,4.0,31034.48,4
2024.0,11.0,907-Kisumu WS,Work Wear,3.0,41379.3,3
2024.0,11.0,910 - Kitale,Bags & Accessories,20.0,156896.56,16
2024.0,11.0,910 - Kitale,Bath & Linens,7.0,89655.18,6
2024.0,11.0,910 - Kitale,Bulk Items,23.0,166810.36,10
2024.0,11.0,910 - Kitale,Dresses & Skirts,14.0,155603.45,10
2024.0,11.0,910 - Kitale,Footwear,24.0,131637.9,14
2024.0,11.0,910 - Kitale,Home Textiles,16.0,194396.57,11
2024.0,11.0,910 - Kitale,Kids Wear,127.0,1175948.23,78
2024.0,11.0,910 - Kitale,Miscellaneous,42.0,236982.77,24
2024.0,11.0,910 - Kitale,Mixed Clothing,15.0,87931.01,15
2024.0,11.0,910 - Kitale,Outerwear,62.0,420344.78,50
2024.0,11.0,910 - Kitale,Pants & Bottoms,87.0,728448.28,52
2024.0,11.0,910 - Kitale,Shirts & Tops,62.0,514051.73,52
2024.0,11.0,910 - Kitale,Underwear & Basics,1.0,7327.59,1
2024.0,11.0,910 - Kitale,Work Wear,2.0,27586.2,2
2024.0,11.0,913 -Kakamega WS,Bags & Accessories,16.0,140948.28,12
2024.0,11.0,913 -Kakamega WS,Bath & Linens,4.0,56034.48,3
2024.0,11.0,913 -Kakamega WS,Bulk Items,9.0,118534.49,7
2024.0,11.0,913 -Kakamega WS,Dresses & Skirts,11.0,98706.91,9
2024.0,11.0,913 -Kakamega WS,Footwear,11.0,55603.44,5
2024.0,11.0,913 -Kakamega WS,Home Textiles,4.0,28448.27,4
2024.0,11.0,913 -Kakamega WS,Kids Wear,101.0,818534.44,43
2024.0,11.0,913 -Kakamega WS,Miscellaneous,32.0,175862.07,12
2024.0,11.0,913 -Kakamega WS,Mixed Clothing,18.0,101293.09,10
2024.0,11.0,913 -Kakamega WS,Outerwear,55.0,430775.88,36
2024.0,11.0,913 -Kakamega WS,Pants & Bottoms,74.0,600000.03,43
2024.0,11.0,913 -Kakamega WS,Shirts & Tops,50.0,397413.8,35
2024.0,11.0,913 -Kakamega WS,Underwear & Basics,1.0,7758.62,1
2024.0,11.0,913 -Kakamega WS,Work Wear,1.0,13793.1,1
2024.0,11.0,914-EMBU WS,Bags & Accessories,4.0,34482.76,4
2024.0,11.0,914-EMBU WS,Bulk Items,6.0,62068.979999999996,6
2024.0,11.0,914-EMBU WS,Dresses & Skirts,11.0,95086.21,9
2024.0,11.0,914-EMBU WS,Footwear,11.0,58189.619999999995,11
2024.0,11.0,914-EMBU WS,Home Textiles,5.0,44741.36,5
2024.0,11.0,914-EMBU WS,Kids Wear,23.0,194655.16,17
2024.0,11.0,914-EMBU WS,Miscellaneous,13.0,79137.90999999999,12
2024.0,11.0,914-EMBU WS,Mixed Clothing,8.0,58189.659999999996,8
2024.0,11.0,914-EMBU WS,Outerwear,49.0,352241.27999999997,40
2024.0,11.0,914-EMBU WS,Pants & Bottoms,43.0,332586.2,29
2024.0,11.0,914-EMBU WS,Shirts & Tops,25.0,230603.48,23
2024.0,11.0,914-EMBU WS,Work Wear,2.0,27586.2,2
2024.0,11.0,915-NANYUKI WS,Bags & Accessories,4.0,25431.04,3
2024.0,11.0,915-NANYUKI WS,Bath & Linens,3.0,39224.14,3
2024.0,11.0,915-NANYUKI WS,Bulk Items,20.0,78448.29,11
2024.0,11.0,915-NANYUKI WS,Dresses & Skirts,2.0,19224.14,2
2024.0,11.0,915-NANYUKI WS,Footwear,28.0,147241.35,21
2024.0,11.0,915-NANYUKI WS,Home Textiles,10.0,77327.59,10
2024.0,11.0,915-NANYUKI WS,Kids Wear,16.0,141637.92,14
2024.0,11.0,915-NANYUKI WS,Miscellaneous,13.0,81982.75,11
2024.0,11.0,915-NANYUKI WS,Mixed Clothing,13.0,86206.9,13
2024.0,11.0,915-NANYUKI WS,Outerwear,44.0,346896.5,38
2024.0,11.0,915-NANYUKI WS,Pants & Bottoms,35.0,291293.06,32
2024.0,11.0,915-NANYUKI WS,Shirts & Tops,29.0,281034.52,22
2024.0,11.0,915-NANYUKI WS,Sports Wear,5.0,46982.76,5
2024.0,11.0,915-NANYUKI WS,Underwear & Basics,1.0,7758.62,1
2024.0,11.0,915-NANYUKI WS,Work Wear,1.0,13793.1,1
2024.0,11.0,99 Warehouse,Bags & Accessories,115.0,1150999.94,41
2024.0,11.0,99 Warehouse,Bath & Linens,122.0,1693232.74,77
2024.0,11.0,99 Warehouse,Bulk Items,848.0,2748900.94,170
2024.0,11.0,99 Warehouse,Dresses & Skirts,59.0,476637.9,22
2024.0,11.0,99 Warehouse,Footwear,618.0,3866379.31,19
2024.0,11.0,99 Warehouse,Home Textiles,57.0,639310.38,19
2024.0,11.0,99 Warehouse,Kids Wear,468.0,4632961.17,113
2024.0,11.0,99 Warehouse,Leather Goods,52.0,403448.28,3
2024.0,11.0,99 Warehouse,Miscellaneous,378.0,2763706.84,41
2024.0,11.0,99 Warehouse,Mixed Clothing,30.0,367931.03,8
2024.0,11.0,99 Warehouse,Outerwear,454.0,3106103.44,95
2024.0,11.0,99 Warehouse,Pants & Bottoms,572.0,4729405.12,266
2024.0,11.0,99 Warehouse,Shirts & Tops,671.0,5318750.1,210
2024.0,11.0,99 Warehouse,Sports Wear,38.0,328448.29000000004,31
2024.0,11.0,99 Warehouse,Underwear & Basics,3.0,21465.52,1
2024.0,11.0,99 Warehouse,Work Wear,48.0,629999.97,40
2024.0,12.0,901 - Gikomba,Bags & Accessories,9.0,109913.79000000001,7
2024.0,12.0,901 - Gikomba,Bath & Linens,4.0,56034.479999999996,4
2024.0,12.0,901 - Gikomba,Bulk Items,8.0,90517.25,5
2024.0,12.0,901 - Gikomba,Dresses & Skirts,12.0,103017.23000000001,10
2024.0,12.0,901 - Gikomba,Footwear,7.0,81896.55,6
2024.0,12.0,901 - Gikomba,Home Textiles,10.0,87068.97,3
2024.0,12.0,901 - Gikomba,Kids Wear,43.0,440948.27999999997,18
2024.0,12.0,901 - Gikomba,Leather Goods,14.0,114655.18,3
2024.0,12.0,901 - Gikomba,Miscellaneous,15.0,84482.75,11
2024.0,12.0,901 - Gikomba,Mixed Clothing,6.0,59913.79,3
2024.0,12.0,901 - Gikomba,Outerwear,90.0,718362.06,27
2024.0,12.0,901 - Gikomba,Pants & Bottoms,147.0,1207758.62,63
2024.0,12.0,901 - Gikomba,Shirts & Tops,708.0,4852155.24,63
2024.0,12.0,901 - Gikomba,Sports Wear,5.0,51724.14,4
2024.0,12.0,901 - Gikomba,Underwear & Basics,3.0,21982.760000000002,3
2024.0,12.0,901 - Gikomba,Work Wear,2.0,27586.21,1
2024.0,12.0,904 - Kericho,Bags & Accessories,14.0,125862.07,10
2024.0,12.0,904 - Kericho,Bath & Linens,5.0,60344.84,4
2024.0,12.0,904 - Kericho,Bulk Items,10.0,117241.4,9
2024.0,12.0,904 - Kericho,Dresses & Skirts,7.0,54741.37,7
2024.0,12.0,904 - Kericho,Footwear,13.0,71120.66,12
2024.0,12.0,904 - Kericho,Home Textiles,30.0,262931.05,10
2024.0,12.0,904 - Kericho,Kids Wear,182.0,1596810.3699999999,83
2024.0,12.0,904 - Kericho,Miscellaneous,49.0,251724.12,18
2024.0,12.0,904 - Kericho,Mixed Clothing,17.0,102155.16,11
2024.0,12.0,904 - Kericho,Outerwear,90.0,649741.34,55
2024.0,12.0,904 - Kericho,Pants & Bottoms,51.0,448275.84,28
2024.0,12.0,904 - Kericho,Shirts & Tops,59.0,426724.11,43
2024.0,12.0,904 - Kericho,Underwear & Basics,1.0,6896.55,1
2024.0,12.0,904.5 Meru WS,Bags & Accessories,17.0,130862.07,13
2024.0,12.0,904.5 Meru WS,Bath & Linens,1.0,12500.0,1
2024.0,12.0,904.5 Meru WS,Bulk Items,24.0,95172.44,13
2024.0,12.0,904.5 Meru WS,Dresses & Skirts,10.0,82931.03,8
2024.0,12.0,904.5 Meru WS,Footwear,32.0,179913.75,21
2024.0,12.0,904.5 Meru WS,Home Textiles,16.0,168706.91,15
2024.0,12.0,904.5 Meru WS,Kids Wear,47.0,438448.3,40
2024.0,12.0,904.5 Meru WS,Miscellaneous,64.0,409396.52,38
2024.0,12.0,904.5 Meru WS,Mixed Clothing,15.0,103879.31,15
2024.0,12.0,904.5 Meru WS,Outerwear,75.0,572931.06,61
2024.0,12.0,904.5 Meru WS,Pants & Bottoms,90.0,787844.85,73
2024.0,12.0,904.5 Meru WS,Shirts & Tops,74.0,636206.96,62
2024.0,12.0,904.5 Meru WS,Sports Wear,1.0,9482.76,1
2024.0,12.0,904.5 Meru WS,Underwear & Basics,2.0,14655.17,2
2024.0,12.0,904.5 Meru WS,Work Wear,1.0,13362.07,1
2024.0,12.0,905 - Eldoret,Bags & Accessories,17.0,136637.94,11
2024.0,12.0,905 - Eldoret,Bath & Linens,6.0,83189.65,6
2024.0,12.0,905 - Eldoret,Bulk Items,9.0,115948.3,8
2024.0,12.0,905 - Eldoret,Dresses & Skirts,8.0,59913.79,7
2024.0,12.0,905 - Eldoret,Footwear,15.0,78017.22,11
2024.0,12.0,905 - Eldoret,Home Textiles,29.0,471551.71,14
2024.0,12.0,905 - Eldoret,Kids Wear,159.0,1540603.49,73
2024.0,12.0,905 - Eldoret,Miscellaneous,90.0,494827.59,15
2024.0,12.0,905 - Eldoret,Mixed Clothing,11.0,69396.55,10
2024.0,12.0,905 - Eldoret,Outerwear,64.0,470431.07,47
2024.0,12.0,905 - Eldoret,Pants & Bottoms,92.0,790948.28,39
2024.0,12.0,905 - Eldoret,Shirts & Tops,64.0,509310.32,53
2024.0,12.0,905 - Eldoret,Sports Wear,5.0,44827.590000000004,5
2024.0,12.0,905 - Eldoret,Underwear & Basics,3.0,23275.86,3
2024.0,12.0,906 - Kisii,Bags & Accessories,5.0,33620.69,4
2024.0,12.0,906 - Kisii,Bath & Linens,10.0,125862.09,9
2024.0,12.0,906 - Kisii,Bulk Items,7.0,79310.36,6
2024.0,12.0,906 - Kisii,Dresses & Skirts,8.0,66810.35,7
2024.0,12.0,906 - Kisii,Footwear,4.0,23706.89,3
2024.0,12.0,906 - Kisii,Home Textiles,24.0,270086.23,15
2024.0,12.0,906 - Kisii,Kids Wear,87.0,813362.05,27
2024.0,12.0,906 - Kisii,Miscellaneous,72.0,423706.88,20
2024.0,12.0,906 - Kisii,Mixed Clothing,11.0,62327.58,8
2024.0,12.0,906 - Kisii,Outerwear,24.0,190948.27,12
2024.0,12.0,906 - Kisii,Pants & Bottoms,55.0,475431.04000000004,37
2024.0,12.0,906 - Kisii,Shirts & Tops,38.0,306896.56,30
2024.0,12.0,906 - Kisii,Underwear & Basics,1.0,21551.72,1
2024.0,12.0,906 - Kisii,Work Wear,1.0,13793.1,1
2024.0,12.0,907-Kisumu WS,Bags & Accessories,22.0,156034.49,14
2024.0,12.0,907-Kisumu WS,Bath & Linens,3.0,38793.11,3
2024.0,12.0,907-Kisumu WS,Bulk Items,17.0,175000.02,9
2024.0,12.0,907-Kisumu WS,Dresses & Skirts,14.0,108275.85,11
2024.0,12.0,907-Kisumu WS,Footwear,21.0,117672.37999999999,16
2024.0,12.0,907-Kisumu WS,Home Textiles,36.0,413534.51,27
2024.0,12.0,907-Kisumu WS,Kids Wear,144.0,1316724.14,61
2024.0,12.0,907-Kisumu WS,Leather Goods,2.0,16379.31,1
2024.0,12.0,907-Kisumu WS,Miscellaneous,89.0,502413.8,24
2024.0,12.0,907-Kisumu WS,Mixed Clothing,26.0,140086.2,14
2024.0,12.0,907-Kisumu WS,Outerwear,52.0,366120.68,30
2024.0,12.0,907-Kisumu WS,Pants & Bottoms,77.0,648879.29,52
2024.0,12.0,907-Kisumu WS,Shirts & Tops,30.0,242672.40000000002,22
2024.0,12.0,907-Kisumu WS,Sports Wear,3.0,27155.17,3
2024.0,12.0,907-Kisumu WS,Underwear & Basics,6.0,57758.61,6
2024.0,12.0,910 - Kitale,Bags & Accessories,31.0,212500.01,15
2024.0,12.0,910 - Kitale,Bath & Linens,7.0,87068.98999999999,7
2024.0,12.0,910 - Kitale,Bulk Items,31.0,95689.66,7
2024.0,12.0,910 - Kitale,Dresses & Skirts,12.0,115086.23,11
2024.0,12.0,910 - Kitale,Footwear,11.0,59396.54,7
2024.0,12.0,910 - Kitale,Home Textiles,11.0,126293.11,9
2024.0,12.0,910 - Kitale,Kids Wear,150.0,1350517.25,100
2024.0,12.0,910 - Kitale,Miscellaneous,61.0,342068.99,31
2024.0,12.0,910 - Kitale,Mixed Clothing,13.0,73275.84,11
2024.0,12.0,910 - Kitale,Outerwear,52.0,357758.58999999997,43
2024.0,12.0,910 - Kitale,Pants & Bottoms,68.0,565948.27,47
2024.0,12.0,910 - Kitale,Shirts & Tops,57.0,443965.51,44
2024.0,12.0,910 - Kitale,Sports Wear,2.0,16379.310000000001,2
2024.0,12.0,913 -Kakamega WS,Bags & Accessories,15.0,118103.45000000001,9
2024.0,12.0,913 -Kakamega WS,Bath & Linens,1.0,12068.97,1
2024.0,12.0,913 -Kakamega WS,Bulk Items,4.0,51724.14,3
2024.0,12.0,913 -Kakamega WS,Dresses & Skirts,12.0,108448.29,11
2024.0,12.0,913 -Kakamega WS,Footwear,11.0,57327.58,6
2024.0,12.0,913 -Kakamega WS,Home Textiles,1.0,18103.45,1
2024.0,12.0,913 -Kakamega WS,Kids Wear,86.0,762931.02,34
2024.0,12.0,913 -Kakamega WS,Miscellaneous,69.0,371293.12,24
2024.0,12.0,913 -Kakamega WS,Mixed Clothing,16.0,85344.81,12
2024.0,12.0,913 -Kakamega WS,Outerwear,49.0,375431.03,32
2024.0,12.0,913 -Kakamega WS,Pants & Bottoms,64.0,510344.82,42
2024.0,12.0,913 -Kakamega WS,Shirts & Tops,55.0,433448.29000000004,42
2024.0,12.0,913 -Kakamega WS,Sports Wear,1.0,8620.69,1
2024.0,12.0,914-EMBU WS,Bags & Accessories,9.0,78965.52,9
2024.0,12.0,914-EMBU WS,Bath & Linens,3.0,43103.45,3
2024.0,12.0,914-EMBU WS,Bulk Items,13.0,46982.76,8
2024.0,12.0,914-EMBU WS,Dresses & Skirts,6.0,49137.94,6
2024.0,12.0,914-EMBU WS,Home Textiles,2.0,17844.82,2
2024.0,12.0,914-EMBU WS,Kids Wear,32.0,298965.47000000003,28
2024.0,12.0,914-EMBU WS,Miscellaneous,14.0,82758.6,10
2024.0,12.0,914-EMBU WS,Mixed Clothing,6.0,52155.19,6
2024.0,12.0,914-EMBU WS,Outerwear,17.0,127758.62,15
2024.0,12.0,914-EMBU WS,Pants & Bottoms,29.0,252931.02000000002,24
2024.0,12.0,914-EMBU WS,Shirts & Tops,38.0,301379.31,36
2024.0,12.0,914-EMBU WS,Sports Wear,2.0,19827.59,2
2024.0,12.0,915-NANYUKI WS,Bags & Accessories,5.0,37586.21000000001,5
2024.0,12.0,915-NANYUKI WS,Bulk Items,12.0,39224.15,7
2024.0,12.0,915-NANYUKI WS,Dresses & Skirts,3.0,24568.97,3
2024.0,12.0,915-NANYUKI WS,Footwear,10.0,55603.45,8
2024.0,12.0,915-NANYUKI WS,Home Textiles,2.0,26293.11,2
2024.0,12.0,915-NANYUKI WS,Kids Wear,25.0,241034.48,21
2024.0,12.0,915-NANYUKI WS,Miscellaneous,6.0,37068.96,5
2024.0,12.0,915-NANYUKI WS,Mixed Clothing,4.0,25862.07,4
2024.0,12.0,915-NANYUKI WS,Outerwear,42.0,339741.35,37
2024.0,12.0,915-NANYUKI WS,Pants & Bottoms,40.0,337068.95,37
2024.0,12.0,915-NANYUKI WS,Shirts & Tops,19.0,169396.59,18
2024.0,12.0,915-NANYUKI WS,Sports Wear,6.0,55172.420000000006,5
2024.0,12.0,99 Warehouse,Bags & Accessories,68.0,684469.82,19
2024.0,12.0,99 Warehouse,Bath & Linens,112.0,1489978.35,71
2024.0,12.0,99 Warehouse,Bulk Items,559.0,1244849.1,82
2024.0,12.0,99 Warehouse,Dresses & Skirts,120.0,902439.67,53
2024.0,12.0,99 Warehouse,Footwear,164.0,1320129.29,12
2024.0,12.0,99 Warehouse,Home Textiles,64.0,657568.97,22
2024.0,12.0,99 Warehouse,Kids Wear,628.0,6307116.36,178
2024.0,12.0,99 Warehouse,Miscellaneous,62.0,425551.73000000004,12
2024.0,12.0,99 Warehouse,Mixed Clothing,58.0,679353.46,15
2024.0,12.0,99 Warehouse,Outerwear,266.0,1799198.31,56
2024.0,12.0,99 Warehouse,Pants & Bottoms,676.0,5620362.16,329
2024.0,12.0,99 Warehouse,Shirts & Tops,755.0,6408137.85,313
2024.0,12.0,99 Warehouse,Sports Wear,35.0,300948.27,26
2024.0,12.0,99 Warehouse,Underwear & Basics,11.0,77284.49,6
2024.0,12.0,99 Warehouse,Work Wear,10.0,134000.01,7
